country,iso3,year,g_whoregion,screen_data_available,newinc_con,newinc_con_screen,newinc_con_tb,prevtx_data_available,newinc_con_prevtx,newinc_con04_prevtx,newinc_con_prevtx_cmplt,country_notifications,g_whoregion_notifications,c_newinc,new_labconf,new_clindx,new_ep,country_drug_resistance,g_whoregion_drug_resistance,r_rlt_new,rr_new,dst_rlt_new,mdr_new,r_rlt_ret,rr_ret,dst_rlt_ret,mdr_ret,country_outcomes,g_whoregion_outcomes,newrel_coh,newrel_succ,newrel_fail,newrel_died,newrel_lost,c_new_tsr,rel_with_new_flg,contact_screening_rate,tpt_start_rate,tpt_completion_rate,rr_rate_new,mdr_rate_new,treatment_success_rate,treatment_death_rate,unsuccessful_rate,contact_screening_rate_edge_flag,tpt_start_rate_edge_flag,tpt_completion_rate_edge_flag,c_newinc_next_year,rr_rate_new_next_year,mdr_rate_new_next_year,c_new_tsr_next_year,newrel_coh_next_year,treatment_success_rate_next_year,treatment_death_rate_next_year,unsuccessful_rate_next_year,c_newinc_percent_change_next_year,low_c_newinc_flag,case_change_direction,temporal_analysis_cohort_flag
Aruba,ABW,2019,AMR,60.0,3.0,3.0,,0.0,,,,Aruba,AMR,2.0,1.0,0.0,1.0,Aruba,AMR,0.0,0.0,0.0,0.0,0.0,0.0,0.0,0.0,Aruba,AMR,,,,,,,0.0,1.0,,,,,,,,True,False,False,,,,,,,,,,True,,False
Aruba,ABW,2021,AMR,60.0,0.0,0.0,,0.0,,,,Aruba,AMR,6.0,6.0,0.0,0.0,Aruba,AMR,6.0,0.0,0.0,0.0,0.0,0.0,0.0,0.0,Aruba,AMR,,,,,,,,,,,0.0,,,,,False,False,False,,,,,,,,,,True,,False
Afghanistan,AFG,2019,EMR,60.0,32737.0,29469.0,,60.0,24701.0,24701.0,21505.0,Afghanistan,EMR,52438.0,24358.0,13698.0,13395.0,Afghanistan,EMR,5443.0,263.0,23.0,23.0,918.0,221.0,20.0,20.0,Afghanistan,EMR,52438.0,47789.0,391.0,747.0,698.0,91.0,1.0,0.9001741149158444,0.7545285151357791,0.8706125258086718,0.04831894176005879,,0.9113429192570274,0.014245394561196079,0.035012776993783135,False,False,False,45818.0,0.027303754266211604,0.18650088809946713,95.0,45818.0,0.947684316207604,0.014077436815225457,0.032214413549260114,-12.62443266333575,False,Rückgang,True
Afghanistan,AFG,2020,EMR,60.0,23336.0,2189.0,,60.0,23336.0,23336.0,20350.0,Afghanistan,EMR,45818.0,22888.0,10917.0,11401.0,Afghanistan,EMR,10255.0,280.0,563.0,105.0,642.0,144.0,,,Afghanistan,EMR,45818.0,43421.0,171.0,645.0,660.0,95.0,1.0,0.09380356530682207,1.0,0.8720431950634213,0.027303754266211604,0.18650088809946713,0.947684316207604,0.014077436815225457,0.032214413549260114,False,True,False,50324.0,0.02235853924210285,,93.0,50324.0,0.9256418408711549,0.01158492965583022,0.029469040616803117,9.834562835566809,False,Anstieg,True
Afghanistan,AFG,2021,EMR,60.0,35100.0,30482.0,,60.0,25360.0,25360.0,24092.0,Afghanistan,EMR,50324.0,24715.0,12254.0,12699.0,Afghanistan,EMR,17443.0,390.0,,,501.0,69.0,,,Afghanistan,EMR,50324.0,46582.0,264.0,583.0,636.0,93.0,1.0,0.8684330484330485,0.7225071225071225,0.95,0.02235853924210285,,0.9256418408711549,0.01158492965583022,0.029469040616803117,False,False,False,51749.0,0.052821242294926504,0.13440860215053763,95.0,50976.0,0.9464846202134338,0.01694915254237288,0.03391792215944758,2.831650902154042,False,Anstieg,True
Afghanistan,AFG,2022,EMR,60.0,366849.0,41754.0,7299.0,60.0,32250.0,32250.0,29670.0,Afghanistan,EMR,51749.0,25302.0,11908.0,13702.0,Afghanistan,EMR,10545.0,557.0,186.0,25.0,1367.0,87.0,286.0,47.0,Afghanistan,EMR,50976.0,48248.0,224.0,864.0,641.0,95.0,1.0,0.11381794689368105,0.08791082979645576,0.92,0.052821242294926504,0.13440860215053763,0.9464846202134338,0.01694915254237288,0.03391792215944758,False,False,False,49533.0,0.02120819538409865,0.013836136733586543,94.0,49533.0,0.9429269375971574,0.02016837260008479,0.03664223850766156,-4.282208351852209,False,Rückgang,True
Afghanistan,AFG,2023,EMR,1.0,225633.0,49109.0,5381.0,1.0,31423.0,31423.0,28121.0,Afghanistan,EMR,49533.0,24316.0,10976.0,13162.0,Afghanistan,EMR,20841.0,442.0,14744.0,204.0,969.0,70.0,181.0,70.0,Afghanistan,EMR,49533.0,46706.0,146.0,999.0,670.0,94.0,1.0,0.21764990050214286,0.13926597616483405,0.8949177354167329,0.02120819538409865,0.013836136733586543,0.9429269375971574,0.02016837260008479,0.03664223850766156,False,False,False,51319.0,0.015022496560443238,0.7163120567375887,,,,,,3.6056770233985422,False,Anstieg,True
Afghanistan,AFG,2024,EMR,1.0,248103.0,49292.0,4286.0,1.0,32896.0,32896.0,,Afghanistan,EMR,51319.0,26893.0,10305.0,12833.0,Afghanistan,EMR,26893.0,404.0,564.0,404.0,1038.0,46.0,206.0,46.0,,,,,,,,,,0.1986755500739612,0.132590093630468,,0.015022496560443238,0.7163120567375887,,,,False,False,False,,,,,,,,,,False,,True
Albania,ALB,2019,EUR,60.0,61.0,27.0,,60.0,54.0,12.0,23.0,Albania,EUR,412.0,211.0,88.0,84.0,Albania,EUR,26.0,2.0,26.0,0.0,3.0,2.0,3.0,2.0,Albania,EUR,412.0,364.0,,19.0,18.0,88.0,1.0,0.4426229508196721,0.8852459016393442,0.42592592592592593,0.07692307692307693,0.0,0.883495145631068,0.04611650485436893,,False,False,False,240.0,0.008,,89.0,240.0,0.8875,0.058333333333333334,0.10833333333333334,-41.74757281553398,False,Rückgang,True
Albania,ALB,2020,EUR,60.0,21.0,12.0,,60.0,17.0,2.0,11.0,Albania,EUR,240.0,134.0,51.0,38.0,Albania,EUR,125.0,1.0,,,13.0,3.0,,,Albania,EUR,240.0,213.0,0.0,14.0,12.0,89.0,1.0,0.5714285714285714,0.8095238095238095,0.6470588235294118,0.008,,0.8875,0.058333333333333334,0.10833333333333334,False,False,False,269.0,0.032467532467532464,0.010101010101010102,90.0,269.0,0.8996282527881041,0.03345724907063197,0.09293680297397769,12.083333333333334,False,Anstieg,True
Albania,ALB,2021,EUR,60.0,37.0,16.0,,60.0,14.0,1.0,12.0,Albania,EUR,269.0,168.0,43.0,50.0,Albania,EUR,154.0,5.0,99.0,1.0,4.0,1.0,4.0,0.0,Albania,EUR,269.0,242.0,0.0,9.0,16.0,90.0,1.0,0.43243243243243246,0.3783783783783784,0.8571428571428571,0.032467532467532464,0.010101010101010102,0.8996282527881041,0.03345724907063197,0.09293680297397769,False,False,False,292.0,0.006211180124223602,0.0,89.0,264.0,0.8863636363636364,0.06439393939393939,0.08712121212121213,8.550185873605948,False,Anstieg,True
Albania,ALB,2022,EUR,60.0,30.0,17.0,12.0,60.0,21.0,2.0,19.0,Albania,EUR,292.0,171.0,53.0,42.0,Albania,EUR,161.0,1.0,102.0,0.0,13.0,2.0,6.0,2.0,Albania,EUR,264.0,234.0,0.0,17.0,6.0,89.0,1.0,0.5666666666666667,0.7,0.9047619047619048,0.006211180124223602,0.0,0.8863636363636364,0.06439393939393939,0.08712121212121213,False,False,False,302.0,0.00641025641025641,0.0,89.0,268.0,0.8917910447761194,0.029850746268656716,0.08582089552238806,3.4246575342465753,False,Anstieg,True
Albania,ALB,2023,EUR,1.0,45.0,14.0,10.0,1.0,33.0,5.0,19.0,Albania,EUR,302.0,156.0,51.0,67.0,Albania,EUR,156.0,1.0,118.0,0.0,21.0,4.0,11.0,3.0,Albania,EUR,268.0,239.0,0.0,8.0,15.0,89.0,1.0,0.3111111111111111,0.7333333333333333,0.5757575757575758,0.00641025641025641,0.0,0.8917910447761194,0.029850746268656716,0.08582089552238806,False,False,False,232.0,0.014492753623188406,0.014492753623188406,,,,,,-23.178807947019866,False,Rückgang,True
Albania,ALB,2024,EUR,1.0,61.0,28.0,17.0,1.0,48.0,4.0,,Albania,EUR,232.0,138.0,42.0,29.0,Albania,EUR,138.0,2.0,138.0,2.0,14.0,0.0,14.0,0.0,,,,,,,,,,0.45901639344262296,0.7868852459016393,,0.014492753623188406,0.014492753623188406,,,,False,False,False,,,,,,,,,,False,,True
Andorra,AND,2019,EUR,60.0,7.0,7.0,,60.0,0.0,0.0,,Andorra,EUR,5.0,4.0,,1.0,Andorra,EUR,2.0,0.0,2.0,0.0,,,,,Andorra,EUR,5.0,3.0,,1.0,1.0,60.0,1.0,1.0,0.0,,0.0,0.0,0.6,0.2,,True,True,False,2.0,0.0,0.0,100.0,2.0,1.0,,,-60.0,True,Rückgang,False
Andorra,AND,2020,EUR,60.0,2.0,2.0,,60.0,0.0,0.0,,Andorra,EUR,2.0,1.0,,1.0,Andorra,EUR,1.0,0.0,1.0,0.0,,,0.0,0.0,Andorra,EUR,2.0,2.0,,,,100.0,1.0,1.0,0.0,,0.0,0.0,1.0,,,True,True,False,2.0,0.0,0.0,100.0,2.0,1.0,0.0,0.0,0.0,True,Unverändert,False
Andorra,AND,2021,EUR,60.0,3.0,3.0,,60.0,1.0,0.0,,Andorra,EUR,2.0,2.0,0.0,0.0,Andorra,EUR,2.0,0.0,2.0,0.0,,,0.0,0.0,Andorra,EUR,2.0,2.0,0.0,0.0,0.0,100.0,1.0,1.0,0.3333333333333333,,0.0,0.0,1.0,0.0,0.0,True,False,False,4.0,0.0,,100.0,4.0,1.0,0.0,0.0,100.0,True,Anstieg,False
Andorra,AND,2022,EUR,60.0,6.0,6.0,0.0,60.0,0.0,0.0,,Andorra,EUR,4.0,4.0,,,Andorra,EUR,4.0,0.0,0.0,0.0,,,0.0,0.0,Andorra,EUR,4.0,4.0,0.0,0.0,0.0,100.0,1.0,1.0,0.0,,0.0,,1.0,0.0,0.0,True,True,False,4.0,0.0,0.0,,,,,,0.0,True,Unverändert,False
Andorra,AND,2023,EUR,1.0,5.0,5.0,0.0,1.0,1.0,0.0,,Andorra,EUR,4.0,4.0,,,Andorra,EUR,3.0,0.0,3.0,0.0,,,0.0,0.0,Andorra,EUR,,,,,,,,1.0,0.2,,0.0,0.0,,,,True,False,False,,,,,,,,,,True,,False
United Arab Emirates,ARE,2019,EMR,60.0,562.0,560.0,,60.0,24.0,13.0,20.0,United Arab Emirates,EMR,80.0,37.0,5.0,36.0,United Arab Emirates,EMR,26.0,1.0,21.0,1.0,2.0,0.0,1.0,0.0,United Arab Emirates,EMR,79.0,64.0,0.0,6.0,7.0,81.0,1.0,0.99644128113879,0.042704626334519574,0.8333333333333334,0.038461538461538464,0.047619047619047616,0.810126582278481,0.0759493670886076,0.16455696202531644,False,False,False,62.0,0.0,0.0,77.0,62.0,0.7741935483870968,0.0967741935483871,0.14516129032258066,-22.5,False,Rückgang,True
United Arab Emirates,ARE,2020,EMR,60.0,195.0,178.0,,60.0,14.0,2.0,12.0,United Arab Emirates,EMR,62.0,32.0,1.0,29.0,United Arab Emirates,EMR,29.0,0.0,17.0,0.0,0.0,0.0,0.0,0.0,United Arab Emirates,EMR,62.0,48.0,1.0,6.0,2.0,77.0,1.0,0.9128205128205128,0.07179487179487179,0.8571428571428571,0.0,0.0,0.7741935483870968,0.0967741935483871,0.14516129032258066,False,False,False,66.0,0.0,0.0,85.0,66.0,0.8484848484848485,0.09090909090909091,0.12121212121212122,6.451612903225806,False,Anstieg,True
United Arab Emirates,ARE,2021,EMR,60.0,337.0,330.0,,60.0,24.0,8.0,22.0,United Arab Emirates,EMR,66.0,31.0,4.0,30.0,United Arab Emirates,EMR,23.0,0.0,10.0,0.0,2.0,0.0,0.0,0.0,United Arab Emirates,EMR,66.0,56.0,0.0,6.0,2.0,85.0,1.0,0.9792284866468842,0.0712166172106825,0.9166666666666666,0.0,0.0,0.8484848484848485,0.09090909090909091,0.12121212121212122,False,False,False,65.0,0.05,0.07142857142857142,87.0,63.0,0.873015873015873,0.09523809523809523,0.1111111111111111,-1.5151515151515151,False,Rückgang,True
United Arab Emirates,ARE,2022,EMR,60.0,320.0,309.0,0.0,60.0,25.0,15.0,16.0,United Arab Emirates,EMR,65.0,30.0,5.0,28.0,United Arab Emirates,EMR,20.0,1.0,14.0,1.0,3.0,0.0,3.0,0.0,United Arab Emirates,EMR,63.0,55.0,0.0,6.0,1.0,87.0,1.0,0.965625,0.078125,0.64,0.05,0.07142857142857142,0.873015873015873,0.09523809523809523,0.1111111111111111,False,False,False,66.0,0.0,0.0,78.0,65.0,0.7846153846153846,0.13846153846153847,0.2,1.5384615384615385,False,Anstieg,True
United Arab Emirates,ARE,2023,EMR,1.0,213.0,158.0,0.0,1.0,10.0,0.0,10.0,United Arab Emirates,EMR,66.0,29.0,3.0,33.0,United Arab Emirates,EMR,29.0,0.0,19.0,0.0,3.0,0.0,3.0,0.0,United Arab Emirates,EMR,65.0,51.0,0.0,9.0,4.0,78.0,1.0,0.7417840375586855,0.046948356807511735,1.0,0.0,0.0,0.7846153846153846,0.13846153846153847,0.2,False,False,True,57.0,0.038461538461538464,0.0,,,,,,-13.636363636363635,False,Rückgang,True
United Arab Emirates,ARE,2024,EMR,1.0,283.0,186.0,1.0,1.0,27.0,15.0,,United Arab Emirates,EMR,57.0,29.0,2.0,23.0,United Arab Emirates,EMR,26.0,1.0,23.0,0.0,5.0,0.0,5.0,0.0,,,,,,,,,,0.657243816254417,0.09540636042402827,,0.038461538461538464,0.0,,,,False,False,False,,,,,,,,,,False,,True
Armenia,ARM,2019,EUR,60.0,2579.0,2432.0,,60.0,46.0,46.0,,Armenia,EUR,621.0,239.0,142.0,161.0,Armenia,EUR,233.0,38.0,231.0,33.0,66.0,27.0,65.0,23.0,Armenia,EUR,485.0,399.0,19.0,36.0,29.0,82.0,1.0,0.9430011632415665,0.017836370686312525,,0.1630901287553648,0.14285714285714285,0.822680412371134,0.07422680412371134,0.1731958762886598,False,False,False,394.0,0.1414141414141414,0.14207650273224043,81.0,303.0,0.8052805280528053,0.07920792079207921,0.18811881188118812,-36.553945249597426,False,Rückgang,True
Armenia,ARM,2020,EUR,60.0,1049.0,935.0,,60.0,23.0,23.0,,Armenia,EUR,394.0,199.0,64.0,106.0,Armenia,EUR,198.0,28.0,183.0,26.0,48.0,24.0,45.0,23.0,Armenia,EUR,303.0,244.0,14.0,24.0,19.0,81.0,1.0,0.8913250714966635,0.0219256434699714,,0.1414141414141414,0.14207650273224043,0.8052805280528053,0.07920792079207921,0.18811881188118812,False,False,False,398.0,0.21052631578947367,0.20095693779904306,86.0,317.0,0.8580441640378549,0.04416403785488959,0.14195583596214512,1.015228426395939,False,Anstieg,True
Armenia,ARM,2021,EUR,60.0,1024.0,941.0,,60.0,17.0,17.0,,Armenia,EUR,398.0,209.0,55.0,105.0,Armenia,EUR,209.0,44.0,209.0,42.0,47.0,20.0,47.0,18.0,Armenia,EUR,317.0,272.0,8.0,14.0,23.0,86.0,1.0,0.9189453125,0.0166015625,,0.21052631578947367,0.20095693779904306,0.8580441640378549,0.04416403785488959,0.14195583596214512,False,False,False,440.0,0.15450643776824036,0.14163090128755365,84.0,397.0,0.8438287153652393,0.0654911838790932,0.14357682619647355,10.552763819095476,False,Anstieg,True
Armenia,ARM,2022,EUR,60.0,727.0,664.0,29.0,60.0,20.0,20.0,,Armenia,EUR,440.0,233.0,72.0,106.0,Armenia,EUR,233.0,36.0,233.0,33.0,46.0,20.0,46.0,19.0,Armenia,EUR,397.0,335.0,5.0,26.0,26.0,84.0,1.0,0.9133425034387895,0.027510316368638238,,0.15450643776824036,0.14163090128755365,0.8438287153652393,0.0654911838790932,0.14357682619647355,False,False,False,404.0,0.16666666666666666,0.14444444444444443,86.0,363.0,0.8622589531680441,0.05785123966942149,0.12396694214876033,-8.181818181818182,False,Rückgang,True
Armenia,ARM,2023,EUR,1.0,566.0,532.0,13.0,1.0,20.0,20.0,,Armenia,EUR,404.0,180.0,92.0,105.0,Armenia,EUR,180.0,30.0,180.0,26.0,45.0,19.0,45.0,18.0,Armenia,EUR,363.0,313.0,8.0,21.0,16.0,86.0,1.0,0.9399293286219081,0.0353356890459364,,0.16666666666666666,0.14444444444444443,0.8622589531680441,0.05785123966942149,0.12396694214876033,False,False,False,383.0,0.14492753623188406,0.13043478260869565,,,,,,-5.198019801980198,False,Rückgang,True
Armenia,ARM,2024,EUR,1.0,823.0,775.0,21.0,1.0,19.0,19.0,,Armenia,EUR,383.0,207.0,58.0,102.0,Armenia,EUR,207.0,30.0,207.0,27.0,29.0,12.0,29.0,10.0,,,,,,,,,,0.9416767922235723,0.023086269744835967,,0.14492753623188406,0.13043478260869565,,,,False,False,False,,,,,,,,,,False,,True
American Samoa,ASM,2019,WPR,60.0,1.0,0.0,,60.0,0.0,0.0,,American Samoa,WPR,1.0,1.0,0.0,0.0,American Samoa,WPR,1.0,0.0,1.0,0.0,0.0,0.0,0.0,0.0,American Samoa,WPR,1.0,1.0,,,,100.0,1.0,0.0,0.0,,0.0,0.0,1.0,,,True,True,False,3.0,0.0,,,,,,,200.0,True,Anstieg,False
American Samoa,ASM,2020,WPR,60.0,25.0,7.0,,60.0,0.0,0.0,,American Samoa,WPR,3.0,3.0,0.0,0.0,American Samoa,WPR,3.0,0.0,0.0,0.0,0.0,0.0,0.0,0.0,American Samoa,WPR,,,,,,,,0.28,0.0,,0.0,,,,,False,True,False,,,,,,,,,,True,,False
Antigua and Barbuda,ATG,2019,AMR,60.0,1.0,1.0,,60.0,0.0,0.0,,Antigua and Barbuda,AMR,0.0,0.0,0.0,0.0,Antigua and Barbuda,AMR,0.0,0.0,0.0,0.0,0.0,0.0,0.0,0.0,Antigua and Barbuda,AMR,0.0,0.0,0.0,0.0,0.0,,1.0,1.0,0.0,,,,,,,True,True,False,2.0,,,,0.0,,,,,True,,False
Antigua and Barbuda,ATG,2020,AMR,60.0,3.0,3.0,,60.0,0.0,0.0,,Antigua and Barbuda,AMR,2.0,1.0,1.0,0.0,Antigua and Barbuda,AMR,0.0,0.0,0.0,0.0,0.0,0.0,0.0,0.0,Antigua and Barbuda,AMR,0.0,0.0,0.0,0.0,0.0,,1.0,1.0,0.0,,,,,,,True,True,False,4.0,,,75.0,4.0,0.75,0.0,0.25,100.0,True,Anstieg,False
Antigua and Barbuda,ATG,2021,AMR,60.0,6.0,5.0,,60.0,0.0,0.0,0.0,Antigua and Barbuda,AMR,4.0,3.0,1.0,0.0,Antigua and Barbuda,AMR,0.0,0.0,0.0,0.0,0.0,0.0,0.0,0.0,Antigua and Barbuda,AMR,4.0,3.0,0.0,0.0,1.0,75.0,1.0,0.8333333333333334,0.0,,,,0.75,0.0,0.25,False,True,False,1.0,,,100.0,1.0,1.0,0.0,0.0,-75.0,True,Rückgang,False
Antigua and Barbuda,ATG,2022,AMR,60.0,4.0,3.0,0.0,60.0,,,0.0,Antigua and Barbuda,AMR,1.0,0.0,0.0,0.0,Antigua and Barbuda,AMR,0.0,0.0,0.0,0.0,1.0,0.0,0.0,0.0,Antigua and Barbuda,AMR,1.0,1.0,0.0,0.0,0.0,100.0,1.0,0.75,,,,,1.0,0.0,0.0,False,False,False,1.0,,,0.0,1.0,0.0,0.0,1.0,0.0,True,Unverändert,False
Antigua and Barbuda,ATG,2023,AMR,1.0,0.0,0.0,0.0,1.0,0.0,0.0,0.0,Antigua and Barbuda,AMR,1.0,0.0,1.0,0.0,Antigua and Barbuda,AMR,0.0,0.0,0.0,0.0,0.0,0.0,0.0,0.0,Antigua and Barbuda,AMR,1.0,0.0,0.0,0.0,1.0,0.0,1.0,,,,,,0.0,0.0,1.0,False,False,False,1.0,0.0,0.0,,,,,,0.0,True,Unverändert,False
Antigua and Barbuda,ATG,2024,AMR,1.0,50.0,40.0,0.0,1.0,0.0,0.0,,Antigua and Barbuda,AMR,1.0,1.0,0.0,0.0,Antigua and Barbuda,AMR,1.0,0.0,1.0,0.0,0.0,0.0,0.0,0.0,,,,,,,,,,0.8,0.0,,0.0,0.0,,,,False,True,False,,,,,,,,,,True,,False
Australia,AUS,2019,WPR,60.0,555.0,476.0,,60.0,70.0,23.0,,Australia,WPR,1502.0,771.0,109.0,554.0,Australia,WPR,708.0,17.0,700.0,15.0,32.0,3.0,31.0,3.0,Australia,WPR,1530.0,1315.0,0.0,66.0,22.0,86.0,1.0,0.8576576576576577,0.12612612612612611,,0.02401129943502825,0.02142857142857143,0.8594771241830066,0.043137254901960784,0.05751633986928104,False,False,False,1611.0,0.01904761904761905,0.013717421124828532,90.0,1484.0,0.8975741239892183,0.03840970350404313,0.05188679245283019,7.256990679094541,False,Anstieg,True
Australia,AUS,2020,WPR,60.0,1438.0,1319.0,,60.0,204.0,45.0,,Australia,WPR,1611.0,783.0,140.0,609.0,Australia,WPR,735.0,14.0,729.0,10.0,42.0,3.0,40.0,3.0,Australia,WPR,1484.0,1332.0,3.0,57.0,17.0,90.0,1.0,0.9172461752433936,0.14186369958275383,,0.01904761904761905,0.013717421124828532,0.8975741239892183,0.03840970350404313,0.05188679245283019,False,False,False,1468.0,0.01507537688442211,0.011725293132328308,88.0,1256.0,0.8845541401273885,0.04378980891719745,0.05334394904458599,-8.876474239602732,False,Rückgang,True
Australia,AUS,2021,WPR,60.0,1736.0,814.0,,60.0,155.0,40.0,,Australia,WPR,1468.0,721.0,102.0,593.0,Australia,WPR,597.0,9.0,597.0,7.0,22.0,3.0,22.0,3.0,Australia,WPR,1256.0,1111.0,0.0,55.0,12.0,88.0,1.0,0.46889400921658986,0.08928571428571429,,0.01507537688442211,0.011725293132328308,0.8845541401273885,0.04378980891719745,0.05334394904458599,False,False,False,1272.0,0.02861952861952862,0.021996615905245348,86.0,1187.0,0.8635214827295703,0.039595619208087615,0.05475989890480202,-13.35149863760218,False,Rückgang,True
Australia,AUS,2022,WPR,60.0,950.0,612.0,83.0,60.0,85.0,9.0,,Australia,WPR,1272.0,692.0,88.0,450.0,Australia,WPR,594.0,17.0,591.0,13.0,19.0,1.0,19.0,1.0,Australia,WPR,1187.0,1025.0,0.0,47.0,18.0,86.0,1.0,0.6442105263157895,0.08947368421052632,,0.02861952861952862,0.021996615905245348,0.8635214827295703,0.039595619208087615,0.05475989890480202,False,False,False,1434.0,0.02773246329526917,0.024630541871921183,47.0,1296.0,0.4729938271604938,0.03935185185185185,0.05015432098765432,12.735849056603774,False,Anstieg,True
Australia,AUS,2023,WPR,1.0,1340.0,844.0,18.0,1.0,64.0,12.0,28.0,Australia,WPR,1434.0,767.0,90.0,497.0,Australia,WPR,613.0,17.0,609.0,15.0,41.0,4.0,40.0,4.0,Australia,WPR,1296.0,613.0,0.0,51.0,14.0,47.0,1.0,0.6298507462686567,0.04776119402985075,0.4375,0.02773246329526917,0.024630541871921183,0.4729938271604938,0.03935185185185185,0.05015432098765432,False,False,False,1613.0,0.021897810218978103,0.017595307917888565,,,,,,12.482566248256626,False,Anstieg,True
Australia,AUS,2024,WPR,1.0,1930.0,976.0,22.0,1.0,96.0,13.0,,Australia,WPR,1613.0,803.0,80.0,658.0,Australia,WPR,685.0,15.0,682.0,12.0,35.0,2.0,35.0,2.0,,,,,,,,,,0.505699481865285,0.049740932642487044,,0.021897810218978103,0.017595307917888565,,,,False,False,False,,,,,,,,,,False,,True
Azerbaijan,AZE,2019,EUR,60.0,6641.0,6641.0,,60.0,6100.0,434.0,,Azerbaijan,EUR,4823.0,1911.0,872.0,830.0,Azerbaijan,EUR,1911.0,219.0,1806.0,111.0,2183.0,533.0,1951.0,303.0,Azerbaijan,EUR,1702.0,1429.0,53.0,66.0,134.0,84.0,0.0,1.0,0.9185363650052702,,0.11459968602825746,0.061461794019933555,0.8396004700352526,0.038777908343125736,0.14864864864864866,True,False,False,3683.0,0.11967871485943775,0.10499139414802065,82.0,1180.0,0.8245762711864407,0.05254237288135593,0.16864406779661018,-23.636740617872693,False,Rückgang,True
Azerbaijan,AZE,2020,EUR,60.0,4894.0,4894.0,,60.0,4405.0,291.0,,Azerbaijan,EUR,3683.0,1331.0,623.0,604.0,Azerbaijan,EUR,1245.0,149.0,1162.0,122.0,2260.0,552.0,,,Azerbaijan,EUR,1180.0,973.0,51.0,62.0,86.0,82.0,0.0,1.0,0.90008173273396,,0.11967871485943775,0.10499139414802065,0.8245762711864407,0.05254237288135593,0.16864406779661018,True,False,False,3663.0,0.12207239176721078,0.0801987224982257,81.0,1737.0,0.8094415659182499,0.04260218767990789,0.1732872769142199,-0.5430355688297583,False,Rückgang,True
Azerbaijan,AZE,2021,EUR,60.0,4846.0,4846.0,,60.0,4295.0,383.0,,Azerbaijan,EUR,3663.0,1466.0,556.0,513.0,Azerbaijan,EUR,1409.0,172.0,1409.0,113.0,2159.0,487.0,2159.0,276.0,Azerbaijan,EUR,1737.0,1406.0,88.0,74.0,139.0,81.0,0.0,1.0,0.8862979777135782,,0.12207239176721078,0.0801987224982257,0.8094415659182499,0.04260218767990789,0.1732872769142199,True,False,False,3989.0,0.11909036505086774,0.06690997566909976,82.0,3606.0,0.8200221852468109,0.044370493621741544,0.17027176927343315,8.8998088998089,False,Anstieg,True
Azerbaijan,AZE,2022,EUR,60.0,5274.0,4852.0,,60.0,4852.0,429.0,4609.0,Azerbaijan,EUR,3989.0,1705.0,579.0,593.0,Azerbaijan,EUR,1671.0,199.0,1644.0,110.0,2153.0,487.0,2153.0,248.0,Azerbaijan,EUR,3606.0,2957.0,213.0,160.0,241.0,82.0,1.0,0.9199848312476299,0.9199848312476299,0.9499175597691674,0.11909036505086774,0.06690997566909976,0.8200221852468109,0.044370493621741544,0.17027176927343315,False,False,False,3965.0,0.11669770328988206,0.06579764121663563,84.0,2877.0,0.8369829683698297,0.04657629475147723,0.15641293013555788,-0.6016545500125344,False,Rückgang,True
Azerbaijan,AZE,2023,EUR,1.0,7238.0,7093.0,31.0,1.0,6711.0,463.0,2940.0,Azerbaijan,EUR,3965.0,1634.0,532.0,650.0,Azerbaijan,EUR,1611.0,188.0,1611.0,106.0,2150.0,742.0,2149.0,223.0,Azerbaijan,EUR,2877.0,2408.0,171.0,134.0,145.0,84.0,1.0,0.9799668416689693,0.9271898314451505,0.4380867232901207,0.11669770328988206,0.06579764121663563,0.8369829683698297,0.04657629475147723,0.15641293013555788,False,False,False,3741.0,0.11686670878079596,0.07037747920665387,,,,,,-5.649432534678437,False,Rückgang,True
Azerbaijan,AZE,2024,EUR,1.0,5545.0,4916.0,96.0,1.0,3095.0,296.0,,Azerbaijan,EUR,3741.0,1592.0,438.0,587.0,Azerbaijan,EUR,1583.0,185.0,1563.0,110.0,2082.0,721.0,2082.0,295.0,,,,,,,,,,0.8865644724977457,0.5581605049594229,,0.11686670878079596,0.07037747920665387,,,,False,False,False,,,,,,,,,,False,,True
Burundi,BDI,2023,AFR,1.0,1652.0,1096.0,556.0,1.0,888.0,781.0,,Burundi,AFR,7948.0,4785.0,815.0,1874.0,Burundi,AFR,3273.0,45.0,0.0,0.0,50.0,5.0,0.0,0.0,Burundi,AFR,7948.0,7359.0,26.0,241.0,243.0,93.0,1.0,0.6634382566585957,0.5375302663438256,,0.013748854262144821,,0.9258933064921993,0.030322093608454958,0.06416708605938601,False,False,False,8085.0,0.012909979064898814,,,,,,,1.723704076497232,False,Anstieg,False
Burundi,BDI,2024,AFR,1.0,2873.0,2180.0,93.0,1.0,807.0,674.0,,Burundi,AFR,8085.0,4770.0,876.0,1933.0,Burundi,AFR,2866.0,37.0,0.0,0.0,10.0,10.0,0.0,0.0,,,,,,,,,,0.7587887225896276,0.28089105464671077,,0.012909979064898814,,,,,False,False,False,,,,,,,,,,False,,False
Benin,BEN,2019,AFR,60.0,2737.0,2737.0,,60.0,2535.0,2444.0,2177.0,Benin,AFR,4266.0,3335.0,460.0,328.0,Benin,AFR,897.0,7.0,2.0,0.0,239.0,22.0,17.0,5.0,Benin,AFR,4268.0,3815.0,65.0,274.0,86.0,89.0,1.0,1.0,0.9261965655827549,0.8587771203155818,0.007803790412486065,0.0,0.8938612933458294,0.06419868791002811,0.09957825679475164,True,False,False,3908.0,0.014705882352941176,0.46153846153846156,90.0,3915.0,0.9047254150702426,0.061047254150702425,0.08837803320561942,-8.391936240037506,False,Rückgang,True
Benin,BEN,2020,AFR,60.0,2242.0,2242.0,,60.0,2021.0,2021.0,1869.0,Benin,AFR,3908.0,3043.0,428.0,308.0,Benin,AFR,1292.0,19.0,26.0,12.0,211.0,15.0,75.0,14.0,Benin,AFR,3915.0,3542.0,60.0,239.0,47.0,90.0,1.0,1.0,0.9014272970561998,0.9247897080653142,0.014705882352941176,0.46153846153846156,0.9047254150702426,0.061047254150702425,0.08837803320561942,True,False,False,3711.0,0.01095579901775595,0.47619047619047616,90.0,3695.0,0.8971583220568335,0.05737483085250338,0.09364005412719892,-5.040941658137155,False,Rückgang,True
Benin,BEN,2021,AFR,60.0,1898.0,1898.0,,60.0,1750.0,1750.0,1610.0,Benin,AFR,3711.0,3010.0,347.0,202.0,Benin,AFR,2647.0,29.0,21.0,10.0,205.0,5.0,93.0,1.0,Benin,AFR,3695.0,3315.0,72.0,212.0,62.0,90.0,1.0,1.0,0.9220231822971549,0.92,0.01095579901775595,0.47619047619047616,0.8971583220568335,0.05737483085250338,0.09364005412719892,True,False,False,4146.0,0.007641921397379912,0.5625,91.0,4109.0,0.908980287174495,0.04770017035775128,0.08274519347773181,11.721907841552143,False,Anstieg,True
Benin,BEN,2022,AFR,60.0,1903.0,1903.0,,60.0,1739.0,1739.0,1615.0,Benin,AFR,4146.0,3283.0,444.0,266.0,Benin,AFR,2748.0,21.0,16.0,9.0,229.0,14.0,87.0,11.0,Benin,AFR,4109.0,3735.0,58.0,196.0,86.0,91.0,1.0,1.0,0.9138202837624803,0.9286946520989074,0.007641921397379912,0.5625,0.908980287174495,0.04770017035775128,0.08274519347773181,True,False,False,4305.0,0.007019596373208541,0.47619047619047616,91.0,4261.0,0.9075334428537902,0.04435578502698897,0.08730344989439098,3.8350217076700437,False,Anstieg,True
Benin,BEN,2023,AFR,1.0,2161.0,2161.0,53.0,1.0,1988.0,1988.0,1794.0,Benin,AFR,4305.0,3419.0,420.0,284.0,Benin,AFR,3419.0,24.0,21.0,10.0,272.0,20.0,82.0,6.0,Benin,AFR,4261.0,3867.0,83.0,189.0,100.0,91.0,1.0,1.0,0.9199444701527071,0.9024144869215291,0.007019596373208541,0.47619047619047616,0.9075334428537902,0.04435578502698897,0.08730344989439098,True,False,False,4032.0,0.007523510971786834,0.2631578947368421,,,,,,-6.341463414634147,False,Rückgang,True
Benin,BEN,2024,AFR,1.0,11339.0,194.0,14.0,1.0,1695.0,1695.0,,Benin,AFR,4032.0,3195.0,393.0,296.0,Benin,AFR,3190.0,24.0,57.0,15.0,223.0,15.0,91.0,11.0,,,,,,,,,,0.017109092512567245,0.14948408148866743,,0.007523510971786834,0.2631578947368421,,,,False,False,False,,,,,,,,,,False,,True
Burkina Faso,BFA,2020,AFR,60.0,4215.0,1706.0,,60.0,792.0,792.0,713.0,Burkina Faso,AFR,5691.0,3666.0,918.0,839.0,Burkina Faso,AFR,3282.0,39.0,39.0,38.0,295.0,26.0,26.0,25.0,Burkina Faso,AFR,5691.0,4655.0,132.0,435.0,375.0,82.0,1.0,0.4047449584816133,0.1879003558718861,0.9002525252525253,0.011882998171846435,0.9743589743589743,0.8179581795817958,0.0764364786505008,0.16552451238798102,False,False,False,6882.0,0.023668639053254437,0.9423076923076923,82.0,6782.0,0.8198171630787379,0.07505160719551755,0.1590976113240932,20.927780706378492,False,Anstieg,False
Burkina Faso,BFA,2021,AFR,60.0,4085.0,2574.0,,60.0,1631.0,1625.0,1331.0,Burkina Faso,AFR,6882.0,4536.0,1024.0,991.0,Burkina Faso,AFR,3042.0,72.0,52.0,49.0,183.0,10.0,9.0,9.0,Burkina Faso,AFR,6782.0,5560.0,168.0,509.0,402.0,82.0,1.0,0.630110159118727,0.399265605875153,0.8160637645616187,0.023668639053254437,0.9423076923076923,0.8198171630787379,0.07505160719551755,0.1590976113240932,False,False,False,7444.0,0.027790030877812087,0.09375,82.0,7320.0,0.8243169398907104,0.0651639344262295,0.15450819672131147,8.166230746875907,False,Anstieg,False
Burkina Faso,BFA,2022,AFR,60.0,3719.0,3719.0,85.0,60.0,1574.0,1567.0,1540.0,Burkina Faso,AFR,7444.0,4724.0,1247.0,1089.0,Burkina Faso,AFR,2267.0,63.0,64.0,6.0,465.0,17.0,18.0,14.0,Burkina Faso,AFR,7320.0,6034.0,224.0,477.0,430.0,82.0,1.0,1.0,0.4232320516267814,0.9783989834815756,0.027790030877812087,0.09375,0.8243169398907104,0.0651639344262295,0.15450819672131147,True,False,False,8667.0,0.017318159327065808,0.92,81.0,8514.0,0.8084331688982852,0.07270378200610758,0.17066008926474044,16.42933906501881,False,Anstieg,False
Burkina Faso,BFA,2023,AFR,1.0,2118.0,1722.0,1150.0,1.0,1540.0,1540.0,1404.0,Burkina Faso,AFR,8667.0,5524.0,1444.0,1159.0,Burkina Faso,AFR,4042.0,70.0,25.0,23.0,776.0,55.0,28.0,22.0,Burkina Faso,AFR,8514.0,6883.0,217.0,619.0,617.0,81.0,1.0,0.8130311614730878,0.7271010387157696,0.9116883116883117,0.017318159327065808,0.92,0.8084331688982852,0.07270378200610758,0.17066008926474044,False,False,False,,,,,,,,,,False,,False
Bangladesh,BGD,2024,SEA,1.0,425827.0,392267.0,1198.0,1.0,177938.0,5440.0,,Bangladesh,SEA,314180.0,175008.0,51314.0,67584.0,Bangladesh,SEA,174358.0,854.0,,,11104.0,461.0,,,,,,,,,,,,0.9211886517294582,0.4178645318403953,,0.004897968547471295,,,,,False,False,False,,,,,,,,,,False,,False
Bulgaria,BGR,2022,EUR,60.0,1658.0,1639.0,24.0,60.0,1117.0,,,Bulgaria,EUR,764.0,347.0,228.0,128.0,Bulgaria,EUR,196.0,4.0,196.0,4.0,26.0,1.0,26.0,1.0,Bulgaria,EUR,,,,,,,,0.98854041013269,0.6737032569360676,,0.02040816326530612,0.02040816326530612,,,,False,False,False,858.0,0.03139013452914798,0.026905829596412557,77.0,848.0,0.7665094339622641,0.12382075471698113,0.2134433962264151,12.30366492146597,False,Anstieg,False
Bulgaria,BGR,2023,EUR,1.0,2390.0,2258.0,26.0,65.0,,,,Bulgaria,EUR,858.0,377.0,237.0,161.0,Bulgaria,EUR,223.0,7.0,223.0,6.0,38.0,4.0,38.0,3.0,Bulgaria,EUR,848.0,650.0,7.0,105.0,69.0,77.0,1.0,0.9447698744769875,,,0.03139013452914798,0.026905829596412557,0.7665094339622641,0.12382075471698113,0.2134433962264151,False,False,False,873.0,0.01937984496124031,0.015625,,,,,,1.7482517482517483,False,Anstieg,False
Bulgaria,BGR,2024,EUR,1.0,2288.0,2199.0,29.0,65.0,,,,Bulgaria,EUR,873.0,403.0,224.0,163.0,Bulgaria,EUR,258.0,5.0,256.0,4.0,45.0,4.0,42.0,2.0,,,,,,,,,,0.9611013986013986,,,0.01937984496124031,0.015625,,,,False,False,False,,,,,,,,,,False,,False
Bahrain,BHR,2019,EMR,60.0,987.0,931.0,,60.0,114.0,26.0,,Bahrain,EMR,178.0,101.0,11.0,66.0,Bahrain,EMR,93.0,2.0,93.0,2.0,0.0,0.0,0.0,0.0,Bahrain,EMR,171.0,29.0,0.0,14.0,18.0,17.0,1.0,0.9432624113475178,0.11550151975683891,,0.021505376344086023,0.021505376344086023,0.1695906432748538,0.08187134502923976,0.1871345029239766,False,False,False,193.0,0.0,0.0,,,,,,8.426966292134832,False,Anstieg,True
Bahrain,BHR,2020,EMR,60.0,566.0,502.0,,60.0,98.0,14.0,68.0,Bahrain,EMR,193.0,104.0,6.0,83.0,Bahrain,EMR,82.0,0.0,57.0,0.0,0.0,0.0,0.0,0.0,Bahrain,EMR,,,,,,,1.0,0.8869257950530035,0.17314487632508835,0.6938775510204082,0.0,0.0,,,,False,False,False,196.0,0.008928571428571428,0.0,44.0,192.0,0.4427083333333333,0.026041666666666668,0.03125,1.5544041450777202,False,Anstieg,True
Bahrain,BHR,2021,EMR,60.0,568.0,568.0,,60.0,112.0,1.0,43.0,Bahrain,EMR,196.0,119.0,6.0,71.0,Bahrain,EMR,112.0,1.0,112.0,0.0,0.0,0.0,0.0,0.0,Bahrain,EMR,192.0,85.0,0.0,5.0,1.0,44.0,1.0,1.0,0.19718309859154928,0.38392857142857145,0.008928571428571428,0.0,0.4427083333333333,0.026041666666666668,0.03125,True,False,False,188.0,0.0196078431372549,0.024390243902439025,,,,,,-4.081632653061225,False,Rückgang,True
Bahrain,BHR,2022,EMR,60.0,367.0,305.0,0.0,60.0,31.0,4.0,31.0,Bahrain,EMR,188.0,102.0,9.0,77.0,Bahrain,EMR,102.0,2.0,82.0,2.0,0.0,0.0,0.0,0.0,Bahrain,EMR,,,,,,,,0.8310626702997275,0.08446866485013624,1.0,0.0196078431372549,0.024390243902439025,,,,False,False,True,163.0,0.02040816326530612,0.010309278350515464,92.0,161.0,0.9192546583850931,0.062111801242236024,0.08074534161490683,-13.297872340425531,False,Rückgang,True
Bahrain,BHR,2023,EMR,1.0,263.0,231.0,0.0,1.0,55.0,4.0,55.0,Bahrain,EMR,163.0,98.0,6.0,57.0,Bahrain,EMR,98.0,2.0,97.0,1.0,2.0,0.0,2.0,0.0,Bahrain,EMR,161.0,148.0,0.0,10.0,3.0,92.0,1.0,0.8783269961977186,0.20912547528517111,1.0,0.02040816326530612,0.010309278350515464,0.9192546583850931,0.062111801242236024,0.08074534161490683,False,False,True,146.0,0.012195121951219513,0.0,,,,,,-10.429447852760736,False,Rückgang,True
Bahrain,BHR,2024,EMR,1.0,147.0,146.0,0.0,1.0,70.0,3.0,,Bahrain,EMR,146.0,87.0,1.0,58.0,Bahrain,EMR,82.0,1.0,82.0,0.0,0.0,0.0,0.0,0.0,,,,,,,,,,0.9931972789115646,0.47619047619047616,,0.012195121951219513,0.0,,,,False,False,False,,,,,,,,,,False,,True
Bahamas,BHS,2019,AMR,60.0,402.0,120.0,,60.0,65.0,0.0,25.0,Bahamas,AMR,51.0,19.0,28.0,0.0,Bahamas,AMR,19.0,1.0,19.0,0.0,4.0,0.0,3.0,0.0,Bahamas,AMR,51.0,38.0,0.0,10.0,1.0,75.0,1.0,0.29850746268656714,0.16169154228855723,0.38461538461538464,0.05263157894736842,0.0,0.7450980392156863,0.19607843137254902,0.21568627450980393,False,False,False,31.0,0.05,0.0,68.0,31.0,0.6774193548387096,0.25806451612903225,0.2903225806451613,-39.21568627450981,False,Rückgang,True
Bahamas,BHS,2020,AMR,60.0,64.0,64.0,,60.0,4.0,2.0,4.0,Bahamas,AMR,31.0,20.0,9.0,1.0,Bahamas,AMR,20.0,1.0,20.0,0.0,1.0,0.0,1.0,0.0,Bahamas,AMR,31.0,21.0,0.0,8.0,1.0,68.0,1.0,1.0,0.0625,1.0,0.05,0.0,0.6774193548387096,0.25806451612903225,0.2903225806451613,True,False,True,44.0,0.0,,77.0,44.0,0.7727272727272727,0.13636363636363635,0.18181818181818182,41.935483870967744,False,Anstieg,True
Bahamas,BHS,2021,AMR,60.0,34.0,33.0,,60.0,16.0,2.0,16.0,Bahamas,AMR,44.0,12.0,32.0,0.0,Bahamas,AMR,12.0,0.0,,,0.0,0.0,,,Bahamas,AMR,44.0,34.0,0.0,6.0,2.0,77.0,1.0,0.9705882352941176,0.47058823529411764,1.0,0.0,,0.7727272727272727,0.13636363636363635,0.18181818181818182,False,False,True,48.0,0.0,0.0,87.0,46.0,0.8695652173913043,0.10869565217391304,0.10869565217391304,9.090909090909092,False,Anstieg,True
Bahamas,BHS,2022,AMR,60.0,47.0,47.0,8.0,60.0,21.0,4.0,21.0,Bahamas,AMR,48.0,17.0,29.0,1.0,Bahamas,AMR,13.0,0.0,13.0,0.0,0.0,0.0,0.0,0.0,Bahamas,AMR,46.0,40.0,0.0,5.0,0.0,87.0,1.0,1.0,0.44680851063829785,1.0,0.0,0.0,0.8695652173913043,0.10869565217391304,0.10869565217391304,True,False,True,27.0,0.0,,70.0,27.0,0.7037037037037037,0.07407407407407407,0.2962962962962963,-43.75,False,Rückgang,True
Bahamas,BHS,2023,AMR,1.0,5.0,5.0,0.0,1.0,4.0,1.0,4.0,Bahamas,AMR,27.0,6.0,20.0,1.0,Bahamas,AMR,6.0,0.0,0.0,0.0,0.0,0.0,0.0,0.0,Bahamas,AMR,27.0,19.0,0.0,2.0,6.0,70.0,1.0,1.0,0.8,1.0,0.0,,0.7037037037037037,0.07407407407407407,0.2962962962962963,True,False,True,56.0,0.0,,,,,,,107.40740740740742,False,Anstieg,True
Bahamas,BHS,2024,AMR,1.0,78.0,74.0,2.0,1.0,26.0,1.0,,Bahamas,AMR,56.0,19.0,34.0,3.0,Bahamas,AMR,11.0,0.0,,,0.0,0.0,,,,,,,,,,,,0.9487179487179487,0.3333333333333333,,0.0,,,,,False,False,False,,,,,,,,,,False,,True
Bosnia and Herzegovina,BIH,2020,EUR,60.0,26.0,9.0,,,,,,Bosnia and Herzegovina,EUR,357.0,213.0,71.0,38.0,Bosnia and Herzegovina,EUR,208.0,0.0,153.0,0.0,23.0,0.0,0.0,0.0,Bosnia and Herzegovina,EUR,357.0,183.0,0.0,21.0,14.0,51.0,1.0,0.34615384615384615,,,0.0,0.0,0.5126050420168067,0.058823529411764705,0.09803921568627451,False,False,False,,,,,,,,,,False,,False
Belarus,BLR,2019,EUR,60.0,14142.0,14142.0,,60.0,116.0,85.0,,Belarus,EUR,2207.0,1490.0,94.0,174.0,Belarus,EUR,1490.0,561.0,1490.0,503.0,523.0,313.0,523.0,305.0,Belarus,EUR,1302.0,1153.0,28.0,93.0,28.0,89.0,1.0,1.0,0.00820251732428228,,0.37651006711409396,0.33758389261744964,0.8855606758832565,0.07142857142857142,0.11443932411674347,True,False,False,1514.0,0.39507389162561574,0.3586206896551724,85.0,833.0,0.8523409363745498,0.10084033613445378,0.1404561824729892,-31.400090620752152,False,Rückgang,True
Belarus,BLR,2020,EUR,60.0,12011.0,12011.0,,60.0,63.0,44.0,,Belarus,EUR,1514.0,1015.0,69.0,87.0,Belarus,EUR,1015.0,401.0,1015.0,364.0,569.0,424.0,569.0,423.0,Belarus,EUR,833.0,710.0,10.0,84.0,23.0,85.0,1.0,1.0,0.0052451919074182,,0.39507389162561574,0.3586206896551724,0.8523409363745498,0.10084033613445378,0.1404561824729892,True,False,False,1484.0,0.37790697674418605,0.33042635658914726,84.0,903.0,0.840531561461794,0.08970099667774087,0.15946843853820597,-1.9815059445178336,False,Rückgang,True
Belarus,BLR,2021,EUR,60.0,6885.0,6885.0,,60.0,44.0,30.0,,Belarus,EUR,1484.0,1032.0,47.0,97.0,Belarus,EUR,1032.0,390.0,1032.0,341.0,499.0,367.0,499.0,354.0,Belarus,EUR,903.0,759.0,19.0,81.0,44.0,84.0,1.0,1.0,0.0063907044299201165,,0.37790697674418605,0.33042635658914726,0.840531561461794,0.08970099667774087,0.15946843853820597,True,False,False,1670.0,0.4147963424771405,0.4139650872817955,87.0,999.0,0.8698698698698699,0.08208208208208208,0.12412412412412413,12.533692722371967,False,Anstieg,True
Belarus,BLR,2022,EUR,60.0,8012.0,8012.0,9.0,60.0,90.0,63.0,,Belarus,EUR,1670.0,1203.0,58.0,116.0,Belarus,EUR,1203.0,499.0,1203.0,498.0,520.0,222.0,520.0,142.0,Belarus,EUR,999.0,869.0,21.0,82.0,21.0,87.0,1.0,1.0,0.011233150274588119,,0.4147963424771405,0.4139650872817955,0.8698698698698699,0.08208208208208208,0.12412412412412413,True,False,False,1555.0,0.36257833482542523,0.3321396598030439,89.0,931.0,0.8872180451127819,0.08163265306122448,0.11278195488721804,-6.88622754491018,False,Rückgang,True
Belarus,BLR,2023,EUR,1.0,10494.0,10494.0,11.0,1.0,85.0,43.0,,Belarus,EUR,1555.0,1117.0,71.0,86.0,Belarus,EUR,1117.0,405.0,1117.0,371.0,377.0,253.0,377.0,249.0,Belarus,EUR,931.0,826.0,8.0,76.0,21.0,89.0,1.0,1.0,0.008099866590432629,,0.36257833482542523,0.3321396598030439,0.8872180451127819,0.08163265306122448,0.11278195488721804,True,False,False,1241.0,0.35942668136714445,0.26681367144432194,,,,,,-20.192926045016076,False,Rückgang,True
Belarus,BLR,2024,EUR,1.0,9890.0,9890.0,4.0,1.0,70.0,41.0,,Belarus,EUR,1241.0,907.0,52.0,74.0,Belarus,EUR,907.0,326.0,907.0,242.0,293.0,199.0,293.0,166.0,,,,,,,,,,1.0,0.007077856420626896,,0.35942668136714445,0.26681367144432194,,,,True,False,False,,,,,,,,,,False,,True
Belize,BLZ,2020,AMR,60.0,446.0,446.0,,0.0,,,,Belize,AMR,78.0,67.0,6.0,2.0,Belize,AMR,51.0,1.0,,,5.0,1.0,,,Belize,AMR,79.0,65.0,0.0,10.0,3.0,82.0,1.0,1.0,,,0.0196078431372549,,0.8227848101265823,0.12658227848101267,0.16455696202531644,True,False,False,72.0,0.0,0.0,80.0,70.0,0.8,0.12857142857142856,0.18571428571428572,-7.6923076923076925,False,Rückgang,False
Belize,BLZ,2021,AMR,60.0,298.0,53.0,,60.0,53.0,12.0,,Belize,AMR,72.0,51.0,8.0,3.0,Belize,AMR,46.0,0.0,46.0,0.0,6.0,1.0,6.0,1.0,Belize,AMR,70.0,56.0,1.0,9.0,3.0,80.0,1.0,0.17785234899328858,0.17785234899328858,,0.0,0.0,0.8,0.12857142857142856,0.18571428571428572,False,False,False,,,,,,,,,,False,,False
Belize,BLZ,2024,AMR,1.0,258.0,229.0,0.0,1.0,28.0,1.0,,Belize,AMR,73.0,58.0,4.0,2.0,Belize,AMR,58.0,1.0,58.0,1.0,7.0,0.0,0.0,0.0,,,,,,,,,,0.8875968992248062,0.10852713178294573,,0.017241379310344827,0.017241379310344827,,,,False,False,False,,,,,,,,,,False,,False
Bermuda,BMU,2019,AMR,60.0,0.0,0.0,,60.0,0.0,0.0,0.0,Bermuda,AMR,2.0,1.0,0.0,1.0,Bermuda,AMR,1.0,0.0,1.0,0.0,0.0,0.0,0.0,0.0,Bermuda,AMR,2.0,1.0,0.0,0.0,0.0,50.0,1.0,,,,0.0,0.0,0.5,0.0,0.0,False,False,False,3.0,0.0,0.0,100.0,3.0,1.0,0.0,0.0,50.0,True,Anstieg,False
Bermuda,BMU,2020,AMR,60.0,11.0,11.0,,60.0,0.0,0.0,0.0,Bermuda,AMR,3.0,3.0,0.0,0.0,Bermuda,AMR,2.0,0.0,2.0,0.0,0.0,0.0,0.0,0.0,Bermuda,AMR,3.0,3.0,0.0,0.0,0.0,100.0,1.0,1.0,0.0,,0.0,0.0,1.0,0.0,0.0,True,True,False,2.0,0.0,0.0,100.0,2.0,1.0,0.0,0.0,-33.33333333333333,True,Rückgang,False
Bermuda,BMU,2021,AMR,60.0,3.0,3.0,,60.0,1.0,0.0,1.0,Bermuda,AMR,2.0,2.0,0.0,0.0,Bermuda,AMR,2.0,0.0,2.0,0.0,0.0,0.0,0.0,0.0,Bermuda,AMR,2.0,2.0,0.0,0.0,0.0,100.0,1.0,1.0,0.3333333333333333,1.0,0.0,0.0,1.0,0.0,0.0,True,False,True,1.0,,,,0.0,,,,-50.0,True,Rückgang,False
Bermuda,BMU,2022,AMR,60.0,0.0,0.0,0.0,60.0,0.0,0.0,,Bermuda,AMR,1.0,0.0,0.0,1.0,Bermuda,AMR,0.0,0.0,0.0,0.0,0.0,0.0,0.0,0.0,Bermuda,AMR,0.0,0.0,0.0,0.0,0.0,,1.0,,,,,,,,,False,False,False,2.0,0.0,0.0,,,,,,100.0,True,Anstieg,False
Bermuda,BMU,2023,AMR,1.0,9.0,9.0,0.0,1.0,0.0,0.0,,Bermuda,AMR,2.0,2.0,0.0,0.0,Bermuda,AMR,1.0,0.0,1.0,0.0,0.0,0.0,0.0,0.0,Bermuda,AMR,,,,,,,,1.0,0.0,,0.0,0.0,,,,True,True,False,,,,,,,,,,True,,False
Bolivia (Plurinational State of),BOL,2019,AMR,60.0,15292.0,14481.0,,60.0,1719.0,1719.0,1499.0,Bolivia (Plurinational State of),AMR,7461.0,5203.0,397.0,1502.0,Bolivia (Plurinational State of),AMR,,,,,,,,,Bolivia (Plurinational State of),AMR,7461.0,6228.0,46.0,517.0,441.0,83.0,1.0,0.9469657337169762,0.11241171854564479,0.8720186154741129,,,0.8347406513872135,0.06929366036724299,0.13456641200911407,False,False,False,6007.0,0.013957307060755337,0.0,80.0,6007.0,0.8008989512235725,0.07807557849175961,0.16813717329781921,-19.488004288969307,False,Rückgang,True
Bolivia (Plurinational State of),BOL,2020,AMR,60.0,10801.0,8984.0,,60.0,1190.0,1190.0,1051.0,Bolivia (Plurinational State of),AMR,6007.0,4232.0,267.0,1172.0,Bolivia (Plurinational State of),AMR,3654.0,51.0,3654.0,0.0,366.0,48.0,366.0,22.0,Bolivia (Plurinational State of),AMR,6007.0,4811.0,65.0,469.0,476.0,80.0,1.0,0.8317748356633645,0.1101749837977965,0.8831932773109243,0.013957307060755337,0.0,0.8008989512235725,0.07807557849175961,0.16813717329781921,False,False,False,7071.0,0.01809242871189774,0.125,80.0,7099.0,0.7968727989857727,0.07634878151852374,0.18819552049584448,17.71266855335442,False,Anstieg,True
Bolivia (Plurinational State of),BOL,2021,AMR,60.0,12113.0,9742.0,,60.0,1177.0,1177.0,1046.0,Bolivia (Plurinational State of),AMR,7071.0,5107.0,362.0,1227.0,Bolivia (Plurinational State of),AMR,5085.0,92.0,296.0,37.0,811.0,28.0,303.0,7.0,Bolivia (Plurinational State of),AMR,7099.0,5657.0,67.0,542.0,727.0,80.0,1.0,0.8042598860728143,0.09716833154462148,0.8887000849617672,0.01809242871189774,0.125,0.7968727989857727,0.07634878151852374,0.18819552049584448,False,False,False,8073.0,0.019014891179839632,0.04353562005277045,79.0,7993.0,0.7940698110846991,0.08032028024521456,0.17953209057925684,14.170555791260075,False,Anstieg,True
Bolivia (Plurinational State of),BOL,2022,AMR,60.0,15261.0,12100.0,,60.0,1373.0,1373.0,1198.0,Bolivia (Plurinational State of),AMR,8073.0,5789.0,381.0,1349.0,Bolivia (Plurinational State of),AMR,4365.0,83.0,758.0,33.0,619.0,30.0,388.0,6.0,Bolivia (Plurinational State of),AMR,7993.0,6347.0,59.0,642.0,734.0,79.0,1.0,0.7928707162047048,0.08996789201231899,0.8725418790968682,0.019014891179839632,0.04353562005277045,0.7940698110846991,0.08032028024521456,0.17953209057925684,False,False,False,9322.0,0.014625797417146414,0.008557647424926092,79.0,8833.0,0.7890863806181365,0.07800294350730216,0.18193139363749575,15.471324166976341,False,Anstieg,True
Bolivia (Plurinational State of),BOL,2023,AMR,1.0,17782.0,16893.0,,1.0,1461.0,1461.0,1055.0,Bolivia (Plurinational State of),AMR,9322.0,6628.0,455.0,1568.0,Bolivia (Plurinational State of),AMR,6427.0,94.0,6427.0,55.0,847.0,51.0,847.0,33.0,Bolivia (Plurinational State of),AMR,8833.0,6970.0,61.0,689.0,857.0,79.0,1.0,0.9500056236643797,0.08216173658756046,0.7221081451060917,0.014625797417146414,0.008557647424926092,0.7890863806181365,0.07800294350730216,0.18193139363749575,False,False,False,9302.0,0.014683284958169712,0.004609868533378863,,,,,,-0.21454623471358078,False,Rückgang,True
Bolivia (Plurinational State of),BOL,2024,AMR,1.0,18669.0,13920.0,,1.0,1426.0,1426.0,,Bolivia (Plurinational State of),AMR,9302.0,6625.0,469.0,1458.0,Bolivia (Plurinational State of),AMR,5857.0,86.0,5857.0,27.0,827.0,46.0,827.0,10.0,,,,,,,,,,0.7456210830789008,0.07638330922920349,,0.014683284958169712,0.004609868533378863,,,,False,False,False,,,,,,,,,,False,,True
Brazil,BRA,2019,AMR,60.0,216335.0,152000.0,,60.0,12619.0,1720.0,9374.0,Brazil,AMR,86258.0,49924.0,17858.0,10705.0,Brazil,AMR,26562.0,683.0,9545.0,124.0,6516.0,348.0,3045.0,99.0,Brazil,AMR,83805.0,57650.0,65.0,6346.0,10032.0,69.0,1.0,0.7026140014329628,0.05833082950054314,0.7428480862191933,0.025713425193886003,0.012991094814038763,0.6879064494958534,0.07572340552473003,0.19620547700017898,False,False,False,76582.0,0.023649048125812935,0.009595132225602621,67.0,72825.0,0.6666392035702026,0.08427051150017165,0.2123034672159286,-11.21751025991792,False,Rückgang,True
Brazil,BRA,2020,AMR,60.0,183505.0,130719.0,,60.0,13999.0,1612.0,9987.0,Brazil,AMR,76582.0,44428.0,16275.0,9020.0,Brazil,AMR,25371.0,600.0,8546.0,82.0,6410.0,322.0,2834.0,79.0,Brazil,AMR,72825.0,48548.0,46.0,6137.0,9278.0,67.0,1.0,0.7123457126508814,0.07628674967984524,0.7134081005786127,0.023649048125812935,0.009595132225602621,0.6666392035702026,0.08427051150017165,0.2123034672159286,False,False,False,79904.0,0.025525308686547767,0.011218118319398878,65.0,78023.0,0.6464632223831435,0.09042205503505377,0.22461325506581392,4.337833955759839,False,Anstieg,True
Brazil,BRA,2021,AMR,60.0,174892.0,123589.0,,60.0,16831.0,1673.0,11732.0,Brazil,AMR,79904.0,47398.0,16634.0,9041.0,Brazil,AMR,27698.0,707.0,9449.0,106.0,7401.0,415.0,3075.0,84.0,Brazil,AMR,78023.0,50439.0,55.0,7055.0,10415.0,65.0,1.0,0.7066589666765776,0.09623653454703474,0.6970471154417444,0.025525308686547767,0.011218118319398878,0.6464632223831435,0.09042205503505377,0.22461325506581392,False,False,False,88661.0,0.02459508098380324,0.009540329575021683,66.0,87253.0,0.6560805932174252,0.08646121050279074,0.2262615612070645,10.959401281537845,False,Anstieg,True
Brazil,BRA,2022,AMR,60.0,200280.0,141633.0,,60.0,22651.0,2125.0,16222.0,Brazil,AMR,88661.0,54296.0,17318.0,9647.0,Brazil,AMR,33340.0,820.0,11530.0,110.0,9460.0,419.0,3973.0,83.0,Brazil,AMR,87253.0,57245.0,57.0,7544.0,12141.0,66.0,1.0,0.707174955062912,0.11309666466946275,0.7161714714582138,0.02459508098380324,0.009540329575021683,0.6560805932174252,0.08646121050279074,0.2262615612070645,False,False,False,92226.0,0.022454364331484573,0.009188846641318124,65.0,90537.0,0.6510597877111015,0.08567767873907906,0.2284922186509383,4.020933668693112,False,Anstieg,True
Brazil,BRA,2023,AMR,1.0,193783.0,134523.0,,1.0,20913.0,2171.0,15448.0,Brazil,AMR,92226.0,56998.0,17486.0,10251.0,Brazil,AMR,37142.0,834.0,12624.0,116.0,11395.0,503.0,4311.0,88.0,Brazil,AMR,90537.0,58945.0,57.0,7757.0,12873.0,65.0,1.0,0.6941940211473658,0.10791968335715724,0.7386792903935351,0.022454364331484573,0.009188846641318124,0.6510597877111015,0.08567767873907906,0.2284922186509383,False,False,False,92863.0,0.023320693391115928,0.009779419754427903,,,,,,0.6906945980526099,False,Anstieg,True
Brazil,BRA,2024,AMR,1.0,181855.0,111103.0,,1.0,29085.0,2500.0,,Brazil,AMR,92863.0,55243.0,19228.0,11183.0,Brazil,AMR,36920.0,861.0,9203.0,90.0,11385.0,446.0,3138.0,36.0,,,,,,,,,,0.6109427840862225,0.15993511313958925,,0.023320693391115928,0.009779419754427903,,,,False,False,False,,,,,,,,,,False,,True
Barbados,BRB,2020,AMR,60.0,8.0,8.0,,0.0,,,,Barbados,AMR,6.0,2.0,3.0,0.0,Barbados,AMR,2.0,0.0,2.0,0.0,1.0,0.0,1.0,0.0,Barbados,AMR,2.0,1.0,0.0,1.0,0.0,50.0,0.0,1.0,,,0.0,0.0,0.5,0.5,0.5,True,False,False,1.0,,,,,,,,-83.33333333333334,True,Rückgang,False
Barbados,BRB,2021,AMR,60.0,0.0,0.0,,0.0,,,,Barbados,AMR,1.0,1.0,0.0,0.0,Barbados,AMR,0.0,0.0,0.0,0.0,0.0,0.0,0.0,0.0,Barbados,AMR,,,,,,,,,,,,,,,,False,False,False,,,,,,,,,,True,,False
Barbados,BRB,2023,AMR,1.0,0.0,0.0,0.0,65.0,,,,Barbados,AMR,2.0,2.0,0.0,0.0,Barbados,AMR,2.0,0.0,2.0,0.0,0.0,0.0,0.0,0.0,Barbados,AMR,,,,,,,,,,,0.0,0.0,,,,False,False,False,,,,,,,,,,True,,False
Brunei Darussalam,BRN,2019,WPR,60.0,1348.0,1348.0,,60.0,56.0,1.0,,Brunei Darussalam,WPR,242.0,194.0,3.0,29.0,Brunei Darussalam,WPR,194.0,1.0,194.0,0.0,14.0,0.0,14.0,0.0,Brunei Darussalam,WPR,253.0,191.0,0.0,20.0,2.0,75.0,1.0,1.0,0.04154302670623145,,0.005154639175257732,0.0,0.7549407114624506,0.07905138339920949,0.08695652173913043,True,False,False,314.0,0.0,0.0,72.0,300.0,0.72,0.14666666666666667,0.14666666666666667,29.75206611570248,False,Anstieg,True
Brunei Darussalam,BRN,2020,WPR,60.0,2950.0,2950.0,,60.0,4.0,0.0,4.0,Brunei Darussalam,WPR,314.0,229.0,10.0,56.0,Brunei Darussalam,WPR,229.0,0.0,229.0,0.0,16.0,0.0,16.0,0.0,Brunei Darussalam,WPR,300.0,216.0,0.0,44.0,0.0,72.0,1.0,1.0,0.0013559322033898306,1.0,0.0,0.0,0.72,0.14666666666666667,0.14666666666666667,True,False,True,235.0,0.0,0.0,70.0,229.0,0.7030567685589519,0.15283842794759825,0.1615720524017467,-25.159235668789808,False,Rückgang,True
Brunei Darussalam,BRN,2021,WPR,60.0,7.0,7.0,,60.0,7.0,0.0,,Brunei Darussalam,WPR,235.0,162.0,13.0,40.0,Brunei Darussalam,WPR,162.0,0.0,162.0,0.0,14.0,0.0,14.0,0.0,Brunei Darussalam,WPR,229.0,161.0,0.0,35.0,2.0,70.0,1.0,1.0,1.0,,0.0,0.0,0.7030567685589519,0.15283842794759825,0.1615720524017467,True,True,False,224.0,0.0,0.0,78.0,224.0,0.7767857142857143,0.11607142857142858,0.11607142857142858,-4.680851063829787,False,Rückgang,True
Brunei Darussalam,BRN,2022,WPR,60.0,336.0,336.0,2.0,60.0,30.0,0.0,1.0,Brunei Darussalam,WPR,224.0,155.0,15.0,45.0,Brunei Darussalam,WPR,61.0,0.0,61.0,0.0,7.0,0.0,0.0,0.0,Brunei Darussalam,WPR,224.0,174.0,0.0,26.0,0.0,78.0,1.0,1.0,0.08928571428571429,0.03333333333333333,0.0,0.0,0.7767857142857143,0.11607142857142858,0.11607142857142858,True,False,False,260.0,0.0,0.0,75.0,260.0,0.75,0.1076923076923077,0.1076923076923077,16.071428571428573,False,Anstieg,True
Brunei Darussalam,BRN,2023,WPR,1.0,437.0,437.0,2.0,1.0,2.0,0.0,,Brunei Darussalam,WPR,260.0,153.0,42.0,51.0,Brunei Darussalam,WPR,153.0,0.0,152.0,0.0,12.0,0.0,11.0,0.0,Brunei Darussalam,WPR,260.0,195.0,0.0,28.0,0.0,75.0,1.0,1.0,0.004576659038901602,,0.0,0.0,0.75,0.1076923076923077,0.1076923076923077,True,False,False,235.0,0.007575757575757576,0.007575757575757576,,,,,,-9.615384615384617,False,Rückgang,True
Brunei Darussalam,BRN,2024,WPR,1.0,850.0,850.0,2.0,1.0,14.0,,,Brunei Darussalam,WPR,235.0,132.0,52.0,42.0,Brunei Darussalam,WPR,132.0,1.0,132.0,1.0,6.0,0.0,6.0,0.0,,,,,,,,,,1.0,0.01647058823529412,,0.007575757575757576,0.007575757575757576,,,,True,False,False,,,,,,,,,,False,,True
Bhutan,BTN,2019,SEA,60.0,735.0,735.0,,60.0,49.0,49.0,49.0,Bhutan,SEA,1005.0,478.0,70.0,383.0,Bhutan,SEA,476.0,73.0,424.0,60.0,52.0,5.0,40.0,5.0,Bhutan,SEA,937.0,882.0,18.0,28.0,4.0,94.0,1.0,1.0,0.06666666666666667,1.0,0.15336134453781514,0.14150943396226415,0.9413020277481323,0.029882604055496264,0.05336179295624333,True,False,True,911.0,0.17050691244239632,0.11602209944751381,94.0,848.0,0.9445754716981132,0.02240566037735849,0.04481132075471698,-9.35323383084577,False,Rückgang,True
Bhutan,BTN,2020,SEA,60.0,1354.0,1354.0,,60.0,122.0,87.0,122.0,Bhutan,SEA,911.0,434.0,68.0,338.0,Bhutan,SEA,434.0,74.0,362.0,42.0,55.0,18.0,36.0,8.0,Bhutan,SEA,848.0,801.0,19.0,19.0,0.0,94.0,1.0,1.0,0.09010339734121123,1.0,0.17050691244239632,0.11602209944751381,0.9445754716981132,0.02240566037735849,0.04481132075471698,True,False,True,854.0,0.10501193317422435,0.09350649350649351,94.0,799.0,0.9436795994993742,0.03254067584480601,0.04755944931163955,-6.256860592755214,False,Rückgang,True
Bhutan,BTN,2021,SEA,60.0,1332.0,1332.0,,60.0,30.0,30.0,30.0,Bhutan,SEA,854.0,433.0,47.0,308.0,Bhutan,SEA,419.0,44.0,385.0,36.0,26.0,1.0,23.0,0.0,Bhutan,SEA,799.0,754.0,6.0,26.0,6.0,94.0,1.0,1.0,0.02252252252252252,1.0,0.10501193317422435,0.09350649350649351,0.9436795994993742,0.03254067584480601,0.04755944931163955,True,False,True,794.0,0.13580246913580246,,90.0,748.0,0.9010695187165776,0.03609625668449198,0.07620320855614973,-7.02576112412178,False,Rückgang,True
Bhutan,BTN,2022,SEA,60.0,1479.0,1325.0,4.0,60.0,189.0,32.0,170.0,Bhutan,SEA,794.0,405.0,51.0,283.0,Bhutan,SEA,405.0,55.0,28.0,28.0,45.0,6.0,6.0,6.0,Bhutan,SEA,748.0,674.0,8.0,27.0,22.0,90.0,1.0,0.8958755916159568,0.12778904665314403,0.8994708994708994,0.13580246913580246,,0.9010695187165776,0.03609625668449198,0.07620320855614973,False,False,False,840.0,0.10129310344827586,0.09859154929577464,84.0,778.0,0.8354755784061697,0.02956298200514139,0.043701799485861184,5.793450881612091,False,Anstieg,True
Bhutan,BTN,2023,SEA,1.0,2019.0,2019.0,10.0,1.0,92.0,74.0,92.0,Bhutan,SEA,840.0,465.0,45.0,283.0,Bhutan,SEA,464.0,47.0,355.0,35.0,51.0,5.0,28.0,4.0,Bhutan,SEA,778.0,650.0,6.0,23.0,5.0,84.0,1.0,1.0,0.045567112431896976,1.0,0.10129310344827586,0.09859154929577464,0.8354755784061697,0.02956298200514139,0.043701799485861184,True,False,True,903.0,0.11847389558232932,0.08284023668639054,,,,,,7.5,False,Anstieg,True
Bhutan,BTN,2024,SEA,1.0,1176.0,3.0,3.0,1.0,158.0,120.0,,Bhutan,SEA,903.0,498.0,48.0,301.0,Bhutan,SEA,498.0,59.0,338.0,28.0,46.0,7.0,36.0,7.0,,,,,,,,,,0.002551020408163265,0.13435374149659865,,0.11847389558232932,0.08284023668639054,,,,False,False,False,,,,,,,,,,False,,True
Botswana,BWA,2023,AFR,1.0,3652.0,3178.0,0.0,1.0,3462.0,3462.0,,Botswana,AFR,1753.0,1421.0,92.0,203.0,Botswana,AFR,1389.0,56.0,56.0,56.0,29.0,0.0,0.0,0.0,Botswana,AFR,3241.0,2724.0,26.0,237.0,118.0,84.0,1.0,0.8702081051478642,0.947973713033954,,0.040316774658027354,,0.8404813329219377,0.07312557852514656,0.11755630978093182,False,False,False,2402.0,0.02321083172147002,0.45,,,,,,37.02224757558471,False,Anstieg,False
Botswana,BWA,2024,AFR,1.0,4473.0,3785.0,,1.0,1065.0,1065.0,,Botswana,AFR,2402.0,1083.0,977.0,271.0,Botswana,AFR,1034.0,24.0,20.0,9.0,46.0,14.0,13.0,5.0,,,,,,,,,,0.8461882405544378,0.23809523809523808,,0.02321083172147002,0.45,,,,False,False,False,,,,,,,,,,False,,False
Central African Republic,CAF,2021,AFR,60.0,2840.0,2840.0,,60.0,2775.0,2775.0,2616.0,Central African Republic,AFR,13216.0,6813.0,3458.0,2521.0,Central African Republic,AFR,660.0,54.0,32.0,31.0,53.0,27.0,14.0,11.0,Central African Republic,AFR,13216.0,10913.0,71.0,489.0,927.0,83.0,1.0,1.0,0.977112676056338,0.9427027027027027,0.08181818181818182,0.96875,0.8257415254237288,0.03700060532687651,0.11251513317191283,True,False,False,14389.0,0.02554278416347382,0.0,90.0,14389.0,0.9037459170199458,0.029049968726110223,0.08513447772604073,8.875605326876514,False,Anstieg,False
Central African Republic,CAF,2022,AFR,60.0,2621.0,2621.0,103.0,60.0,2621.0,2105.0,,Central African Republic,AFR,14389.0,7386.0,4246.0,2458.0,Central African Republic,AFR,2349.0,60.0,2349.0,0.0,121.0,62.0,121.0,62.0,Central African Republic,AFR,14389.0,13004.0,55.0,418.0,752.0,90.0,1.0,1.0,1.0,,0.02554278416347382,0.0,0.9037459170199458,0.029049968726110223,0.08513447772604073,True,True,False,14782.0,0.0770392749244713,,89.0,14239.0,0.8924784043823302,0.03026897956317157,0.08933211601938339,2.731253040517062,False,Anstieg,False
Central African Republic,CAF,2023,AFR,1.0,2420.0,2420.0,0.0,1.0,2216.0,2216.0,2098.0,Central African Republic,AFR,14782.0,7789.0,4011.0,2452.0,Central African Republic,AFR,1324.0,102.0,102.0,102.0,101.0,28.0,28.0,28.0,Central African Republic,AFR,14239.0,12708.0,59.0,431.0,782.0,89.0,1.0,1.0,0.915702479338843,0.9467509025270758,0.0770392749244713,,0.8924784043823302,0.03026897956317157,0.08933211601938339,True,False,False,15855.0,0.01393819855358317,0.011038701955047213,,,,,,7.258828304694899,False,Anstieg,False
Central African Republic,CAF,2024,AFR,1.0,2570.0,2570.0,10.0,1.0,2226.0,2098.0,,Central African Republic,AFR,15855.0,8456.0,4383.0,2415.0,Central African Republic,AFR,7605.0,106.0,7519.0,83.0,378.0,86.0,378.0,83.0,,,,,,,,,,1.0,0.866147859922179,,0.01393819855358317,0.011038701955047213,,,,True,False,False,,,,,,,,,,False,,False
Switzerland,CHE,2020,EUR,60.0,367.0,367.0,,60.0,72.0,9.0,,Switzerland,EUR,351.0,244.0,16.0,91.0,Switzerland,EUR,171.0,4.0,169.0,0.0,0.0,0.0,0.0,0.0,Switzerland,EUR,342.0,254.0,0.0,12.0,21.0,74.0,1.0,1.0,0.19618528610354224,,0.023391812865497075,0.0,0.7426900584795322,0.03508771929824561,0.09649122807017543,True,False,False,355.0,0.022727272727272728,0.0228310502283105,75.0,326.0,0.754601226993865,0.05828220858895705,0.08282208588957055,1.1396011396011396,False,Anstieg,False
Switzerland,CHE,2021,EUR,60.0,382.0,382.0,,60.0,59.0,17.0,,Switzerland,EUR,355.0,319.0,25.0,11.0,Switzerland,EUR,220.0,5.0,219.0,5.0,7.0,0.0,6.0,0.0,Switzerland,EUR,326.0,246.0,0.0,19.0,8.0,75.0,1.0,1.0,0.1544502617801047,,0.022727272727272728,0.0228310502283105,0.754601226993865,0.05828220858895705,0.08282208588957055,True,False,False,346.0,0.00980392156862745,0.00980392156862745,65.0,329.0,0.6534954407294833,0.02735562310030395,0.03951367781155015,-2.535211267605634,False,Rückgang,False
Switzerland,CHE,2022,EUR,60.0,712.0,712.0,11.0,60.0,91.0,13.0,,Switzerland,EUR,346.0,309.0,25.0,12.0,Switzerland,EUR,204.0,2.0,204.0,2.0,0.0,0.0,0.0,0.0,Switzerland,EUR,329.0,215.0,1.0,9.0,3.0,65.0,1.0,1.0,0.12780898876404495,,0.00980392156862745,0.00980392156862745,0.6534954407294833,0.02735562310030395,0.03951367781155015,True,False,False,413.0,0.03225806451612903,0.02040816326530612,58.0,404.0,0.5816831683168316,0.04702970297029703,0.08168316831683169,19.36416184971098,False,Anstieg,False
Switzerland,CHE,2023,EUR,1.0,1014.0,787.0,7.0,1.0,179.0,25.0,125.0,Switzerland,EUR,413.0,360.0,37.0,16.0,Switzerland,EUR,248.0,8.0,245.0,5.0,9.0,1.0,9.0,1.0,Switzerland,EUR,404.0,235.0,2.0,19.0,12.0,58.0,1.0,0.7761341222879684,0.1765285996055227,0.6983240223463687,0.03225806451612903,0.02040816326530612,0.5816831683168316,0.04702970297029703,0.08168316831683169,False,False,False,421.0,0.01953125,0.01593625498007968,,,,,,1.937046004842615,False,Anstieg,False
Switzerland,CHE,2024,EUR,1.0,907.0,802.0,11.0,1.0,170.0,31.0,,Switzerland,EUR,421.0,363.0,32.0,18.0,Switzerland,EUR,256.0,5.0,251.0,4.0,11.0,3.0,2.0,0.0,,,,,,,,,,0.8842337375964718,0.1874310915104741,,0.01953125,0.01593625498007968,,,,False,False,False,,,,,,,,,,False,,False
Chile,CHL,2019,AMR,60.0,7562.0,6273.0,,0.0,,,,Chile,AMR,2912.0,2088.0,150.0,521.0,Chile,AMR,1887.0,39.0,1723.0,20.0,221.0,18.0,203.0,7.0,Chile,AMR,2850.0,2112.0,1.0,276.0,274.0,74.0,1.0,0.8295424490875429,,,0.02066772655007949,0.011607661056297156,0.7410526315789474,0.0968421052631579,0.19333333333333333,False,False,False,2420.0,0.023178807947019868,0.01456953642384106,77.0,1992.0,0.766566265060241,0.10642570281124498,0.1892570281124498,-16.895604395604398,False,Rückgang,True
Chile,CHL,2020,AMR,60.0,5358.0,4433.0,,0.0,,,,Chile,AMR,2420.0,1654.0,122.0,530.0,Chile,AMR,1510.0,35.0,1510.0,22.0,173.0,6.0,167.0,3.0,Chile,AMR,1992.0,1527.0,1.0,212.0,164.0,77.0,1.0,0.8273609555804404,,,0.023178807947019868,0.01456953642384106,0.766566265060241,0.10642570281124498,0.1892570281124498,False,False,False,2631.0,0.02144469525959368,0.012415349887133182,74.0,2309.0,0.7392810740580338,0.13165872672152448,0.23516673884798614,8.71900826446281,False,Anstieg,True
Chile,CHL,2021,AMR,60.0,5647.0,4729.0,,0.0,,,,Chile,AMR,2631.0,1843.0,125.0,524.0,Chile,AMR,1772.0,38.0,1772.0,22.0,179.0,13.0,178.0,4.0,Chile,AMR,2309.0,1707.0,3.0,304.0,236.0,74.0,1.0,0.8374358066229857,,,0.02144469525959368,0.012415349887133182,0.7392810740580338,0.13165872672152448,0.23516673884798614,False,False,False,2880.0,0.018069179143004648,0.005162622612287042,71.0,2757.0,0.7072905331882481,0.12441059122234313,0.24845846935074356,9.464082098061574,False,Anstieg,True
Chile,CHL,2022,AMR,60.0,5610.0,4710.0,120.0,0.0,,,,Chile,AMR,2880.0,2018.0,128.0,533.0,Chile,AMR,1937.0,35.0,1937.0,10.0,237.0,16.0,237.0,6.0,Chile,AMR,2757.0,1950.0,2.0,343.0,340.0,71.0,1.0,0.839572192513369,,,0.018069179143004648,0.005162622612287042,0.7072905331882481,0.12441059122234313,0.24845846935074356,False,False,False,3151.0,0.022556390977443608,0.013157894736842105,69.0,3124.0,0.689820742637644,0.11011523687580026,0.24871959026888604,9.409722222222221,False,Anstieg,True
Chile,CHL,2023,AMR,1.0,7352.0,5779.0,163.0,66.0,,,,Chile,AMR,3151.0,2293.0,133.0,548.0,Chile,AMR,2128.0,48.0,2128.0,28.0,275.0,15.0,275.0,5.0,Chile,AMR,3124.0,2155.0,0.0,344.0,433.0,69.0,1.0,0.7860446137105549,,,0.022556390977443608,0.013157894736842105,0.689820742637644,0.11011523687580026,0.24871959026888604,False,False,False,3091.0,0.01611459265890779,0.006714413607878245,,,,,,-1.9041574103459218,False,Rückgang,True
Chile,CHL,2024,AMR,1.0,6646.0,5175.0,174.0,1.0,3164.0,,,Chile,AMR,3091.0,2239.0,137.0,534.0,Chile,AMR,2234.0,36.0,2234.0,15.0,353.0,19.0,353.0,9.0,,,,,,,,,,0.778663857959675,0.4760758350887752,,0.01611459265890779,0.006714413607878245,,,,False,False,False,,,,,,,,,,False,,True
China,CHN,2019,WPR,60.0,555211.0,435531.0,,0.0,,,,China,WPR,728265.0,295225.0,364054.0,39109.0,China,WPR,235901.0,9990.0,162153.0,4113.0,35200.0,8256.0,29204.0,4746.0,China,WPR,711965.0,672773.0,3997.0,15429.0,13731.0,94.0,1.0,0.7844423111213574,,,0.04234827321630684,0.02536493311872121,0.9449523501857535,0.021671009108593823,0.04657110953487882,False,False,False,624715.0,0.037837859582359495,0.047841679707876894,95.0,608737.0,0.9466912640434211,0.02294915538237367,0.04499151521921618,-14.218725326632475,False,Rückgang,True
China,CHN,2020,WPR,60.0,774019.0,771550.0,,0.0,,,,China,WPR,624715.0,297862.0,264362.0,33473.0,China,WPR,248587.0,9406.0,153360.0,7337.0,36433.0,6937.0,29160.0,5619.0,China,WPR,608737.0,576286.0,3009.0,13970.0,10409.0,95.0,1.0,0.9968101558230482,,,0.037837859582359495,0.047841679707876894,0.9466912640434211,0.02294915538237367,0.04499151521921618,False,False,False,585340.0,0.04233723096637133,0.031699420224380694,94.0,570910.0,0.9416317808411133,0.023693752080012613,0.043957891786796516,-6.302874110594431,False,Rückgang,True
China,CHN,2021,WPR,60.0,787268.0,784177.0,,0.0,,,4017.0,China,WPR,585340.0,296854.0,222814.0,28192.0,China,WPR,237238.0,10044.0,132810.0,4210.0,33946.0,6782.0,21505.0,3140.0,China,WPR,570910.0,537587.0,2255.0,13527.0,9314.0,94.0,1.0,0.996073763953317,,,0.04233723096637133,0.031699420224380694,0.9416317808411133,0.023693752080012613,0.043957891786796516,False,False,False,501261.0,0.02879797677973662,0.02401428435879963,95.0,493397.0,0.9461812698496342,0.028161906132384267,0.04598325486373042,-14.364130249086001,False,Rückgang,True
China,CHN,2022,WPR,60.0,735132.0,574426.0,2483.0,60.0,7683.0,425.0,4344.0,China,WPR,501261.0,268247.0,178242.0,28570.0,China,WPR,230919.0,6650.0,115931.0,2784.0,27343.0,5545.0,13596.0,2156.0,China,WPR,493397.0,466843.0,1618.0,13895.0,7175.0,95.0,1.0,0.7813916412290581,0.010451184277109418,0.5654041390082,0.02879797677973662,0.02401428435879963,0.9461812698496342,0.028161906132384267,0.04598325486373042,False,False,False,564918.0,0.03064927017350592,0.030651841862641218,95.0,548839.0,0.9450002641940533,0.028540245864452054,0.047840987976437536,12.699372183353583,False,Anstieg,True
China,CHN,2023,WPR,1.0,864765.0,701774.0,3374.0,1.0,7552.0,65.0,7432.0,China,WPR,564918.0,326625.0,168788.0,29458.0,China,WPR,290480.0,8903.0,145342.0,4455.0,33175.0,6015.0,14655.0,2589.0,China,WPR,548839.0,518653.0,1811.0,15664.0,8782.0,95.0,1.0,0.8115198926876088,0.008733008389562482,0.9841101694915254,0.03064927017350592,0.030651841862641218,0.9450002641940533,0.028540245864452054,0.047840987976437536,False,False,False,531097.0,0.03145683249851995,0.03394145409186733,,,,,,-5.9868865923904,False,Rückgang,True
China,CHN,2024,WPR,1.0,929009.0,879470.0,3685.0,1.0,15744.0,159.0,,China,WPR,531097.0,330357.0,137576.0,30105.0,China,WPR,300666.0,9458.0,137089.0,4653.0,35313.0,5797.0,16990.0,2948.0,,,,,,,,,,0.9466754358676827,0.016947090932380632,,0.03145683249851995,0.03394145409186733,,,,False,False,False,,,,,,,,,,False,,True
Côte d'Ivoire,CIV,2019,AFR,60.0,14185.0,14185.0,,60.0,5928.0,5928.0,4586.0,Côte d'Ivoire,AFR,21208.0,14229.0,2176.0,3849.0,Côte d'Ivoire,AFR,1598.0,71.0,,,1046.0,325.0,,,Côte d'Ivoire,AFR,21196.0,17845.0,369.0,1897.0,596.0,84.0,1.0,1.0,0.41790623898484314,0.7736167341430499,0.044430538172715896,,0.8419041328552557,0.08949801849405548,0.13502547650500094,True,False,False,19717.0,0.09649805447470818,0.17232375979112272,84.0,19688.0,0.8398008939455506,0.09122308004876066,0.14247257212515238,-7.030365899660505,False,Rückgang,False
Côte d'Ivoire,CIV,2020,AFR,60.0,31504.0,5562.0,,60.0,5370.0,5370.0,4413.0,Côte d'Ivoire,AFR,19717.0,12890.0,2105.0,3833.0,Côte d'Ivoire,AFR,1285.0,124.0,383.0,66.0,945.0,270.0,270.0,81.0,Côte d'Ivoire,AFR,19688.0,16534.0,341.0,1796.0,668.0,84.0,1.0,0.17654900964956832,0.17045454545454544,0.8217877094972067,0.09649805447470818,0.17232375979112272,0.8398008939455506,0.09122308004876066,0.14247257212515238,False,False,False,20729.0,0.0296680009418413,0.3611111111111111,85.0,20659.0,0.8464107652838957,0.0801103635219517,0.13626022556754924,5.132626667342902,False,Anstieg,False
Côte d'Ivoire,CIV,2021,AFR,60.0,32521.0,4973.0,,60.0,5715.0,5715.0,4758.0,Côte d'Ivoire,AFR,20729.0,14350.0,2081.0,3155.0,Côte d'Ivoire,AFR,8494.0,252.0,252.0,91.0,1307.0,255.0,255.0,87.0,Côte d'Ivoire,AFR,20659.0,17486.0,385.0,1655.0,775.0,85.0,1.0,0.15291657698102765,0.17573260354847636,0.8325459317585302,0.0296680009418413,0.3611111111111111,0.8464107652838957,0.0801103635219517,0.13626022556754924,False,False,False,21829.0,0.030198621807863802,0.995,87.0,21393.0,0.8664516430608142,0.07609965876688636,0.1199925209180573,5.306575329248878,False,Anstieg,False
Côte d'Ivoire,CIV,2022,AFR,60.0,6389.0,4775.0,766.0,60.0,6097.0,5994.0,5197.0,Côte d'Ivoire,AFR,21829.0,15287.0,1932.0,3082.0,Côte d'Ivoire,AFR,9868.0,298.0,200.0,199.0,1811.0,190.0,53.0,51.0,Côte d'Ivoire,AFR,21393.0,18536.0,294.0,1628.0,645.0,87.0,1.0,0.7473783064642354,0.9542964470183127,0.8523864195505987,0.030198621807863802,0.995,0.8664516430608142,0.07609965876688636,0.1199925209180573,False,False,False,,,,,,,,,,False,,False
Côte d'Ivoire,CIV,2024,AFR,1.0,56224.0,52069.0,1064.0,1.0,6975.0,5524.0,,Côte d'Ivoire,AFR,21913.0,15696.0,1721.0,2922.0,Côte d'Ivoire,AFR,13374.0,313.0,313.0,184.0,1762.0,170.0,170.0,120.0,,,,,,,,,,0.9260991747296529,0.1240573420603301,,0.023403618962165397,0.5878594249201278,,,,False,False,False,,,,,,,,,,False,,False
Cameroon,CMR,2022,AFR,60.0,944.0,944.0,115.0,60.0,6878.0,6878.0,422.0,Cameroon,AFR,24722.0,16064.0,4437.0,2987.0,Cameroon,AFR,4725.0,86.0,30.0,25.0,1730.0,86.0,10.0,9.0,Cameroon,AFR,24722.0,21924.0,130.0,1289.0,1060.0,89.0,1.0,1.0,,0.06135504507124164,0.0182010582010582,0.8333333333333334,0.8868214545748726,0.052139794515006874,0.1002750586522126,True,False,False,25129.0,0.017394665635871664,0.24175824175824176,89.0,24627.0,0.8912169569984164,0.04978275876070979,0.0957891744832907,1.6463069330960276,False,Anstieg,False
Cameroon,CMR,2023,AFR,1.0,43570.0,40232.0,3686.0,1.0,11008.0,10989.0,10138.0,Cameroon,AFR,25129.0,16166.0,4634.0,3008.0,Cameroon,AFR,5174.0,90.0,91.0,22.0,1888.0,84.0,27.0,14.0,Cameroon,AFR,24627.0,21948.0,115.0,1226.0,1018.0,89.0,1.0,0.9233876520541657,0.2526509065871012,0.9209665697674418,0.017394665635871664,0.24175824175824176,0.8912169569984164,0.04978275876070979,0.0957891744832907,False,False,False,,,,,,,,,,False,,False
Democratic Republic of the Congo,COD,2019,AFR,60.0,55297.0,44366.0,,60.0,34763.0,34763.0,,Democratic Republic of the Congo,AFR,178527.0,109558.0,32257.0,28461.0,Democratic Republic of the Congo,AFR,7189.0,409.0,142.0,115.0,4792.0,509.0,54.0,50.0,Democratic Republic of the Congo,AFR,178527.0,164580.0,674.0,4929.0,3713.0,92.0,1.0,0.8023220066188039,0.6286597826283523,,0.056892474613993604,0.8098591549295775,0.9218773630879363,0.02760926918617352,0.052182583026657035,False,False,False,200955.0,0.04035834663828278,0.8034682080924855,94.0,200955.0,0.940225423602299,0.022497574083750093,0.042984747829115974,12.562805626039758,False,Anstieg,True
Democratic Republic of the Congo,COD,2020,AFR,60.0,84176.0,72203.0,,60.0,45026.0,45026.0,,Democratic Republic of the Congo,AFR,200955.0,124468.0,37284.0,33066.0,Democratic Republic of the Congo,AFR,11274.0,455.0,173.0,139.0,4068.0,560.0,201.0,182.0,Democratic Republic of the Congo,AFR,200955.0,188943.0,524.0,4521.0,3593.0,94.0,1.0,0.857762307546094,0.5349030602547045,,0.04035834663828278,0.8034682080924855,0.940225423602299,0.022497574083750093,0.042984747829115974,False,False,False,214408.0,0.02285054414389194,0.8,95.0,214408.0,0.9531220849968285,0.019392933099511213,0.03905171448826536,6.69453360205021,False,Anstieg,True
Democratic Republic of the Congo,COD,2021,AFR,60.0,98726.0,88058.0,,60.0,59419.0,59419.0,,Democratic Republic of the Congo,AFR,214408.0,128141.0,44171.0,36867.0,Democratic Republic of the Congo,AFR,28577.0,653.0,235.0,188.0,3016.0,583.0,218.0,167.0,Democratic Republic of the Congo,AFR,214408.0,204357.0,557.0,4158.0,3658.0,95.0,1.0,0.8919433583858355,0.6018576666734193,,0.02285054414389194,0.8,0.9531220849968285,0.019392933099511213,0.03905171448826536,False,False,False,246119.0,0.026135402386022227,0.5743243243243243,95.0,246119.0,0.9544082334155429,0.017479349420402326,0.03613292756755878,14.790026491548822,False,Anstieg,True
Democratic Republic of the Congo,COD,2022,AFR,60.0,132659.0,117244.0,8630.0,60.0,86651.0,60508.0,,Democratic Republic of the Congo,AFR,246119.0,141230.0,55274.0,43948.0,Democratic Republic of the Congo,AFR,34283.0,896.0,444.0,255.0,3942.0,718.0,337.0,201.0,Democratic Republic of the Congo,AFR,246119.0,234898.0,595.0,4302.0,3996.0,95.0,1.0,0.8837998175773977,0.6531859881349927,,0.026135402386022227,0.5743243243243243,0.9544082334155429,0.017479349420402326,0.03613292756755878,False,False,False,258069.0,0.024908789386401328,0.5013227513227513,95.0,258069.0,0.9519004607294949,0.016956705377244072,0.036730486807791715,4.855374839000646,False,Anstieg,True
Democratic Republic of the Congo,COD,2023,AFR,1.0,97177.0,86299.0,34253.0,1.0,87914.0,59175.0,65377.0,Democratic Republic of the Congo,AFR,258069.0,145252.0,61874.0,44744.0,Democratic Republic of the Congo,AFR,30150.0,751.0,756.0,379.0,3399.0,664.0,664.0,399.0,Democratic Republic of the Congo,AFR,258069.0,245656.0,601.0,4376.0,4502.0,95.0,1.0,0.8880599318768845,0.9046790907313459,0.7436472006733853,0.024908789386401328,0.5013227513227513,0.9519004607294949,0.016956705377244072,0.036730486807791715,False,False,False,286720.0,0.020638830020810663,0.4742990654205608,,,,,,11.102069601540673,False,Anstieg,True
Democratic Republic of the Congo,COD,2024,AFR,1.0,97885.0,88163.0,29659.0,1.0,94376.0,74978.0,,Democratic Republic of the Congo,AFR,286720.0,164230.0,67042.0,48257.0,Democratic Republic of the Congo,AFR,52377.0,1081.0,1284.0,609.0,7318.0,955.0,1062.0,654.0,,,,,,,,,,0.9006793686468816,0.9641518107983859,,0.020638830020810663,0.4742990654205608,,,,False,False,False,,,,,,,,,,False,,True
Congo,COG,2022,AFR,60.0,1178.0,0.0,0.0,60.0,1178.0,1178.0,,Congo,AFR,13727.0,5859.0,4298.0,3279.0,Congo,AFR,3969.0,216.0,210.0,210.0,165.0,0.0,0.0,0.0,Congo,AFR,13727.0,11189.0,75.0,258.0,1407.0,82.0,1.0,0.0,1.0,,0.05442176870748299,,0.8151089094485321,0.018795075398848983,0.12675748524805128,True,True,False,14370.0,0.027260179434092476,0.022429261559696344,86.0,14370.0,0.8638830897703549,0.02025052192066806,0.09916492693110647,4.684199023821665,False,Anstieg,False
Congo,COG,2023,AFR,1.0,15180.0,3175.0,189.0,1.0,1718.0,1718.0,1389.0,Congo,AFR,14370.0,7384.0,3994.0,2791.0,Congo,AFR,5796.0,158.0,5796.0,130.0,118.0,70.0,118.0,60.0,Congo,AFR,14370.0,12414.0,68.0,291.0,1066.0,86.0,1.0,0.20915678524374176,0.11317523056653492,0.8084982537834692,0.027260179434092476,0.022429261559696344,0.8638830897703549,0.02025052192066806,0.09916492693110647,False,False,False,13333.0,0.02861466501582061,0.9038461538461539,,,,,,-7.216423103688239,False,Rückgang,False
Congo,COG,2024,AFR,1.0,10131.0,3141.0,103.0,1.0,1497.0,1377.0,,Congo,AFR,13333.0,7321.0,3405.0,2399.0,Congo,AFR,7269.0,208.0,208.0,188.0,160.0,35.0,35.0,35.0,,,,,,,,,,0.31003849570624814,0.1477642878294344,,0.02861466501582061,0.9038461538461539,,,,False,False,False,,,,,,,,,,False,,False
Cook Islands,COK,2019,WPR,60.0,28.0,28.0,,5.0,,,,Cook Islands,WPR,1.0,1.0,0.0,0.0,Cook Islands,WPR,,,,,,,,,Cook Islands,WPR,1.0,1.0,,,,100.0,0.0,1.0,,,,,1.0,,,True,False,False,1.0,,,100.0,1.0,1.0,0.0,0.0,0.0,True,Unverändert,False
Cook Islands,COK,2020,WPR,60.0,4.0,0.0,,0.0,,,,Cook Islands,WPR,1.0,1.0,0.0,0.0,Cook Islands,WPR,0.0,0.0,0.0,0.0,0.0,0.0,0.0,0.0,Cook Islands,WPR,1.0,1.0,0.0,0.0,0.0,100.0,0.0,0.0,,,,,1.0,0.0,0.0,True,False,False,,,,,,,,,,True,,False
Cook Islands,COK,2023,WPR,1.0,3.0,3.0,0.0,1.0,3.0,3.0,,Cook Islands,WPR,4.0,4.0,0.0,0.0,Cook Islands,WPR,0.0,0.0,0.0,0.0,0.0,0.0,0.0,0.0,Cook Islands,WPR,,,,,,,,1.0,1.0,,,,,,,True,True,False,,,,,,,,,,True,,False
Colombia,COL,2019,AMR,60.0,21130.0,3575.0,,60.0,2346.0,415.0,,Colombia,AMR,14292.0,9387.0,2092.0,2468.0,Colombia,AMR,2080.0,106.0,709.0,64.0,193.0,24.0,38.0,19.0,Colombia,AMR,13503.0,10120.0,139.0,1684.0,1210.0,75.0,1.0,0.16919072408897304,0.1110269758637009,,0.05096153846153846,0.09026798307475317,0.7494630822780123,0.12471302673479967,0.224616751832926,False,False,False,12088.0,0.015988372093023256,0.10989010989010989,71.0,11634.0,0.7072374075984185,0.16254082860581057,0.2723912669761045,-15.42121466554716,False,Rückgang,True
Colombia,COL,2020,AMR,60.0,14572.0,1022.0,,60.0,1458.0,169.0,339.0,Colombia,AMR,12088.0,6944.0,2925.0,1924.0,Colombia,AMR,1376.0,22.0,91.0,10.0,191.0,7.0,5.0,5.0,Colombia,AMR,11634.0,8228.0,110.0,1891.0,1168.0,71.0,1.0,0.07013450452923414,0.10005489980785068,0.23251028806584362,0.015988372093023256,0.10989010989010989,0.7072374075984185,0.16254082860581057,0.2723912669761045,False,False,False,13659.0,0.010848755583918315,0.4117647058823529,73.0,13141.0,0.7325926489612663,0.13865002663419831,0.23841412373487558,12.996360026472534,False,Anstieg,True
Colombia,COL,2021,AMR,60.0,20335.0,3838.0,,60.0,2291.0,231.0,2027.0,Colombia,AMR,13659.0,8256.0,2846.0,2202.0,Colombia,AMR,3134.0,34.0,34.0,14.0,289.0,10.0,14.0,5.0,Colombia,AMR,13141.0,9627.0,152.0,1822.0,1159.0,73.0,1.0,0.188738627981313,0.11266289648389476,0.8847664775207333,0.010848755583918315,0.4117647058823529,0.7325926489612663,0.13865002663419831,0.23841412373487558,False,False,False,16692.0,0.012224108658743633,0.006193594054149708,74.0,16692.0,0.739995207284927,0.12640786005271987,0.239515935777618,22.20513946848232,False,Anstieg,True
Colombia,COL,2022,AMR,60.0,16853.0,2681.0,194.0,60.0,1248.0,384.0,1090.0,Colombia,AMR,16692.0,11265.0,2686.0,2383.0,Colombia,AMR,5890.0,72.0,5651.0,35.0,389.0,6.0,380.0,2.0,Colombia,AMR,16692.0,12352.0,160.0,2110.0,1728.0,74.0,1.0,0.15908146917462768,0.07405209754939773,0.8733974358974359,0.012224108658743633,0.006193594054149708,0.739995207284927,0.12640786005271987,0.239515935777618,False,False,False,19970.0,0.025071633237822348,0.009107654523127302,68.0,18998.0,0.6811243288767239,0.12896094325718496,0.2703968838825139,19.638150011981786,False,Anstieg,True
Colombia,COL,2023,AMR,1.0,35993.0,4651.0,345.0,1.0,1840.0,423.0,1551.0,Colombia,AMR,19970.0,14524.0,2148.0,2805.0,Colombia,AMR,9772.0,245.0,9772.0,89.0,817.0,105.0,817.0,45.0,Colombia,AMR,18998.0,12940.0,186.0,2450.0,2501.0,68.0,1.0,0.12921957047203622,0.05112105131553358,0.8429347826086957,0.025071633237822348,0.009107654523127302,0.6811243288767239,0.12896094325718496,0.2703968838825139,False,False,False,20977.0,0.026092452148790177,0.013570127504553733,,,,,,5.042563845768653,False,Anstieg,True
Colombia,COL,2024,AMR,1.0,48560.0,33992.0,470.0,1.0,1956.0,445.0,,Colombia,AMR,20977.0,15734.0,2009.0,2802.0,Colombia,AMR,11076.0,289.0,10980.0,149.0,904.0,43.0,884.0,15.0,,,,,,,,,,0.7,0.04028006589785832,,0.026092452148790177,0.013570127504553733,,,,False,False,False,,,,,,,,,,False,,True
Comoros,COM,2023,AFR,1.0,1.0,1.0,1.0,1.0,1.0,1.0,,Comoros,AFR,107.0,50.0,21.0,33.0,Comoros,AFR,50.0,1.0,50.0,0.0,3.0,0.0,0.0,0.0,Comoros,AFR,111.0,102.0,2.0,2.0,5.0,92.0,1.0,1.0,1.0,,0.02,0.0,0.918918918918919,0.018018018018018018,0.08108108108108109,True,True,False,128.0,0.0,,,,,,,19.626168224299064,False,Anstieg,False
Comoros,COM,2024,AFR,1.0,17.0,1.0,1.0,1.0,17.0,16.0,,Comoros,AFR,128.0,51.0,27.0,47.0,Comoros,AFR,51.0,0.0,0.0,0.0,6.0,0.0,0.0,0.0,,,,,,,,,,0.058823529411764705,1.0,,0.0,,,,,False,True,False,,,,,,,,,,False,,False
Cabo Verde,CPV,2019,AFR,60.0,145.0,145.0,,60.0,54.0,30.0,54.0,Cabo Verde,AFR,203.0,143.0,23.0,24.0,Cabo Verde,AFR,99.0,1.0,0.0,0.0,11.0,1.0,1.0,1.0,Cabo Verde,AFR,203.0,181.0,1.0,10.0,10.0,89.0,1.0,1.0,0.3724137931034483,1.0,0.010101010101010102,,0.8916256157635468,0.04926108374384237,0.10344827586206896,True,False,True,207.0,0.0,0.0,91.0,207.0,0.9130434782608695,0.043478260869565216,0.08695652173913043,1.9704433497536946,False,Anstieg,False
Cabo Verde,CPV,2020,AFR,60.0,110.0,110.0,,,48.0,21.0,48.0,Cabo Verde,AFR,207.0,151.0,18.0,23.0,Cabo Verde,AFR,77.0,0.0,77.0,0.0,9.0,0.0,9.0,0.0,Cabo Verde,AFR,207.0,189.0,2.0,9.0,7.0,91.0,1.0,1.0,0.43636363636363634,1.0,0.0,0.0,0.9130434782608695,0.043478260869565216,0.08695652173913043,True,False,True,182.0,0.0,0.0,92.0,182.0,0.9175824175824175,0.04945054945054945,0.08241758241758242,-12.077294685990339,False,Rückgang,False
Cabo Verde,CPV,2021,AFR,60.0,78.0,78.0,,60.0,58.0,15.0,58.0,Cabo Verde,AFR,182.0,142.0,16.0,11.0,Cabo Verde,AFR,98.0,0.0,98.0,0.0,11.0,1.0,11.0,0.0,Cabo Verde,AFR,182.0,167.0,4.0,9.0,2.0,92.0,1.0,1.0,0.7435897435897436,1.0,0.0,0.0,0.9175824175824175,0.04945054945054945,0.08241758241758242,True,False,True,145.0,0.0,0.0,71.0,168.0,0.7142857142857143,0.05357142857142857,0.06547619047619048,-20.32967032967033,False,Rückgang,False
Cabo Verde,CPV,2022,AFR,60.0,70.0,70.0,0.0,60.0,61.0,9.0,,Cabo Verde,AFR,145.0,109.0,23.0,13.0,Cabo Verde,AFR,101.0,0.0,101.0,0.0,8.0,2.0,2.0,0.0,Cabo Verde,AFR,168.0,120.0,1.0,9.0,1.0,71.0,1.0,1.0,0.8714285714285714,,0.0,0.0,0.7142857142857143,0.05357142857142857,0.06547619047619048,True,False,False,,,,,,,,,,False,,False
Costa Rica,CRI,2019,AMR,60.0,1554.0,78.0,,60.0,529.0,113.0,,Costa Rica,AMR,405.0,315.0,12.0,62.0,Costa Rica,AMR,315.0,1.0,315.0,1.0,21.0,0.0,21.0,0.0,Costa Rica,AMR,,,,,,,,0.05019305019305019,0.3404118404118404,,0.0031746031746031746,0.0031746031746031746,,,,False,False,False,,,,,,,,,,False,,False
Costa Rica,CRI,2021,AMR,60.0,872.0,866.0,,60.0,249.0,48.0,249.0,Costa Rica,AMR,350.0,291.0,4.0,48.0,Costa Rica,AMR,122.0,0.0,122.0,0.0,4.0,0.0,4.0,0.0,Costa Rica,AMR,360.0,299.0,3.0,39.0,5.0,83.0,1.0,0.9931192660550459,0.2855504587155963,1.0,0.0,0.0,0.8305555555555556,0.10833333333333334,0.13055555555555556,False,False,True,392.0,0.0,0.0,,,,,,12.0,False,Anstieg,False
Costa Rica,CRI,2022,AMR,60.0,1267.0,1267.0,0.0,60.0,433.0,88.0,,Costa Rica,AMR,392.0,305.0,13.0,57.0,Costa Rica,AMR,124.0,0.0,124.0,0.0,7.0,0.0,0.0,0.0,Costa Rica,AMR,,,,,,,1.0,1.0,0.34175217048145223,,0.0,0.0,,,,True,False,False,474.0,0.007853403141361256,0.0,86.0,462.0,0.8636363636363636,0.06493506493506493,0.12121212121212122,20.918367346938776,False,Anstieg,False
Costa Rica,CRI,2023,AMR,1.0,1662.0,1478.0,,1.0,772.0,109.0,772.0,Costa Rica,AMR,474.0,382.0,21.0,60.0,Costa Rica,AMR,382.0,3.0,382.0,0.0,11.0,0.0,11.0,0.0,Costa Rica,AMR,462.0,399.0,2.0,30.0,24.0,86.0,1.0,0.8892900120336944,0.4645006016847172,1.0,0.007853403141361256,0.0,0.8636363636363636,0.06493506493506493,0.12121212121212122,False,False,True,455.0,0.0028089887640449437,0.0028089887640449437,,,,,,-4.008438818565401,False,Rückgang,False
Costa Rica,CRI,2024,AMR,1.0,1697.0,1697.0,15.0,1.0,460.0,113.0,,Costa Rica,AMR,455.0,357.0,16.0,67.0,Costa Rica,AMR,356.0,1.0,356.0,1.0,13.0,1.0,13.0,1.0,,,,,,,,,,1.0,0.27106658809664114,,0.0028089887640449437,0.0028089887640449437,,,,True,False,False,,,,,,,,,,False,,False
Cuba,CUB,2019,AMR,60.0,9774.0,9774.0,,60.0,2568.0,152.0,931.0,Cuba,AMR,636.0,482.0,55.0,51.0,Cuba,AMR,319.0,7.0,283.0,5.0,53.0,3.0,41.0,3.0,Cuba,AMR,617.0,507.0,12.0,60.0,38.0,82.0,1.0,1.0,0.2627378759975445,0.36253894080996885,0.0219435736677116,0.0176678445229682,0.8217179902755267,0.09724473257698542,0.17828200972447325,True,False,False,580.0,0.010526315789473684,0.0,79.0,573.0,0.794066317626527,0.12216404886561955,0.15357766143106458,-8.80503144654088,False,Rückgang,True
Cuba,CUB,2020,AMR,60.0,8527.0,7555.0,,60.0,615.0,105.0,588.0,Cuba,AMR,580.0,375.0,85.0,72.0,Cuba,AMR,190.0,2.0,156.0,0.0,35.0,3.0,25.0,2.0,Cuba,AMR,573.0,455.0,6.0,70.0,12.0,79.0,1.0,0.8860091474140964,0.07212384191392049,0.9560975609756097,0.010526315789473684,0.0,0.794066317626527,0.12216404886561955,0.15357766143106458,False,False,False,509.0,0.007518796992481203,0.0,81.0,500.0,0.81,0.104,0.148,-12.241379310344827,False,Rückgang,True
Cuba,CUB,2021,AMR,60.0,3418.0,2734.0,,60.0,615.0,21.0,588.0,Cuba,AMR,509.0,329.0,102.0,46.0,Cuba,AMR,133.0,1.0,111.0,0.0,19.0,1.0,14.0,0.0,Cuba,AMR,500.0,405.0,8.0,52.0,14.0,81.0,1.0,0.7998829724985371,0.17992978349912228,0.9560975609756097,0.007518796992481203,0.0,0.81,0.104,0.148,False,False,False,717.0,0.009302325581395349,0.005847953216374269,85.0,711.0,0.8466947960618847,0.10548523206751055,0.15330520393811534,40.86444007858546,False,Anstieg,True
Cuba,CUB,2022,AMR,60.0,6869.0,6869.0,53.0,60.0,1254.0,57.0,753.0,Cuba,AMR,717.0,471.0,104.0,85.0,Cuba,AMR,215.0,2.0,171.0,1.0,44.0,3.0,24.0,0.0,Cuba,AMR,711.0,602.0,10.0,75.0,24.0,85.0,1.0,1.0,0.182559324501383,0.6004784688995215,0.009302325581395349,0.005847953216374269,0.8466947960618847,0.10548523206751055,0.15330520393811534,True,False,False,753.0,0.07246376811594203,0.0,88.0,748.0,0.8756684491978609,0.08021390374331551,0.12032085561497326,5.02092050209205,False,Anstieg,True
Cuba,CUB,2023,AMR,1.0,6166.0,6013.0,143.0,1.0,2071.0,87.0,1077.0,Cuba,AMR,753.0,520.0,114.0,70.0,Cuba,AMR,207.0,15.0,105.0,0.0,20.0,3.0,13.0,0.0,Cuba,AMR,748.0,655.0,12.0,60.0,18.0,88.0,1.0,0.9751865066493675,0.3358741485566007,0.5200386286817963,0.07246376811594203,0.0,0.8756684491978609,0.08021390374331551,0.12032085561497326,False,False,False,1054.0,0.0066815144766146995,0.125,,,,,,39.9734395750332,False,Anstieg,True
Cuba,CUB,2024,AMR,1.0,7490.0,6559.0,310.0,1.0,3096.0,108.0,,Cuba,AMR,1054.0,781.0,91.0,78.0,Cuba,AMR,449.0,3.0,8.0,1.0,74.0,5.0,8.0,0.0,,,,,,,,,,0.8757009345794392,0.41335113484646197,,0.0066815144766146995,0.125,,,,False,False,False,,,,,,,,,,False,,True
Curaçao,CUW,2022,AMR,60.0,8.0,8.0,0.0,60.0,0.0,0.0,,Curaçao,AMR,5.0,5.0,0.0,0.0,Curaçao,AMR,5.0,0.0,5.0,0.0,0.0,0.0,0.0,0.0,Curaçao,AMR,,,,,,,,1.0,0.0,,0.0,0.0,,,,True,True,False,,,,,,,,,,True,,False
Cayman Islands,CYM,2020,AMR,60.0,2.0,2.0,,60.0,0.0,0.0,,Cayman Islands,AMR,2.0,1.0,0.0,1.0,Cayman Islands,AMR,1.0,0.0,0.0,0.0,0.0,0.0,0.0,0.0,Cayman Islands,AMR,,,,,,,,1.0,0.0,,0.0,,,,,True,True,False,,,,,,,,,,True,,False
Cayman Islands,CYM,2022,AMR,60.0,12.0,12.0,0.0,60.0,1.0,0.0,1.0,Cayman Islands,AMR,6.0,3.0,2.0,1.0,Cayman Islands,AMR,3.0,0.0,3.0,0.0,0.0,0.0,0.0,0.0,Cayman Islands,AMR,6.0,6.0,0.0,0.0,0.0,100.0,1.0,1.0,0.08333333333333333,1.0,0.0,0.0,1.0,0.0,0.0,True,False,True,3.0,,,,,,,,-50.0,True,Rückgang,False
Cayman Islands,CYM,2023,AMR,1.0,0.0,0.0,0.0,1.0,0.0,0.0,,Cayman Islands,AMR,3.0,0.0,3.0,0.0,Cayman Islands,AMR,0.0,0.0,0.0,0.0,0.0,0.0,0.0,0.0,Cayman Islands,AMR,,,,,,,,,,,,,,,,False,False,False,,,,,,,,,,True,,False
Dominica,DMA,2019,AMR,60.0,10.0,3.0,,60.0,3.0,0.0,,Dominica,AMR,10.0,7.0,2.0,0.0,Dominica,AMR,1.0,0.0,0.0,0.0,1.0,0.0,0.0,0.0,Dominica,AMR,,,,,,,,0.3,0.3,,0.0,,,,,False,False,False,,,,,,,,,,False,,False
Dominica,DMA,2023,AMR,1.0,2.0,2.0,1.0,1.0,1.0,0.0,0.0,Dominica,AMR,4.0,4.0,0.0,0.0,Dominica,AMR,0.0,0.0,0.0,0.0,0.0,0.0,0.0,0.0,Dominica,AMR,4.0,3.0,1.0,0.0,0.0,75.0,1.0,1.0,0.5,0.0,,,0.75,0.0,0.25,True,False,True,3.0,0.0,,,,,,,-25.0,True,Rückgang,False
Dominica,DMA,2024,AMR,1.0,1.0,1.0,1.0,1.0,0.0,0.0,,Dominica,AMR,3.0,2.0,0.0,0.0,Dominica,AMR,1.0,0.0,0.0,0.0,0.0,0.0,0.0,0.0,,,,,,,,,,1.0,0.0,,0.0,,,,,True,True,False,,,,,,,,,,True,,False
Dominican Republic,DOM,2019,AMR,60.0,1488.0,761.0,,60.0,,72.0,,Dominican Republic,AMR,3588.0,1984.0,893.0,361.0,Dominican Republic,AMR,898.0,83.0,108.0,42.0,220.0,34.0,31.0,8.0,Dominican Republic,AMR,3428.0,2735.0,16.0,201.0,447.0,80.0,1.0,0.5114247311827957,,,0.09242761692650334,0.3888888888888889,0.7978413068844807,0.05863477246207701,0.19369894982497082,False,False,False,2619.0,0.09733700642791551,0.16013071895424835,84.0,2418.0,0.8374689826302729,0.05996691480562448,0.1621174524400331,-27.0066889632107,False,Rückgang,True
Dominican Republic,DOM,2020,AMR,60.0,5110.0,2118.0,,60.0,85.0,85.0,,Dominican Republic,AMR,2619.0,1559.0,592.0,225.0,Dominican Republic,AMR,1089.0,106.0,306.0,49.0,229.0,42.0,43.0,21.0,Dominican Republic,AMR,2418.0,2025.0,17.0,145.0,230.0,84.0,1.0,0.41448140900195696,0.016634050880626222,,0.09733700642791551,0.16013071895424835,0.8374689826302729,0.05996691480562448,0.1621174524400331,False,False,False,3374.0,0.07250580046403712,0.1327683615819209,82.0,3175.0,0.8173228346456692,0.06015748031496063,0.1826771653543307,28.827796869033982,False,Anstieg,True
Dominican Republic,DOM,2021,AMR,60.0,1676.0,952.0,,0.0,,,,Dominican Republic,AMR,3374.0,2054.0,730.0,275.0,Dominican Republic,AMR,1724.0,125.0,354.0,47.0,273.0,32.0,68.0,13.0,Dominican Republic,AMR,3175.0,2595.0,15.0,191.0,374.0,82.0,1.0,0.568019093078759,,,0.07250580046403712,0.1327683615819209,0.8173228346456692,0.06015748031496063,0.1826771653543307,False,False,False,4080.0,0.06588973554459883,0.08955223880597014,80.0,3853.0,0.8014534129249935,0.06410589151310667,0.19802751103036595,20.92471843509188,False,Anstieg,True
Dominican Republic,DOM,2022,AMR,60.0,2086.0,1141.0,177.0,60.0,73.0,73.0,67.0,Dominican Republic,AMR,4080.0,2527.0,857.0,280.0,Dominican Republic,AMR,2231.0,147.0,134.0,12.0,380.0,25.0,35.0,5.0,Dominican Republic,AMR,3853.0,3088.0,14.0,247.0,502.0,80.0,1.0,0.5469798657718121,0.034995206136145734,0.9178082191780822,0.06588973554459883,0.08955223880597014,0.8014534129249935,0.06410589151310667,0.19802751103036595,False,False,False,4377.0,0.05513784461152882,0.3967391304347826,81.0,4177.0,0.8089537945894183,0.05338759875508738,0.1888915489585827,7.279411764705883,False,Anstieg,True
Dominican Republic,DOM,2023,AMR,1.0,6824.0,3036.0,254.0,1.0,111.0,111.0,,Dominican Republic,AMR,4377.0,2530.0,1077.0,326.0,Dominican Republic,AMR,2394.0,132.0,184.0,73.0,407.0,42.0,39.0,23.0,Dominican Republic,AMR,4177.0,3379.0,15.0,223.0,551.0,81.0,1.0,0.4449003516998828,0.01626611957796014,,0.05513784461152882,0.3967391304347826,0.8089537945894183,0.05338759875508738,0.1888915489585827,False,False,False,4506.0,0.04992012779552716,0.03362690152121697,,,,,,2.9472241261137766,False,Anstieg,True
Dominican Republic,DOM,2024,AMR,1.0,6684.0,2639.0,235.0,1.0,55.0,9.0,,Dominican Republic,AMR,4506.0,2592.0,1127.0,312.0,Dominican Republic,AMR,2504.0,125.0,2498.0,84.0,474.0,37.0,8.0,0.0,,,,,,,,,,0.3948234590065829,0.008228605625374027,,0.04992012779552716,0.03362690152121697,,,,False,False,False,,,,,,,,,,False,,True
Algeria,DZA,2022,AFR,60.0,10000.0,1091.0,37.0,60.0,1091.0,,1091.0,Algeria,AFR,18738.0,4900.0,720.0,12912.0,Algeria,AFR,70.0,21.0,,,80.0,27.0,,,Algeria,AFR,4015.0,3629.0,17.0,139.0,136.0,90.0,0.0,0.1091,0.1091,1.0,0.3,,0.9038605230386052,0.034620174346201744,0.07272727272727272,False,False,True,18804.0,0.21739130434782608,0.15217391304347827,,,,,,0.35222542427153375,False,Anstieg,False
Algeria,DZA,2023,AFR,1.0,4127.0,1360.0,1360.0,1.0,1360.0,1312.0,,Algeria,AFR,18804.0,4635.0,796.0,13141.0,Algeria,AFR,46.0,10.0,46.0,7.0,27.0,9.0,27.0,6.0,Algeria,AFR,,,,,,,,0.32953719408771504,0.32953719408771504,,0.21739130434782608,0.15217391304347827,,,,False,False,False,,,,,,,,,,False,,False
Ecuador,ECU,2019,AMR,60.0,9155.0,8112.0,,60.0,605.0,469.0,,Ecuador,AMR,6348.0,4373.0,663.0,998.0,Ecuador,AMR,1113.0,59.0,1113.0,56.0,446.0,98.0,446.0,82.0,Ecuador,AMR,4373.0,3491.0,84.0,168.0,539.0,80.0,0.0,0.8860731840524304,0.06608410704533042,,0.053009883198562445,0.050314465408805034,0.7983077978504459,0.03841756231420078,0.180882689229362,False,False,False,5268.0,0.032758620689655175,0.06209150326797386,70.0,5175.0,0.7029951690821256,0.05004830917874396,0.25333333333333335,-17.01323251417769,False,Rückgang,True
Ecuador,ECU,2020,AMR,60.0,14553.0,12516.0,,60.0,638.0,452.0,,Ecuador,AMR,5268.0,3547.0,700.0,719.0,Ecuador,AMR,2900.0,95.0,612.0,38.0,503.0,161.0,197.0,49.0,Ecuador,AMR,5175.0,3638.0,66.0,259.0,986.0,70.0,0.0,0.86002886002886,0.04383975812547241,,0.032758620689655175,0.06209150326797386,0.7029951690821256,0.05004830917874396,0.25333333333333335,False,False,False,5595.0,0.09691330004539264,0.09951456310679611,69.0,5473.0,0.6923076923076923,0.05919970765576466,0.23990498812351543,6.207289293849659,False,Anstieg,True
Ecuador,ECU,2021,AMR,60.0,6777.0,6132.0,,60.0,546.0,454.0,,Ecuador,AMR,5595.0,3982.0,576.0,759.0,Ecuador,AMR,4406.0,427.0,2060.0,205.0,,,,,Ecuador,AMR,5473.0,3789.0,60.0,324.0,929.0,69.0,0.0,0.9048251438689686,0.08056662239929172,,0.09691330004539264,0.09951456310679611,0.6923076923076923,0.05919970765576466,0.23990498812351543,False,False,False,6922.0,0.08426483233018056,0.09956521739130435,71.0,6345.0,0.7109535066981876,0.0512214342001576,0.230575256107171,23.717605004468275,False,Anstieg,True
Ecuador,ECU,2022,AMR,60.0,7397.0,6927.0,348.0,60.0,423.0,423.0,,Ecuador,AMR,6922.0,4907.0,660.0,882.0,Ecuador,AMR,5815.0,490.0,2300.0,229.0,,,,,Ecuador,AMR,6345.0,4511.0,65.0,325.0,1073.0,71.0,0.0,0.9364607273218872,0.05718534541030147,,0.08426483233018056,0.09956521739130435,0.7109535066981876,0.0512214342001576,0.230575256107171,False,False,False,8301.0,0.04226125137211855,0.30073349633251834,72.0,7525.0,0.7160132890365448,0.051029900332225916,0.22591362126245848,19.921987864778963,False,Anstieg,True
Ecuador,ECU,2023,AMR,1.0,18373.0,14189.0,77.0,1.0,323.0,323.0,,Ecuador,AMR,8301.0,5613.0,943.0,1225.0,Ecuador,AMR,5466.0,231.0,409.0,123.0,828.0,96.0,200.0,33.0,Ecuador,AMR,7525.0,5388.0,54.0,384.0,1262.0,72.0,0.0,0.7722745332825341,0.017580144777662874,,0.04226125137211855,0.30073349633251834,0.7160132890365448,0.051029900332225916,0.22591362126245848,False,False,False,9370.0,0.05322746654903691,0.2248062015503876,,,,,,12.87796651005903,False,Anstieg,True
Ecuador,ECU,2024,AMR,1.0,38754.0,16485.0,106.0,1.0,303.0,303.0,,Ecuador,AMR,9370.0,6801.0,848.0,1081.0,Ecuador,AMR,6801.0,362.0,645.0,145.0,660.0,90.0,124.0,39.0,,,,,,,,,,0.4253754451153429,0.007818547762811582,,0.05322746654903691,0.2248062015503876,,,,False,False,False,,,,,,,,,,False,,True
Egypt,EGY,2019,EMR,60.0,9044.0,7690.0,,60.0,455.0,429.0,392.0,Egypt,EMR,8046.0,3678.0,228.0,3673.0,Egypt,EMR,3360.0,47.0,1158.0,7.0,295.0,217.0,295.0,54.0,Egypt,EMR,8046.0,7000.0,68.0,283.0,695.0,87.0,1.0,0.8502874834144184,0.05030959752321981,0.8615384615384616,0.013988095238095239,0.006044905008635579,0.8699975142928164,0.035172756649266716,0.1300024857071837,False,False,False,6982.0,0.007815275310834813,0.0021314387211367673,89.0,6834.0,0.8906935908691835,0.03219198127011999,0.10623353819139596,-13.22396221725081,False,Rückgang,False
Egypt,EGY,2020,EMR,60.0,12420.0,8552.0,,60.0,869.0,419.0,869.0,Egypt,EMR,6982.0,3311.0,98.0,3282.0,Egypt,EMR,2815.0,22.0,2815.0,6.0,326.0,41.0,326.0,5.0,Egypt,EMR,6834.0,6087.0,58.0,220.0,448.0,89.0,1.0,0.6885668276972625,0.06996779388083736,1.0,0.007815275310834813,0.0021314387211367673,0.8906935908691835,0.03219198127011999,0.10623353819139596,False,False,True,,,,,,,,,,False,,False
Egypt,EGY,2022,EMR,60.0,7718.0,7018.0,49.0,60.0,987.0,913.0,789.0,Egypt,EMR,7967.0,3459.0,781.0,3428.0,Egypt,EMR,1079.0,60.0,1079.0,4.0,160.0,70.0,160.0,12.0,Egypt,EMR,7967.0,6916.0,93.0,325.0,633.0,87.0,1.0,0.909302928219746,0.12788287121015807,0.7993920972644377,0.05560704355885079,0.0037071362372567192,0.8680808334379315,0.040793272248023094,0.13191916656206853,False,False,False,9312.0,0.007828282828282828,0.0030303030303030303,88.0,9277.0,0.8756063382559017,0.029104236283281234,0.12439366174409831,16.8821388226434,False,Anstieg,False
Egypt,EGY,2023,EMR,1.0,20668.0,15086.0,70.0,1.0,1087.0,1028.0,,Egypt,EMR,9312.0,4470.0,489.0,4033.0,Egypt,EMR,3960.0,31.0,3960.0,12.0,92.0,39.0,92.0,2.0,Egypt,EMR,9277.0,8123.0,88.0,270.0,796.0,88.0,1.0,0.729920650280627,0.05259338107218889,,0.007828282828282828,0.0030303030303030303,0.8756063382559017,0.029104236283281234,0.12439366174409831,False,False,False,10658.0,0.013065064018813691,0.00339691664489156,,,,,,14.454467353951891,False,Anstieg,False
Egypt,EGY,2024,EMR,1.0,14799.0,12226.0,96.0,1.0,3116.0,613.0,,Egypt,EMR,10658.0,5567.0,330.0,4384.0,Egypt,EMR,3827.0,50.0,3827.0,13.0,277.0,39.0,277.0,13.0,,,,,,,,,,0.826136901141969,0.21055476721400096,,0.013065064018813691,0.00339691664489156,,,,False,False,False,,,,,,,,,,False,,False
Eritrea,ERI,2019,AFR,60.0,1695.0,90.0,,60.0,161.0,161.0,,Eritrea,AFR,1828.0,741.0,349.0,637.0,Eritrea,AFR,686.0,16.0,16.0,6.0,46.0,1.0,1.0,0.0,Eritrea,AFR,1816.0,1691.0,20.0,73.0,14.0,93.0,1.0,0.05309734513274336,0.09498525073746313,,0.023323615160349854,0.375,0.9311674008810573,0.040198237885462555,0.05892070484581498,False,False,False,1594.0,0.030303030303030304,,91.0,1617.0,0.9090909090909091,0.04638218923933209,0.08163265306122448,-12.800875273522976,False,Rückgang,False
Eritrea,ERI,2020,AFR,60.0,2021.0,78.0,,60.0,141.0,141.0,,Eritrea,AFR,1594.0,660.0,244.0,571.0,Eritrea,AFR,660.0,20.0,0.0,0.0,83.0,8.0,0.0,0.0,Eritrea,AFR,1617.0,1470.0,45.0,75.0,12.0,91.0,1.0,0.03859475507174666,0.06976744186046512,,0.030303030303030304,,0.9090909090909091,0.04638218923933209,0.08163265306122448,False,False,False,,,,,,,,,,False,,False
Eritrea,ERI,2022,AFR,60.0,59.0,59.0,10.0,60.0,473.0,13.0,471.0,Eritrea,AFR,1963.0,700.0,566.0,576.0,Eritrea,AFR,700.0,16.0,0.0,0.0,64.0,8.0,0.0,0.0,Eritrea,AFR,1955.0,1842.0,24.0,52.0,14.0,94.0,1.0,1.0,,0.9957716701902748,0.022857142857142857,,0.9421994884910486,0.02659846547314578,0.04603580562659847,True,False,False,2220.0,0.02207792207792208,0.36,93.0,2210.0,0.9343891402714932,0.03619909502262444,0.04841628959276018,13.092205807437596,False,Anstieg,False
Eritrea,ERI,2023,AFR,1.0,5070.0,5070.0,240.0,1.0,5158.0,209.0,5137.0,Eritrea,AFR,2220.0,770.0,699.0,605.0,Eritrea,AFR,770.0,17.0,25.0,9.0,88.0,9.0,21.0,0.0,Eritrea,AFR,2210.0,2065.0,13.0,80.0,14.0,93.0,1.0,1.0,,0.9959286545172548,0.02207792207792208,0.36,0.9343891402714932,0.03619909502262444,0.04841628959276018,True,False,False,1745.0,0.013223140495867768,0.0,,,,,,-21.396396396396398,False,Rückgang,False
Eritrea,ERI,2024,AFR,1.0,1867.0,1867.0,15.0,1.0,1501.0,206.0,,Eritrea,AFR,1745.0,606.0,519.0,525.0,Eritrea,AFR,605.0,8.0,12.0,0.0,61.0,4.0,4.0,0.0,,,,,,,,,,1.0,0.803963577932512,,0.013223140495867768,0.0,,,,True,False,False,,,,,,,,,,False,,False
Ethiopia,ETH,2019,AFR,60.0,181109.0,161236.0,,60.0,,9732.0,,Ethiopia,AFR,111039.0,44851.0,28555.0,33824.0,Ethiopia,AFR,15944.0,275.0,,79.0,3243.0,383.0,,339.0,Ethiopia,AFR,107230.0,96651.0,244.0,2274.0,1920.0,90.0,1.0,0.8902705000855838,,,0.01724786753637732,,0.9013429077683484,0.021206751841835306,0.04138767136062669,False,False,False,108193.0,0.013312603245554368,0.33962264150943394,86.0,104651.0,0.861100228378133,0.019340474529627047,0.03563272209534548,-2.563063428164879,False,Rückgang,True
Ethiopia,ETH,2020,AFR,60.0,159187.0,148172.0,,60.0,8771.0,8771.0,,Ethiopia,AFR,108193.0,43438.0,28318.0,32895.0,Ethiopia,AFR,41164.0,548.0,106.0,36.0,2513.0,36.0,65.0,33.0,Ethiopia,AFR,104651.0,90115.0,209.0,2024.0,1496.0,86.0,0.0,0.9308046511335725,0.055098720372894774,,0.013312603245554368,0.33962264150943394,0.861100228378133,0.019340474529627047,0.03563272209534548,False,False,False,104606.0,0.022598870056497175,0.36666666666666664,87.0,101547.0,0.8713206692467528,0.019193083005898746,0.03529400179227353,-3.3153716044476074,False,Rückgang,True
Ethiopia,ETH,2021,AFR,60.0,189928.0,169444.0,,60.0,21452.0,21452.0,,Ethiopia,AFR,104606.0,43661.0,25676.0,32210.0,Ethiopia,AFR,21240.0,480.0,30.0,11.0,2698.0,34.0,63.0,24.0,Ethiopia,AFR,101547.0,88480.0,383.0,1949.0,1252.0,87.0,0.0,0.892148603681395,0.11294806452971652,,0.022598870056497175,0.36666666666666664,0.8713206692467528,0.019193083005898746,0.03529400179227353,False,False,False,113638.0,0.01797123514858215,,86.0,113638.0,0.8608476037945053,0.016226966331684824,0.034829898449462326,8.634303959619908,False,Anstieg,True
Ethiopia,ETH,2022,AFR,60.0,278942.0,262165.0,,60.0,49647.0,49647.0,35475.0,Ethiopia,AFR,113638.0,49893.0,27018.0,33308.0,Ethiopia,AFR,36781.0,661.0,716.0,,,,177.0,17.0,Ethiopia,AFR,113638.0,97825.0,410.0,1844.0,1704.0,86.0,1.0,0.9398548802259968,0.1779832366585168,0.7145446854794851,0.01797123514858215,,0.8608476037945053,0.016226966331684824,0.034829898449462326,False,False,False,134873.0,0.011416447767225703,,96.0,134000.0,0.9610671641791044,0.015253731343283582,0.030611940298507462,18.686530913954837,False,Anstieg,True
Ethiopia,ETH,2023,AFR,1.0,194777.0,194777.0,7443.0,1.0,54343.0,14389.0,45432.0,Ethiopia,AFR,134873.0,60568.0,33261.0,36807.0,Ethiopia,AFR,49490.0,565.0,0.0,0.0,1739.0,208.0,0.0,,Ethiopia,AFR,134000.0,128783.0,353.0,2044.0,1705.0,96.0,1.0,1.0,0.27900111409457995,0.8360230388458495,0.011416447767225703,,0.9610671641791044,0.015253731343283582,0.030611940298507462,True,False,False,149902.0,0.009311177505832276,,,,,,,11.14307533753976,False,Anstieg,True
Ethiopia,ETH,2024,AFR,1.0,265789.0,265789.0,8996.0,1.0,71311.0,18531.0,,Ethiopia,AFR,149902.0,71737.0,33958.0,39414.0,Ethiopia,AFR,48866.0,455.0,,,2223.0,375.0,,,,,,,,,,,,1.0,0.2682992900383387,,0.009311177505832276,,,,,True,False,False,,,,,,,,,,False,,True
Fiji,FJI,2019,WPR,60.0,810.0,646.0,,60.0,225.0,84.0,68.0,Fiji,WPR,472.0,131.0,145.0,173.0,Fiji,WPR,131.0,1.0,,,4.0,1.0,,,Fiji,WPR,527.0,159.0,2.0,37.0,13.0,30.0,1.0,0.7975308641975308,0.2777777777777778,0.3022222222222222,0.007633587786259542,,0.301707779886148,0.07020872865275142,0.09867172675521822,False,False,False,431.0,0.0,,54.0,443.0,0.5417607223476298,0.14221218961625282,0.3115124153498871,-8.686440677966102,False,Rückgang,False
Fiji,FJI,2020,WPR,60.0,451.0,451.0,,60.0,451.0,22.0,270.0,Fiji,WPR,431.0,120.0,132.0,165.0,Fiji,WPR,120.0,0.0,0.0,0.0,6.0,0.0,0.0,0.0,Fiji,WPR,443.0,240.0,2.0,63.0,73.0,54.0,1.0,1.0,1.0,0.5986696230598669,0.0,,0.5417607223476298,0.14221218961625282,0.3115124153498871,True,True,False,342.0,0.031496062992125984,,56.0,290.0,0.5551724137931034,0.16206896551724137,0.39655172413793105,-20.649651972157773,False,Rückgang,False
Fiji,FJI,2021,WPR,60.0,238.0,238.0,,60.0,238.0,25.0,40.0,Fiji,WPR,342.0,132.0,126.0,72.0,Fiji,WPR,127.0,4.0,0.0,0.0,5.0,0.0,0.0,0.0,Fiji,WPR,290.0,161.0,0.0,47.0,68.0,56.0,1.0,1.0,1.0,0.16806722689075632,0.031496062992125984,,0.5551724137931034,0.16206896551724137,0.39655172413793105,True,True,False,571.0,,,50.0,577.0,0.5008665511265165,0.08492201039861352,0.15944540727902945,66.95906432748538,False,Anstieg,False
Fiji,FJI,2022,WPR,60.0,301.0,301.0,44.0,60.0,300.0,8.0,194.0,Fiji,WPR,571.0,142.0,256.0,139.0,Fiji,WPR,0.0,0.0,0.0,0.0,6.0,4.0,0.0,0.0,Fiji,WPR,577.0,289.0,2.0,49.0,41.0,50.0,1.0,1.0,0.9966777408637874,0.6466666666666666,,,0.5008665511265165,0.08492201039861352,0.15944540727902945,True,False,False,391.0,0.013793103448275862,0.0,60.0,391.0,0.6035805626598465,0.16879795396419436,0.21994884910485935,-31.523642732049034,False,Rückgang,False
Fiji,FJI,2023,WPR,1.0,708.0,344.0,17.0,1.0,130.0,37.0,,Fiji,WPR,391.0,145.0,148.0,76.0,Fiji,WPR,145.0,2.0,145.0,0.0,21.0,0.0,21.0,0.0,Fiji,WPR,391.0,236.0,1.0,66.0,19.0,60.0,1.0,0.4858757062146893,0.18361581920903955,,0.013793103448275862,0.0,0.6035805626598465,0.16879795396419436,0.21994884910485935,False,False,False,,,,,,,,,,False,,False
France,FRA,2021,EUR,60.0,7264.0,6024.0,,0.0,,,,France,EUR,4042.0,1856.0,907.0,1279.0,France,EUR,17.0,17.0,17.0,17.0,6.0,6.0,6.0,6.0,France,EUR,3942.0,1449.0,0.0,113.0,124.0,37.0,1.0,0.829295154185022,,,,,0.3675799086757991,0.028665651953323185,0.06012176560121765,False,False,False,3831.0,,0.9615384615384616,37.0,3965.0,0.3654476670870114,0.027994955863808322,0.06103404791929382,-5.220188025729837,False,Rückgang,False
France,FRA,2022,EUR,60.0,5092.0,3996.0,108.0,60.0,630.0,75.0,,France,EUR,3831.0,1888.0,889.0,1054.0,France,EUR,26.0,26.0,26.0,25.0,12.0,12.0,12.0,12.0,France,EUR,3965.0,1449.0,0.0,111.0,131.0,37.0,1.0,0.7847604084838963,0.1237234878240377,,,0.9615384615384616,0.3654476670870114,0.027994955863808322,0.06103404791929382,False,False,False,,,,,,,,,,False,,False
Micronesia (Federated States of),FSM,2019,WPR,60.0,394.0,342.0,,60.0,52.0,0.0,,Micronesia (Federated States of),WPR,91.0,27.0,52.0,12.0,Micronesia (Federated States of),WPR,27.0,0.0,27.0,0.0,0.0,0.0,0.0,0.0,Micronesia (Federated States of),WPR,91.0,74.0,0.0,9.0,5.0,81.0,1.0,0.868020304568528,0.1319796954314721,,0.0,0.0,0.8131868131868132,0.0989010989010989,0.15384615384615385,False,False,False,92.0,0.0,,78.0,92.0,0.782608695652174,0.05434782608695652,0.06521739130434782,1.098901098901099,False,Anstieg,True
Micronesia (Federated States of),FSM,2020,WPR,60.0,425.0,156.0,,60.0,52.0,0.0,17.0,Micronesia (Federated States of),WPR,92.0,29.0,54.0,9.0,Micronesia (Federated States of),WPR,29.0,0.0,0.0,0.0,0.0,0.0,0.0,0.0,Micronesia (Federated States of),WPR,92.0,72.0,0.0,5.0,1.0,78.0,1.0,0.36705882352941177,0.1223529411764706,0.3269230769230769,0.0,,0.782608695652174,0.05434782608695652,0.06521739130434782,False,False,False,72.0,0.0,,92.0,72.0,0.9166666666666666,0.041666666666666664,0.06944444444444445,-21.73913043478261,False,Rückgang,True
Micronesia (Federated States of),FSM,2021,WPR,60.0,77.0,44.0,,60.0,23.0,2.0,2.0,Micronesia (Federated States of),WPR,72.0,27.0,36.0,8.0,Micronesia (Federated States of),WPR,27.0,0.0,0.0,0.0,1.0,0.0,1.0,0.0,Micronesia (Federated States of),WPR,72.0,66.0,0.0,3.0,2.0,92.0,1.0,0.5714285714285714,0.2987012987012987,0.08695652173913043,0.0,,0.9166666666666666,0.041666666666666664,0.06944444444444445,False,False,False,48.0,0.0,,,,,,,-33.33333333333333,False,Rückgang,True
Micronesia (Federated States of),FSM,2022,WPR,60.0,688.0,42.0,12.0,60.0,30.0,5.0,,Micronesia (Federated States of),WPR,48.0,24.0,17.0,7.0,Micronesia (Federated States of),WPR,24.0,0.0,0.0,0.0,0.0,0.0,0.0,0.0,Micronesia (Federated States of),WPR,,,,,,,,0.061046511627906974,0.0436046511627907,,0.0,,,,,False,False,False,211.0,,,88.0,211.0,0.8767772511848341,0.009478672985781991,0.09004739336492891,339.58333333333337,False,Anstieg,True
Micronesia (Federated States of),FSM,2023,WPR,1.0,302.0,33.0,,1.0,16.0,5.0,16.0,Micronesia (Federated States of),WPR,211.0,26.0,181.0,4.0,Micronesia (Federated States of),WPR,,,,,,,,,Micronesia (Federated States of),WPR,211.0,185.0,0.0,2.0,17.0,88.0,1.0,0.10927152317880795,0.052980132450331126,1.0,,,0.8767772511848341,0.009478672985781991,0.09004739336492891,False,False,True,141.0,0.038461538461538464,,,,,,,-33.175355450236964,False,Rückgang,True
Micronesia (Federated States of),FSM,2024,WPR,1.0,918.0,808.0,32.0,1.0,151.0,0.0,,Micronesia (Federated States of),WPR,141.0,27.0,99.0,14.0,Micronesia (Federated States of),WPR,26.0,1.0,1.0,1.0,1.0,0.0,0.0,0.0,,,,,,,,,,0.8801742919389978,0.1644880174291939,,0.038461538461538464,,,,,False,False,False,,,,,,,,,,False,,True
United Kingdom of Great Britain and Northern Ireland,GBR,2023,EUR,1.0,10844.0,8297.0,,1.0,1157.0,409.0,952.0,United Kingdom of Great Britain and Northern Ireland,EUR,5275.0,2391.0,439.0,2301.0,United Kingdom of Great Britain and Northern Ireland,EUR,2045.0,42.0,2034.0,38.0,51.0,8.0,51.0,6.0,United Kingdom of Great Britain and Northern Ireland,EUR,5159.0,4432.0,88.0,272.0,154.0,86.0,1.0,0.765123570638141,0.1066949465142014,0.8228176318063959,0.020537897310513448,0.018682399213372666,0.8590812172901725,0.0527233960069781,0.09963171157201008,False,False,False,5941.0,0.023472099202834367,0.020026702269692925,,,,,,12.625592417061613,False,Anstieg,False
United Kingdom of Great Britain and Northern Ireland,GBR,2024,EUR,1.0,8735.0,5434.0,135.0,1.0,715.0,,,United Kingdom of Great Britain and Northern Ireland,EUR,5941.0,2638.0,492.0,2657.0,United Kingdom of Great Britain and Northern Ireland,EUR,2258.0,53.0,2247.0,45.0,73.0,4.0,69.0,4.0,,,,,,,,,,0.6220950200343446,0.08185460789925587,,0.023472099202834367,0.020026702269692925,,,,False,False,False,,,,,,,,,,False,,False
Ghana,GHA,2019,AFR,60.0,34094.0,3185.0,,60.0,18.0,18.0,18.0,Ghana,AFR,14691.0,8897.0,4147.0,1153.0,Ghana,AFR,8877.0,229.0,229.0,91.0,624.0,37.0,37.0,37.0,Ghana,AFR,14604.0,12207.0,116.0,1267.0,659.0,84.0,1.0,0.09341819675016132,0.0005279521323400012,1.0,0.02579700349217078,0.39737991266375544,0.8358668857847165,0.08675705286222953,0.13982470556012053,False,False,True,12674.0,0.02245508982035928,0.00062375249500998,86.0,12624.0,0.8603453738910013,0.08452154626108999,0.1326045627376426,-13.729494248179158,False,Rückgang,True
Ghana,GHA,2020,AFR,60.0,16470.0,15004.0,,60.0,176.0,74.0,,Ghana,AFR,12674.0,8030.0,3214.0,911.0,Ghana,AFR,8016.0,180.0,8016.0,5.0,619.0,30.0,619.0,9.0,Ghana,AFR,12624.0,10861.0,103.0,1067.0,504.0,86.0,1.0,0.910989678202793,0.01068609593199757,,0.02245508982035928,0.00062375249500998,0.8603453738910013,0.08452154626108999,0.1326045627376426,False,False,False,13401.0,0.02203469292076887,0.11702127659574468,87.0,13110.0,0.8685736079328756,0.0696414950419527,0.11632341723874905,5.736152753668929,False,Anstieg,True
Ghana,GHA,2021,AFR,60.0,28024.0,27456.0,,60.0,5795.0,1047.0,,Ghana,AFR,13401.0,8893.0,3098.0,888.0,Ghana,AFR,8532.0,188.0,188.0,22.0,618.0,30.0,30.0,12.0,Ghana,AFR,13110.0,11387.0,84.0,913.0,528.0,87.0,1.0,0.9797316585783614,0.20678703968027404,,0.02203469292076887,0.11702127659574468,0.8685736079328756,0.0696414950419527,0.11632341723874905,False,False,False,16510.0,0.015801948907031866,0.002458080941093846,87.0,16420.0,0.8723507917174178,0.06254567600487211,0.10889159561510353,23.19976121184986,False,Anstieg,True
Ghana,GHA,2022,AFR,60.0,39406.0,36248.0,478.0,60.0,17274.0,953.0,,Ghana,AFR,16510.0,11407.0,3692.0,820.0,Ghana,AFR,11391.0,180.0,11391.0,28.0,730.0,33.0,66.0,4.0,Ghana,AFR,16420.0,14324.0,79.0,1027.0,682.0,87.0,1.0,0.9198599198091661,0.4383596406638583,,0.015801948907031866,0.002458080941093846,0.8723507917174178,0.06254567600487211,0.10889159561510353,False,False,False,19031.0,0.015296367112810707,0.003135755258126195,90.0,19005.0,0.8966061562746646,0.05219679031833728,0.08692449355432781,15.269533615990309,False,Anstieg,True
Ghana,GHA,2023,AFR,1.0,74075.0,72556.0,518.0,1.0,30268.0,1285.0,13042.0,Ghana,AFR,19031.0,13086.0,4259.0,832.0,Ghana,AFR,13075.0,200.0,13075.0,41.0,881.0,25.0,881.0,3.0,Ghana,AFR,19005.0,17040.0,75.0,992.0,585.0,90.0,1.0,0.9794937563280459,0.4086128923388458,0.43088410202193733,0.015296367112810707,0.003135755258126195,0.8966061562746646,0.05219679031833728,0.08692449355432781,False,False,False,20009.0,0.01279269843644797,0.002172610128858256,,,,,,5.138983763333509,False,Anstieg,True
Ghana,GHA,2024,AFR,1.0,54737.0,52933.0,483.0,1.0,36355.0,1827.0,,Ghana,AFR,20009.0,13375.0,5002.0,893.0,Ghana,AFR,13367.0,171.0,13348.0,29.0,796.0,17.0,796.0,5.0,,,,,,,,,,0.9670424027622997,0.6641759687231672,,0.01279269843644797,0.002172610128858256,,,,False,False,False,,,,,,,,,,False,,True
Guinea,GIN,2019,AFR,60.0,9229.0,7990.0,,60.0,7985.0,7112.0,,Guinea,AFR,16390.0,8660.0,3386.0,3929.0,Guinea,AFR,2279.0,95.0,100.0,27.0,415.0,208.0,213.0,88.0,Guinea,AFR,16657.0,14792.0,292.0,718.0,469.0,89.0,1.0,0.8657492686098169,0.8652074981038033,,0.04168494953927161,0.27,0.8880350603349942,0.0431050009005223,0.08879149906946028,False,False,False,,,,,,,,,,False,,False
Guinea,GIN,2021,AFR,60.0,10658.0,10658.0,,60.0,10658.0,8578.0,,Guinea,AFR,18754.0,10222.0,3394.0,4671.0,Guinea,AFR,4242.0,227.0,143.0,122.0,338.0,165.0,171.0,147.0,Guinea,AFR,18754.0,16738.0,312.0,694.0,526.0,89.0,1.0,1.0,1.0,,0.05351249410655351,0.8531468531468531,0.892502932707689,0.037005438839714196,0.08168923962887917,True,True,False,19954.0,0.03602371181030552,0.8297872340425532,90.0,19954.0,0.903026962012629,0.04199659216197254,0.08549664227723765,6.398634957875653,False,Anstieg,False
Guinea,GIN,2022,AFR,60.0,20728.0,20728.0,,60.0,20728.0,,,Guinea,AFR,19954.0,11030.0,3054.0,5280.0,Guinea,AFR,6579.0,237.0,94.0,78.0,414.0,97.0,108.0,83.0,Guinea,AFR,19954.0,18019.0,282.0,838.0,586.0,90.0,1.0,1.0,1.0,,0.03602371181030552,0.8297872340425532,0.903026962012629,0.04199659216197254,0.08549664227723765,True,True,False,20055.0,0.0468615649183147,0.5135135135135135,90.0,19660.0,0.9002543234994913,0.04074262461851475,0.09160732451678535,0.5061641776084995,False,Anstieg,False
Guinea,GIN,2023,AFR,1.0,28420.0,28420.0,5.0,1.0,28415.0,10831.0,,Guinea,AFR,20055.0,10627.0,3175.0,5657.0,Guinea,AFR,4652.0,218.0,259.0,133.0,418.0,77.0,33.0,29.0,Guinea,AFR,19660.0,17699.0,264.0,801.0,736.0,90.0,1.0,1.0,0.9998240675580577,,0.0468615649183147,0.5135135135135135,0.9002543234994913,0.04074262461851475,0.09160732451678535,True,False,False,18317.0,0.03497394325419803,0.42857142857142855,,,,,,-8.666168037895787,False,Rückgang,False
Guinea,GIN,2024,AFR,1.0,19297.0,19297.0,,1.0,19297.0,6004.0,,Guinea,AFR,18317.0,10195.0,2861.0,4757.0,Guinea,AFR,8635.0,302.0,63.0,27.0,191.0,81.0,66.0,63.0,,,,,,,,,,1.0,1.0,,0.03497394325419803,0.42857142857142855,,,,True,True,False,,,,,,,,,,False,,False
Gambia,GMB,2020,AFR,60.0,598.0,87.0,,60.0,254.0,251.0,184.0,Gambia,AFR,2405.0,1436.0,710.0,171.0,Gambia,AFR,117.0,2.0,0.0,0.0,47.0,7.0,0.0,0.0,Gambia,AFR,2405.0,2085.0,13.0,183.0,119.0,87.0,1.0,0.1454849498327759,0.42474916387959866,0.7244094488188977,0.017094017094017096,,0.8669438669438669,0.0760914760914761,0.13097713097713098,False,False,False,2254.0,0.002553191489361702,0.013824884792626729,84.0,2254.0,0.8402839396628217,0.062111801242236024,0.15527950310559005,-6.278586278586279,False,Rückgang,False
Gambia,GMB,2021,AFR,60.0,1513.0,197.0,,60.0,336.0,336.0,285.0,Gambia,AFR,2254.0,1532.0,490.0,140.0,Gambia,AFR,1175.0,3.0,217.0,3.0,117.0,9.0,0.0,0.0,Gambia,AFR,2254.0,1894.0,18.0,140.0,192.0,84.0,1.0,0.1302048909451421,0.22207534699272968,0.8482142857142857,0.002553191489361702,0.013824884792626729,0.8402839396628217,0.062111801242236024,0.15527950310559005,False,False,False,2535.0,0.004459308807134894,,87.0,2535.0,0.8706114398422091,0.04378698224852071,0.11952662721893491,12.466725820763088,False,Anstieg,False
Gambia,GMB,2022,AFR,60.0,4115.0,257.0,13.0,60.0,765.0,682.0,765.0,Gambia,AFR,2535.0,1862.0,449.0,122.0,Gambia,AFR,897.0,4.0,,,143.0,9.0,,,Gambia,AFR,2535.0,2207.0,37.0,111.0,155.0,87.0,1.0,0.06245443499392467,0.1859052247873633,1.0,0.004459308807134894,,0.8706114398422091,0.04378698224852071,0.11952662721893491,False,False,True,2766.0,0.007238883143743537,,87.0,2739.0,0.8740416210295728,0.044906900328587074,0.12595837897042717,9.112426035502958,False,Anstieg,False
Gambia,GMB,2023,AFR,1.0,6913.0,6913.0,8.0,1.0,923.0,800.0,875.0,Gambia,AFR,2766.0,2109.0,392.0,165.0,Gambia,AFR,1934.0,14.0,,,140.0,9.0,,,Gambia,AFR,2739.0,2394.0,31.0,123.0,191.0,87.0,1.0,1.0,0.13351656299725156,0.9479956663055255,0.007238883143743537,,0.8740416210295728,0.044906900328587074,0.12595837897042717,True,False,False,2783.0,0.010672358591248666,0.2,,,,,,0.6146059291395517,False,Anstieg,False
Gambia,GMB,2024,AFR,1.0,9734.0,9734.0,23.0,1.0,1223.0,1079.0,,Gambia,AFR,2783.0,2045.0,379.0,195.0,Gambia,AFR,1874.0,20.0,20.0,4.0,241.0,12.0,12.0,1.0,,,,,,,,,,1.0,0.12564207930963633,,0.010672358591248666,0.2,,,,True,False,False,,,,,,,,,,False,,False
Guinea-Bissau,GNB,2019,AFR,60.0,433.0,433.0,,60.0,364.0,364.0,99.0,Guinea-Bissau,AFR,2407.0,1973.0,343.0,74.0,Guinea-Bissau,AFR,17.0,17.0,17.0,17.0,16.0,16.0,16.0,16.0,Guinea-Bissau,AFR,2407.0,1762.0,21.0,289.0,291.0,73.0,1.0,1.0,0.8406466512702079,0.27197802197802196,,,0.7320315745741587,0.12006647278770254,0.24968840880764437,True,False,False,2543.0,0.026402640264026403,,75.0,2542.0,0.7505900865460268,0.0952006294256491,0.21754523996852873,5.650186954715413,False,Anstieg,False
Guinea-Bissau,GNB,2020,AFR,60.0,573.0,0.0,,60.0,481.0,481.0,227.0,Guinea-Bissau,AFR,2543.0,2111.0,329.0,74.0,Guinea-Bissau,AFR,1212.0,32.0,,,24.0,13.0,,,Guinea-Bissau,AFR,2542.0,1908.0,22.0,242.0,289.0,75.0,1.0,0.0,0.8394415357766143,0.47193347193347196,0.026402640264026403,,0.7505900865460268,0.0952006294256491,0.21754523996852873,True,False,False,2490.0,0.017063081695966906,,75.0,2490.0,0.7461847389558233,0.06385542168674699,0.21646586345381527,-2.084152575697994,False,Rückgang,False
Guinea-Bissau,GNB,2021,AFR,60.0,333.0,333.0,,60.0,314.0,314.0,279.0,Guinea-Bissau,AFR,2490.0,2172.0,258.0,43.0,Guinea-Bissau,AFR,1934.0,33.0,0.0,0.0,17.0,11.0,0.0,0.0,Guinea-Bissau,AFR,2490.0,1858.0,41.0,159.0,339.0,75.0,1.0,1.0,0.9429429429429429,0.8885350318471338,0.017063081695966906,,0.7461847389558233,0.06385542168674699,0.21646586345381527,True,False,False,,,,,,,,,,False,,False
Grenada,GRD,2020,AMR,60.0,0.0,0.0,,0.0,,,,Grenada,AMR,1.0,1.0,0.0,0.0,Grenada,AMR,0.0,0.0,0.0,0.0,0.0,0.0,0.0,0.0,Grenada,AMR,1.0,1.0,0.0,0.0,0.0,100.0,1.0,,,,,,1.0,0.0,0.0,False,False,False,,,,,,,,,,True,,False
Guatemala,GTM,2021,AMR,60.0,3586.0,1084.0,,60.0,1084.0,578.0,,Guatemala,AMR,3089.0,2132.0,450.0,262.0,Guatemala,AMR,2022.0,34.0,92.0,9.0,235.0,30.0,111.0,6.0,Guatemala,AMR,2977.0,2582.0,25.0,205.0,165.0,87.0,1.0,0.30228667038482987,0.30228667038482987,,0.016815034619188922,0.09782608695652174,0.8673160900235136,0.06886126973463218,0.1326839099764864,False,False,False,4092.0,0.021431459765467044,0.00646987464617873,88.0,4030.0,0.8764267990074441,0.06228287841191067,0.12357320099255584,32.470055033991585,False,Anstieg,False
Guatemala,GTM,2022,AMR,60.0,8647.0,6988.0,,60.0,2183.0,705.0,,Guatemala,AMR,4092.0,2920.0,541.0,312.0,Guatemala,AMR,2473.0,53.0,2473.0,16.0,245.0,13.0,245.0,3.0,Guatemala,AMR,4030.0,3532.0,38.0,251.0,209.0,88.0,1.0,0.8081415519833468,0.2524574997108824,,0.021431459765467044,0.00646987464617873,0.8764267990074441,0.06228287841191067,0.12357320099255584,False,False,False,4733.0,0.0186950146627566,0.006598240469208211,85.0,4554.0,0.847167325428195,0.06258234519104085,0.152832674571805,15.664711632453567,False,Anstieg,False
Guatemala,GTM,2023,AMR,1.0,8848.0,7163.0,,1.0,2091.0,733.0,1190.0,Guatemala,AMR,4733.0,3270.0,710.0,369.0,Guatemala,AMR,2728.0,51.0,2728.0,18.0,345.0,22.0,345.0,12.0,Guatemala,AMR,4554.0,3858.0,108.0,285.0,303.0,85.0,1.0,0.8095614828209765,0.2363245931283906,0.5691056910569106,0.0186950146627566,0.006598240469208211,0.847167325428195,0.06258234519104085,0.152832674571805,False,False,False,4622.0,0.02942942942942943,0.013192612137203167,,,,,,-2.3452355799704203,False,Rückgang,False
Guatemala,GTM,2024,AMR,1.0,9603.0,7326.0,338.0,1.0,2020.0,715.0,,Guatemala,AMR,4622.0,3182.0,618.0,454.0,Guatemala,AMR,1665.0,49.0,1516.0,20.0,340.0,19.0,340.0,9.0,,,,,,,,,,0.7628865979381443,0.21035093200041655,,0.02942942942942943,0.013192612137203167,,,,False,False,False,,,,,,,,,,False,,False
Guam,GUM,2019,WPR,60.0,247.0,75.0,,60.0,49.0,2.0,26.0,Guam,WPR,79.0,52.0,23.0,4.0,Guam,WPR,51.0,2.0,49.0,2.0,0.0,0.0,0.0,0.0,Guam,WPR,78.0,70.0,0.0,4.0,3.0,90.0,1.0,0.30364372469635625,0.19838056680161945,0.5306122448979592,0.0392156862745098,0.04081632653061224,0.8974358974358975,0.05128205128205128,0.08974358974358974,False,False,False,57.0,0.0,0.0,75.0,57.0,0.7543859649122807,0.12280701754385964,0.21052631578947367,-27.848101265822784,False,Rückgang,True
Guam,GUM,2020,WPR,60.0,160.0,103.0,,60.0,41.0,10.0,22.0,Guam,WPR,57.0,39.0,11.0,5.0,Guam,WPR,38.0,0.0,37.0,0.0,1.0,0.0,1.0,0.0,Guam,WPR,57.0,43.0,2.0,7.0,3.0,75.0,1.0,0.64375,0.25625,0.5365853658536586,0.0,0.0,0.7543859649122807,0.12280701754385964,0.21052631578947367,False,False,False,58.0,0.02857142857142857,0.02857142857142857,79.0,58.0,0.7931034482758621,0.06896551724137931,0.1724137931034483,1.7543859649122806,False,Anstieg,True
Guam,GUM,2021,WPR,60.0,144.0,114.0,,60.0,55.0,5.0,36.0,Guam,WPR,58.0,38.0,15.0,3.0,Guam,WPR,35.0,1.0,35.0,1.0,2.0,0.0,2.0,0.0,Guam,WPR,58.0,46.0,2.0,4.0,4.0,79.0,1.0,0.7916666666666666,0.3819444444444444,0.6545454545454545,0.02857142857142857,0.02857142857142857,0.7931034482758621,0.06896551724137931,0.1724137931034483,False,False,False,59.0,0.019230769230769232,0.019230769230769232,76.0,59.0,0.7627118644067796,0.15254237288135594,0.22033898305084745,1.7241379310344827,False,Anstieg,True
Guam,GUM,2022,WPR,60.0,372.0,243.0,5.0,60.0,23.0,3.0,16.0,Guam,WPR,59.0,54.0,5.0,0.0,Guam,WPR,52.0,1.0,52.0,1.0,0.0,0.0,0.0,0.0,Guam,WPR,59.0,45.0,1.0,9.0,3.0,76.0,1.0,0.6532258064516129,0.06182795698924731,0.6956521739130435,0.019230769230769232,0.019230769230769232,0.7627118644067796,0.15254237288135594,0.22033898305084745,False,False,False,45.0,0.03225806451612903,0.03333333333333333,75.0,44.0,0.75,0.11363636363636363,0.18181818181818182,-23.728813559322035,False,Rückgang,True
Guam,GUM,2023,WPR,1.0,610.0,92.0,7.0,1.0,11.0,0.0,11.0,Guam,WPR,45.0,32.0,10.0,3.0,Guam,WPR,31.0,1.0,30.0,1.0,0.0,0.0,0.0,0.0,Guam,WPR,44.0,33.0,2.0,5.0,1.0,75.0,1.0,0.15081967213114755,0.018032786885245903,1.0,0.03225806451612903,0.03333333333333333,0.75,0.11363636363636363,0.18181818181818182,False,False,True,60.0,0.0,0.0,,,,,,33.33333333333333,False,Anstieg,True
Guam,GUM,2024,WPR,1.0,181.0,119.0,9.0,1.0,50.0,2.0,,Guam,WPR,60.0,43.0,16.0,1.0,Guam,WPR,38.0,0.0,38.0,0.0,0.0,0.0,0.0,0.0,,,,,,,,,,0.6574585635359116,0.27624309392265195,,0.0,0.0,,,,False,False,False,,,,,,,,,,False,,True
Guyana,GUY,2019,AMR,60.0,789.0,498.0,,60.0,165.0,3.0,,Guyana,AMR,497.0,327.0,78.0,42.0,Guyana,AMR,287.0,9.0,0.0,0.0,84.0,4.0,0.0,0.0,Guyana,AMR,485.0,345.0,1.0,25.0,98.0,71.0,1.0,0.6311787072243346,0.20912547528517111,,0.0313588850174216,,0.711340206185567,0.05154639175257732,0.2556701030927835,False,False,False,366.0,0.025423728813559324,,67.0,358.0,0.6675977653631285,0.08379888268156424,0.276536312849162,-26.358148893360163,False,Rückgang,True
Guyana,GUY,2020,AMR,60.0,369.0,142.0,,60.0,60.0,4.0,,Guyana,AMR,366.0,197.0,108.0,32.0,Guyana,AMR,118.0,3.0,0.0,0.0,27.0,2.0,0.0,0.0,Guyana,AMR,358.0,239.0,5.0,30.0,64.0,67.0,1.0,0.38482384823848237,0.16260162601626016,,0.025423728813559324,,0.6675977653631285,0.08379888268156424,0.276536312849162,False,False,False,414.0,0.012658227848101266,,67.0,402.0,0.6741293532338308,0.10696517412935323,0.27611940298507465,13.114754098360656,False,Anstieg,True
Guyana,GUY,2021,AMR,60.0,543.0,347.0,,60.0,88.0,8.0,,Guyana,AMR,414.0,267.0,73.0,34.0,Guyana,AMR,237.0,3.0,0.0,0.0,57.0,3.0,0.0,0.0,Guyana,AMR,402.0,271.0,1.0,43.0,67.0,67.0,1.0,0.6390423572744015,0.16206261510128914,,0.012658227848101266,,0.6741293532338308,0.10696517412935323,0.27611940298507465,False,False,False,390.0,,,70.0,392.0,0.701530612244898,0.07397959183673469,0.25510204081632654,-5.797101449275362,False,Rückgang,True
Guyana,GUY,2022,AMR,60.0,287.0,183.0,,60.0,30.0,5.0,,Guyana,AMR,390.0,187.0,150.0,23.0,Guyana,AMR,3.0,3.0,,,,3.0,,,Guyana,AMR,392.0,275.0,6.0,29.0,65.0,70.0,1.0,0.6376306620209059,0.10452961672473868,,,,0.701530612244898,0.07397959183673469,0.25510204081632654,False,False,False,424.0,0.05952380952380952,,77.0,424.0,0.7712264150943396,0.07783018867924528,0.20754716981132076,8.717948717948717,False,Anstieg,True
Guyana,GUY,2023,AMR,1.0,348.0,208.0,14.0,1.0,51.0,,,Guyana,AMR,424.0,222.0,122.0,26.0,Guyana,AMR,84.0,5.0,0.0,0.0,39.0,1.0,0.0,0.0,Guyana,AMR,424.0,327.0,4.0,33.0,51.0,77.0,1.0,0.5977011494252874,0.14655172413793102,,0.05952380952380952,,0.7712264150943396,0.07783018867924528,0.20754716981132076,False,False,False,427.0,0.03125,,,,,,,0.7075471698113208,False,Anstieg,True
Guyana,GUY,2024,AMR,1.0,413.0,341.0,11.0,1.0,56.0,2.0,,Guyana,AMR,427.0,217.0,137.0,27.0,Guyana,AMR,96.0,3.0,3.0,3.0,34.0,6.0,6.0,6.0,,,,,,,,,,0.8256658595641646,0.13559322033898305,,0.03125,,,,,False,False,False,,,,,,,,,,False,,True
"China, Hong Kong SAR",HKG,2019,WPR,60.0,2325.0,1911.0,,60.0,360.0,7.0,321.0,"China, Hong Kong SAR",WPR,4051.0,2446.0,469.0,805.0,"China, Hong Kong SAR",WPR,2343.0,19.0,2343.0,16.0,176.0,5.0,176.0,5.0,"China, Hong Kong SAR",WPR,3977.0,2885.0,0.0,706.0,115.0,73.0,1.0,0.8219354838709677,0.15483870967741936,0.8916666666666667,0.00810926163038839,0.006828851899274435,0.7254211717374905,0.17752074427960773,0.20643701282373647,False,False,False,3642.0,0.00665083135391924,0.004752851711026616,74.0,3610.0,0.7445983379501385,0.1925207756232687,0.210803324099723,-10.096272525302394,False,Rückgang,True
"China, Hong Kong SAR",HKG,2020,WPR,60.0,1837.0,1108.0,,60.0,343.0,15.0,293.0,"China, Hong Kong SAR",WPR,3642.0,2226.0,408.0,731.0,"China, Hong Kong SAR",WPR,2105.0,14.0,2104.0,10.0,159.0,2.0,159.0,1.0,"China, Hong Kong SAR",WPR,3610.0,2688.0,0.0,695.0,66.0,74.0,1.0,0.603157321720196,0.18671747414262385,0.8542274052478134,0.00665083135391924,0.004752851711026616,0.7445983379501385,0.1925207756232687,0.210803324099723,False,False,False,3711.0,0.010087116001834021,0.007798165137614679,74.0,3662.0,0.7441288913162206,0.19606772255598034,0.2151829601310759,1.8945634266886324,False,Anstieg,True
"China, Hong Kong SAR",HKG,2021,WPR,60.0,1601.0,918.0,,60.0,317.0,10.0,259.0,"China, Hong Kong SAR",WPR,3711.0,2301.0,422.0,755.0,"China, Hong Kong SAR",WPR,2181.0,22.0,2180.0,17.0,156.0,6.0,156.0,4.0,"China, Hong Kong SAR",WPR,3662.0,2725.0,0.0,718.0,70.0,74.0,1.0,0.5733916302311055,0.19800124921923798,0.8170347003154574,0.010087116001834021,0.007798165137614679,0.7441288913162206,0.19606772255598034,0.2151829601310759,False,False,False,3190.0,0.011064278187565859,0.008961518186610437,79.0,2945.0,0.7949066213921901,0.14702886247877758,0.1701188455008489,-14.039342495284291,False,Rückgang,True
"China, Hong Kong SAR",HKG,2022,WPR,60.0,1399.0,808.0,1.0,60.0,290.0,5.0,243.0,"China, Hong Kong SAR",WPR,3190.0,1981.0,317.0,642.0,"China, Hong Kong SAR",WPR,1898.0,21.0,1897.0,17.0,142.0,7.0,142.0,5.0,"China, Hong Kong SAR",WPR,2945.0,2341.0,0.0,433.0,68.0,79.0,1.0,0.5775553967119371,0.20729092208720515,0.8379310344827586,0.011064278187565859,0.008961518186610437,0.7949066213921901,0.14702886247877758,0.1701188455008489,False,False,False,3218.0,0.009004502251125562,0.005502751375687844,82.0,2966.0,0.8240053944706676,0.13182737693863789,0.1500337154416723,0.877742946708464,False,Anstieg,True
"China, Hong Kong SAR",HKG,2023,WPR,1.0,1257.0,713.0,23.0,1.0,202.0,10.0,162.0,"China, Hong Kong SAR",WPR,3218.0,2090.0,305.0,599.0,"China, Hong Kong SAR",WPR,1999.0,18.0,1999.0,11.0,125.0,7.0,125.0,7.0,"China, Hong Kong SAR",WPR,2966.0,2444.0,0.0,391.0,54.0,82.0,1.0,0.5672235481304694,0.16070007955449483,0.801980198019802,0.009004502251125562,0.005502751375687844,0.8240053944706676,0.13182737693863789,0.1500337154416723,False,False,False,3202.0,0.00631911532385466,0.004741833508956797,,,,,,-0.4972032318210068,False,Rückgang,True
"China, Hong Kong SAR",HKG,2024,WPR,1.0,1259.0,879.0,15.0,1.0,265.0,7.0,,"China, Hong Kong SAR",WPR,3202.0,1986.0,311.0,637.0,"China, Hong Kong SAR",WPR,1899.0,12.0,1898.0,9.0,146.0,4.0,146.0,3.0,,,,,,,,,,0.6981731532962668,0.21048451151707703,,0.00631911532385466,0.004741833508956797,,,,False,False,False,,,,,,,,,,False,,True
Honduras,HND,2019,AMR,60.0,9542.0,5027.0,,60.0,2023.0,780.0,,Honduras,AMR,2424.0,1886.0,140.0,215.0,Honduras,AMR,825.0,7.0,387.0,0.0,136.0,5.0,75.0,0.0,Honduras,AMR,2424.0,2156.0,5.0,156.0,86.0,89.0,1.0,0.5268287570739887,0.21201006078390275,,0.008484848484848486,0.0,0.8894389438943895,0.06435643564356436,0.1018976897689769,False,False,False,1847.0,0.019955654101995565,0.0011086474501108647,87.0,1847.0,0.8727666486193828,0.07850568489442339,0.12181916621548457,-23.803630363036305,False,Rückgang,True
Honduras,HND,2020,AMR,60.0,7073.0,2708.0,,60.0,1618.0,604.0,0.0,Honduras,AMR,1847.0,1525.0,92.0,122.0,Honduras,AMR,902.0,18.0,902.0,1.0,93.0,7.0,26.0,0.0,Honduras,AMR,1847.0,1612.0,3.0,145.0,77.0,87.0,1.0,0.38286441396861304,0.22875724586455534,0.0,0.019955654101995565,0.0011086474501108647,0.8727666486193828,0.07850568489442339,0.12181916621548457,False,False,True,2063.0,0.013043478260869565,0.001451378809869376,85.0,2063.0,0.8540959767329133,0.07658749394086282,0.13766359670382938,11.694639956686519,False,Anstieg,True
Honduras,HND,2021,AMR,60.0,4414.0,4081.0,,60.0,772.0,477.0,772.0,Honduras,AMR,2063.0,1628.0,153.0,163.0,Honduras,AMR,690.0,9.0,689.0,1.0,80.0,7.0,80.0,1.0,Honduras,AMR,2063.0,1762.0,6.0,158.0,120.0,85.0,1.0,0.9245582238332578,0.17489805165382874,1.0,0.013043478260869565,0.001451378809869376,0.8540959767329133,0.07658749394086282,0.13766359670382938,False,False,True,2297.0,0.013930348258706468,,86.0,2331.0,0.8601458601458601,0.07593307593307594,0.1347061347061347,11.342704798836646,False,Anstieg,True
Honduras,HND,2022,AMR,60.0,7232.0,2739.0,468.0,60.0,772.0,477.0,,Honduras,AMR,2297.0,1806.0,145.0,193.0,Honduras,AMR,1005.0,14.0,0.0,,125.0,4.0,0.0,0.0,Honduras,AMR,2331.0,2005.0,15.0,177.0,122.0,86.0,1.0,0.37873340707964603,0.10674778761061947,,0.013930348258706468,,0.8601458601458601,0.07593307593307594,0.1347061347061347,False,False,False,2616.0,0.019543973941368076,0.006514657980456026,84.0,2634.0,0.8432042520880789,0.07896735003796507,0.1480637813211845,13.887679582063562,False,Anstieg,True
Honduras,HND,2023,AMR,1.0,10222.0,5416.0,55.0,1.0,1393.0,224.0,,Honduras,AMR,2616.0,2099.0,133.0,200.0,Honduras,AMR,1228.0,24.0,1228.0,8.0,148.0,0.0,148.0,0.0,Honduras,AMR,2634.0,2221.0,5.0,208.0,177.0,84.0,1.0,0.5298376051653296,0.13627470162394834,,0.019543973941368076,0.006514657980456026,0.8432042520880789,0.07896735003796507,0.1480637813211845,False,False,False,2642.0,0.009544787077826725,0.025,,,,,,0.9938837920489296,False,Anstieg,True
Honduras,HND,2024,AMR,1.0,9320.0,6728.0,77.0,1.0,1398.0,398.0,,Honduras,AMR,2642.0,2071.0,95.0,257.0,Honduras,AMR,1362.0,13.0,200.0,5.0,189.0,2.0,43.0,1.0,,,,,,,,,,0.7218884120171674,0.15,,0.009544787077826725,0.025,,,,False,False,False,,,,,,,,,,False,,True
Haiti,HTI,2019,AMR,60.0,18309.0,16551.0,,60.0,2148.0,1758.0,1661.0,Haiti,AMR,13019.0,8925.0,2123.0,1208.0,Haiti,AMR,1390.0,45.0,210.0,83.0,105.0,51.0,28.0,13.0,Haiti,AMR,13005.0,10920.0,114.0,607.0,1195.0,84.0,1.0,0.9039816483696542,0.11731935113878421,0.7732774674115456,0.03237410071942446,0.3952380952380952,0.839677047289504,0.04667435601691657,0.1473279507881584,False,False,False,11273.0,0.052338530066815145,,82.0,10844.0,0.8191626706012541,0.060125414976023604,0.15842862412393952,-13.411168292495585,False,Rückgang,True
Haiti,HTI,2020,AMR,60.0,6081.0,6081.0,,60.0,903.0,903.0,,Haiti,AMR,11273.0,7264.0,2138.0,1130.0,Haiti,AMR,898.0,47.0,,,108.0,35.0,,,Haiti,AMR,10844.0,8883.0,137.0,652.0,929.0,82.0,1.0,1.0,0.14849531327084362,,0.052338530066815145,,0.8191626706012541,0.060125414976023604,0.15842862412393952,True,False,False,10407.0,0.049019607843137254,0.10984848484848485,82.0,9778.0,0.8245039885457148,0.055430558396400084,0.15453057885048066,-7.682072207930453,False,Rückgang,True
Haiti,HTI,2021,AMR,60.0,7861.0,4887.0,,60.0,625.0,560.0,,Haiti,AMR,10407.0,7108.0,1672.0,893.0,Haiti,AMR,714.0,35.0,264.0,29.0,104.0,38.0,38.0,23.0,Haiti,AMR,9778.0,8062.0,78.0,542.0,891.0,82.0,1.0,0.621676631471823,0.07950642411906882,,0.049019607843137254,0.10984848484848485,0.8245039885457148,0.055430558396400084,0.15453057885048066,False,False,False,11138.0,0.012526589458756796,,85.0,11100.0,0.8486486486486486,0.06126126126126126,0.140990990990991,7.024118381858364,False,Anstieg,True
Haiti,HTI,2022,AMR,60.0,12021.0,12021.0,418.0,60.0,1461.0,1130.0,,Haiti,AMR,11138.0,7912.0,1589.0,942.0,Haiti,AMR,4231.0,53.0,53.0,53.0,440.0,18.0,18.0,18.0,Haiti,AMR,11100.0,9420.0,75.0,680.0,810.0,85.0,1.0,1.0,0.12153730970801098,,0.012526589458756796,,0.8486486486486486,0.06126126126126126,0.140990990990991,True,False,False,11714.0,0.026027802425317954,,82.0,11714.0,0.8223493255933072,0.04635478914119857,0.13974731091002218,5.171485006284791,False,Anstieg,True
Haiti,HTI,2023,AMR,1.0,18295.0,14636.0,400.0,1.0,2502.0,1500.0,,Haiti,AMR,11714.0,8384.0,1584.0,879.0,Haiti,AMR,3381.0,88.0,,,370.0,13.0,,,Haiti,AMR,11714.0,9633.0,94.0,543.0,1000.0,82.0,1.0,0.8,0.136758677234217,,0.026027802425317954,,0.8223493255933072,0.04635478914119857,0.13974731091002218,False,False,False,11161.0,0.026619343389529725,,,,,,,-4.720846849923169,False,Rückgang,True
Haiti,HTI,2024,AMR,1.0,25750.0,25700.0,730.0,1.0,4850.0,1844.0,,Haiti,AMR,11161.0,8239.0,1485.0,682.0,Haiti,AMR,3381.0,90.0,90.0,90.0,370.0,7.0,7.0,7.0,,,,,,,,,,0.9980582524271845,0.1883495145631068,,0.026619343389529725,,,,,False,False,False,,,,,,,,,,False,,True
Indonesia,IDN,2019,WPR,60.0,2694493.0,79432.0,,60.0,7690.0,7641.0,2150.0,Indonesia,WPR,559847.0,246394.0,235868.0,57234.0,Indonesia,WPR,125741.0,5840.0,930.0,572.0,23539.0,5623.0,1566.0,1169.0,Indonesia,WPR,555741.0,462408.0,2089.0,12850.0,30567.0,83.0,1.0,0.029479386288997596,0.002853969188266587,0.2795838751625488,0.046444675960903764,0.6150537634408603,0.8320566594870632,0.023122281782341055,0.08188346729861572,False,False,False,384025.0,0.0391431433068291,0.6233933161953727,86.0,362523.0,0.8607509040805686,0.03774932900809052,0.10906618338698511,-31.40536610895477,False,Rückgang,True
Indonesia,IDN,2020,WPR,60.0,2003118.0,57695.0,,60.0,2385.0,1989.0,1285.0,Indonesia,WPR,384025.0,175040.0,162486.0,34874.0,Indonesia,WPR,97846.0,3830.0,778.0,485.0,10487.0,3981.0,1241.0,944.0,Indonesia,WPR,362523.0,312042.0,1205.0,13685.0,24649.0,86.0,1.0,0.028802596751664154,0.0011906437863371004,0.5387840670859538,0.0391431433068291,0.6233933161953727,0.8607509040805686,0.03774932900809052,0.10906618338698511,False,False,False,432577.0,0.027776432243912227,0.5520054384772264,87.0,391245.0,0.8657950900330995,0.038840112972689744,0.11234648366113305,12.642926892780418,False,Anstieg,True
Indonesia,IDN,2021,WPR,60.0,2219108.0,2172347.0,,60.0,3501.0,2292.0,2428.0,Indonesia,WPR,432577.0,213685.0,170823.0,35353.0,Indonesia,WPR,144511.0,4014.0,1471.0,812.0,15437.0,3814.0,1685.0,1225.0,Indonesia,WPR,391245.0,338738.0,1241.0,15196.0,27518.0,87.0,1.0,0.9789280197268452,0.0015776609340329539,0.6935161382462154,0.027776432243912227,0.5520054384772264,0.8657950900330995,0.038840112972689744,0.11234648366113305,False,False,False,708658.0,0.03218751485760472,0.5686715985847539,87.0,630307.0,0.866311178520943,0.03583174548275681,0.1146536529024745,63.8223946256967,False,Anstieg,True
Indonesia,IDN,2022,WPR,60.0,627257.0,622568.0,3916.0,60.0,18081.0,6949.0,12037.0,Indonesia,WPR,708658.0,344212.0,294429.0,52796.0,Indonesia,WPR,231363.0,7447.0,3109.0,1768.0,15959.0,5010.0,2250.0,1496.0,Indonesia,WPR,630307.0,546042.0,1803.0,22585.0,47879.0,87.0,1.0,0.9925245951818792,0.028825505335133766,0.6657264531828991,0.03218751485760472,0.5686715985847539,0.866311178520943,0.03583174548275681,0.1146536529024745,False,False,False,804836.0,0.020773450414310834,0.6089918256130791,86.0,718814.0,0.8560142122997048,0.037499269630252054,0.12290940354528432,13.571849890920584,False,Anstieg,True
Indonesia,IDN,2023,WPR,1.0,518435.0,512342.0,4615.0,1.0,36350.0,6235.0,26412.0,Indonesia,WPR,804836.0,376117.0,341517.0,64233.0,Indonesia,WPR,284931.0,5919.0,2936.0,1788.0,27307.0,4882.0,4918.0,1797.0,Indonesia,WPR,718814.0,615315.0,2075.0,26955.0,59319.0,86.0,1.0,0.9882473212649608,0.0701148649300298,0.7266024759284732,0.020773450414310834,0.6089918256130791,0.8560142122997048,0.037499269630252054,0.12290940354528432,False,False,False,839018.0,0.017772888086295215,0.2750215084599943,,,,,,4.247076423022826,False,Anstieg,True
Indonesia,IDN,2024,WPR,1.0,757865.0,753765.0,7955.0,1.0,79008.0,10293.0,,Indonesia,WPR,839018.0,404849.0,341014.0,66004.0,Indonesia,WPR,311767.0,5541.0,6974.0,1918.0,24949.0,4384.0,6195.0,1745.0,,,,,,,,,,0.9945900655129871,0.10425075706095413,,0.017772888086295215,0.2750215084599943,,,,False,False,False,,,,,,,,,,False,,True
India,IND,2019,SEA,60.0,4957156.0,3928434.0,,60.0,109816.0,109816.0,7815.0,India,SEA,2162323.0,908925.0,705807.0,476051.0,India,SEA,699062.0,18945.0,196520.0,1886.0,131162.0,18100.0,109762.0,5323.0,India,SEA,2152563.0,1807299.0,12450.0,82956.0,76712.0,84.0,1.0,0.7924773801752456,0.022153024839242502,0.07116449333430465,0.02710060051898115,0.00959698758396092,0.8396033008093143,0.038538244873669206,0.0799595644819687,False,False,False,1629301.0,0.02592670991073735,0.018077174623937212,85.0,1603958.0,0.8509412341220904,0.04381349137570934,0.07891852529804397,-24.650433815854523,False,Rückgang,True
India,IND,2020,SEA,60.0,2145282.0,1828744.0,,60.0,90813.0,90813.0,,India,SEA,1629301.0,570237.0,516488.0,471000.0,India,SEA,557456.0,14453.0,152900.0,2764.0,152177.0,20138.0,58866.0,10114.0,India,SEA,1603958.0,1364874.0,8235.0,70275.0,48072.0,85.0,1.0,0.8524492351122137,0.04233149767722845,,0.02592670991073735,0.018077174623937212,0.8509412341220904,0.04381349137570934,0.07891852529804397,False,False,False,1965444.0,0.04732038846492167,0.05379390712739279,87.0,1905759.0,0.8677052030188497,0.04619052041732454,0.07678200653912694,20.631117270535032,False,Anstieg,True
India,IND,2021,SEA,60.0,2007293.0,1525986.0,,60.0,213535.0,78073.0,149979.0,India,SEA,1965444.0,882353.0,502320.0,478296.0,India,SEA,673008.0,31847.0,175057.0,9417.0,128236.0,22352.0,46325.0,7872.0,India,SEA,1905759.0,1653637.0,9333.0,88028.0,48967.0,87.0,1.0,0.760220854653506,0.10637958683660034,0.7023626103449083,0.04732038846492167,0.05379390712739279,0.8677052030188497,0.04619052041732454,0.07678200653912694,False,False,False,2255641.0,0.04507560148350081,0.05480618370111754,89.0,2194723.0,0.8853809797409513,0.04089992222253104,0.06590307751821073,14.764958960926894,False,Anstieg,True
India,IND,2022,SEA,60.0,3356272.0,3161022.0,14175.0,60.0,812311.0,168665.0,657971.0,India,SEA,2255641.0,998617.0,596855.0,554114.0,India,SEA,757128.0,34128.0,186749.0,10235.0,131456.0,25207.0,43877.0,8346.0,India,SEA,2194723.0,1943166.0,10380.0,89764.0,44495.0,89.0,1.0,0.9418253347762041,0.2420277617547088,0.8099988797394102,0.04507560148350081,0.05480618370111754,0.8853809797409513,0.04089992222253104,0.06590307751821073,False,False,False,2382714.0,0.04184991530331286,0.03932504320130112,90.0,2286114.0,0.8975943456887977,0.03789268601653286,0.05844940366053487,5.633564915693587,False,Anstieg,True
India,IND,2023,SEA,1.0,3683740.0,3467524.0,13290.0,1.0,1083980.0,189474.0,831029.0,India,SEA,2382714.0,1013854.0,668550.0,581503.0,India,SEA,830611.0,34761.0,295130.0,11606.0,137679.0,24061.0,59913.0,8696.0,India,SEA,2286114.0,2052003.0,11191.0,86627.0,35804.0,90.0,1.0,0.9413053038488058,0.2942607241553421,0.7666460635805089,0.04184991530331286,0.03932504320130112,0.8975943456887977,0.03789268601653286,0.05844940366053487,False,False,False,2498584.0,0.036262419605729325,0.03239212325798534,,,,,,4.862942006468255,False,Anstieg,True
India,IND,2024,SEA,1.0,3351718.0,3140511.0,11750.0,1.0,1660252.0,177783.0,,India,SEA,2498584.0,1090789.0,666111.0,641755.0,India,SEA,1007379.0,36530.0,403771.0,13079.0,111153.0,14011.0,40030.0,4282.0,,,,,,,,,,0.9369854504466067,0.4953435820077942,,0.036262419605729325,0.03239212325798534,,,,False,False,False,,,,,,,,,,False,,True
Iran (Islamic Republic of),IRN,2019,EMR,60.0,22724.0,21238.0,,60.0,2697.0,2266.0,2354.0,Iran (Islamic Republic of),EMR,8524.0,5065.0,960.0,2055.0,Iran (Islamic Republic of),EMR,3185.0,16.0,3146.0,8.0,162.0,17.0,151.0,7.0,Iran (Islamic Republic of),EMR,8498.0,7261.0,118.0,769.0,241.0,85.0,1.0,0.9346065833480021,0.11868509065305403,0.8728216536892844,0.005023547880690738,0.0025429116338207248,0.8544363379618733,0.09049188044245705,0.13273711461520357,False,False,False,5993.0,0.002883922134102379,0.001885014137606032,84.0,5958.0,0.842228935884525,0.09080228264518295,0.14216179926149713,-29.692632566870014,False,Rückgang,True
Iran (Islamic Republic of),IRN,2020,EMR,60.0,14382.0,13547.0,,60.0,1830.0,1313.0,1676.0,Iran (Islamic Republic of),EMR,5993.0,3076.0,1103.0,1501.0,Iran (Islamic Republic of),EMR,1387.0,4.0,1061.0,2.0,83.0,17.0,59.0,7.0,Iran (Islamic Republic of),EMR,5958.0,5018.0,82.0,541.0,224.0,84.0,1.0,0.9419413155333055,0.1272423863162286,0.9158469945355191,0.002883922134102379,0.001885014137606032,0.842228935884525,0.09080228264518295,0.14216179926149713,False,False,False,6199.0,0.010393873085339168,0.004411764705882353,83.0,6191.0,0.8299143918591504,0.08706186399612341,0.14230334356323696,3.4373435674954114,False,Anstieg,True
Iran (Islamic Republic of),IRN,2021,EMR,60.0,16855.0,15778.0,,60.0,1813.0,1197.0,1577.0,Iran (Islamic Republic of),EMR,6199.0,3909.0,593.0,1380.0,Iran (Islamic Republic of),EMR,1828.0,19.0,1360.0,6.0,263.0,20.0,235.0,14.0,Iran (Islamic Republic of),EMR,6191.0,5138.0,105.0,539.0,237.0,83.0,1.0,0.9361020468703649,0.10756452091367547,0.8698290126861555,0.010393873085339168,0.004411764705882353,0.8299143918591504,0.08706186399612341,0.14230334356323696,False,False,False,7261.0,0.005447735784814436,0.011363636363636364,84.0,7234.0,0.8411667127453691,0.08501520597179983,0.14183024606027095,17.131795450879174,False,Anstieg,True
Iran (Islamic Republic of),IRN,2022,EMR,60.0,20960.0,19177.0,147.0,60.0,2232.0,1311.0,1870.0,Iran (Islamic Republic of),EMR,7261.0,4729.0,648.0,1492.0,Iran (Islamic Republic of),EMR,2937.0,16.0,880.0,10.0,378.0,20.0,228.0,10.0,Iran (Islamic Republic of),EMR,7234.0,6085.0,139.0,615.0,272.0,84.0,1.0,0.9149332061068702,0.1064885496183206,0.8378136200716846,0.005447735784814436,0.011363636363636364,0.8411667127453691,0.08501520597179983,0.14183024606027095,False,False,False,7425.0,0.007175807278318811,0.010269576379974325,85.0,7371.0,0.8456111789445123,0.07583774250440917,0.13403880070546736,2.25864206032227,False,Anstieg,True
Iran (Islamic Republic of),IRN,2023,EMR,1.0,22008.0,20452.0,157.0,1.0,2569.0,1482.0,2280.0,Iran (Islamic Republic of),EMR,7425.0,4771.0,816.0,1407.0,Iran (Islamic Republic of),EMR,1951.0,14.0,779.0,8.0,340.0,20.0,229.0,9.0,Iran (Islamic Republic of),EMR,7371.0,6233.0,135.0,559.0,294.0,85.0,1.0,0.9292984369320247,0.11673027989821882,0.8875048657065006,0.007175807278318811,0.010269576379974325,0.8456111789445123,0.07583774250440917,0.13403880070546736,False,False,False,7033.0,0.004461221688400824,0.011363636363636364,,,,,,-5.279461279461279,False,Rückgang,True
Iran (Islamic Republic of),IRN,2024,EMR,1.0,18859.0,17692.0,147.0,1.0,2248.0,1187.0,,Iran (Islamic Republic of),EMR,7033.0,3663.0,1543.0,1379.0,Iran (Islamic Republic of),EMR,2914.0,13.0,704.0,8.0,397.0,28.0,235.0,16.0,,,,,,,,,,0.9381197306325892,0.11920038178058222,,0.004461221688400824,0.011363636363636364,,,,False,False,False,,,,,,,,,,False,,True
Iraq,IRQ,2019,EMR,60.0,13036.0,7569.0,,60.0,2711.0,2458.0,1924.0,Iraq,EMR,6616.0,1935.0,1218.0,3017.0,Iraq,EMR,1339.0,20.0,20.0,20.0,122.0,86.0,122.0,84.0,Iraq,EMR,6612.0,6194.0,48.0,214.0,119.0,94.0,1.0,0.5806228904571955,0.20796256520405032,0.7097012172630026,0.014936519790888723,,0.9367816091954023,0.0323653962492438,0.057622504537205084,False,False,False,4987.0,0.18518518518518517,0.07407407407407407,94.0,4985.0,0.9412236710130392,0.023871614844533602,0.05255767301905717,-24.622128174123336,False,Rückgang,True
Iraq,IRQ,2020,EMR,60.0,8885.0,4970.0,,60.0,,1396.0,2045.0,Iraq,EMR,4987.0,1632.0,774.0,2265.0,Iraq,EMR,108.0,20.0,108.0,8.0,143.0,68.0,143.0,49.0,Iraq,EMR,4985.0,4692.0,36.0,119.0,107.0,94.0,1.0,0.5593697242543613,,,0.18518518518518517,0.07407407407407407,0.9412236710130392,0.023871614844533602,0.05255767301905717,False,False,False,5801.0,0.06957928802588997,0.043689320388349516,93.0,5804.0,0.9319434872501723,0.0308407994486561,0.0616815988973122,16.322438339683178,False,Anstieg,True
Iraq,IRQ,2021,EMR,60.0,11882.0,7549.0,,60.0,2168.0,1746.0,1846.0,Iraq,EMR,5801.0,2074.0,930.0,2530.0,Iraq,EMR,618.0,43.0,618.0,27.0,149.0,57.0,149.0,50.0,Iraq,EMR,5804.0,5409.0,36.0,179.0,143.0,93.0,1.0,0.635330752398586,0.1824608651742131,0.8514760147601476,0.06957928802588997,0.043689320388349516,0.9319434872501723,0.0308407994486561,0.0616815988973122,False,False,False,6643.0,0.02709744658676394,0.006253256904637832,94.0,6643.0,0.9394851723618847,0.02528977871443625,0.05298810778262833,14.514738838131358,False,Anstieg,True
Iraq,IRQ,2022,EMR,60.0,13837.0,8499.0,16.0,60.0,7688.0,1953.0,7038.0,Iraq,EMR,6643.0,2422.0,1040.0,2885.0,Iraq,EMR,1919.0,52.0,1919.0,12.0,194.0,99.0,194.0,16.0,Iraq,EMR,6643.0,6241.0,50.0,168.0,134.0,94.0,1.0,0.6142227361422273,0.5556117655561177,0.9154526534859522,0.02709744658676394,0.006253256904637832,0.9394851723618847,0.02528977871443625,0.05298810778262833,False,False,False,6945.0,0.03553756185335133,0.007647323436797121,94.0,6848.0,0.9434871495327103,0.023802570093457945,0.04483060747663552,4.546138792714135,False,Anstieg,True
Iraq,IRQ,2023,EMR,1.0,12854.0,8903.0,35.0,1.0,7996.0,1641.0,6637.0,Iraq,EMR,6945.0,2223.0,1305.0,3089.0,Iraq,EMR,2223.0,79.0,2223.0,17.0,176.0,48.0,176.0,25.0,Iraq,EMR,6848.0,6461.0,45.0,163.0,99.0,94.0,1.0,0.6926248638556092,0.6220631709973549,0.830040020010005,0.03553756185335133,0.007647323436797121,0.9434871495327103,0.023802570093457945,0.04483060747663552,False,False,False,6454.0,0.011647254575707155,0.003882418191902385,,,,,,-7.069834413246941,False,Rückgang,True
Iraq,IRQ,2024,EMR,1.0,24869.0,13985.0,211.0,1.0,2244.0,2169.0,,Iraq,EMR,6454.0,1803.0,1181.0,3121.0,Iraq,EMR,1803.0,21.0,1803.0,7.0,249.0,78.0,249.0,68.0,,,,,,,,,,0.5623466966906591,0.09023281997667779,,0.011647254575707155,0.003882418191902385,,,,False,False,False,,,,,,,,,,False,,True
Jamaica,JAM,2019,AMR,60.0,57.0,57.0,,0.0,,,,Jamaica,AMR,75.0,49.0,24.0,2.0,Jamaica,AMR,49.0,0.0,0.0,0.0,0.0,0.0,0.0,0.0,Jamaica,AMR,76.0,50.0,0.0,8.0,10.0,66.0,1.0,1.0,,,0.0,,0.6578947368421053,0.10526315789473684,0.23684210526315788,True,False,False,,,,,,,,,,False,,False
Jamaica,JAM,2021,AMR,60.0,151.0,151.0,,0.0,,,,Jamaica,AMR,57.0,44.0,9.0,4.0,Jamaica,AMR,44.0,0.0,0.0,0.0,,,0.0,0.0,Jamaica,AMR,,,,,,,0.0,1.0,,,0.0,,,,,True,False,False,,,,,,,,,,False,,False
Jordan,JOR,2019,EMR,60.0,274.0,274.0,,60.0,303.0,22.0,,Jordan,EMR,446.0,76.0,253.0,113.0,Jordan,EMR,76.0,2.0,76.0,2.0,8.0,0.0,8.0,0.0,Jordan,EMR,454.0,374.0,0.0,8.0,2.0,82.0,1.0,1.0,,,0.02631578947368421,0.02631578947368421,0.8237885462555066,0.01762114537444934,0.022026431718061675,True,False,False,250.0,0.00909090909090909,,86.0,223.0,0.8565022421524664,0.026905829596412557,0.11659192825112108,-43.946188340807176,False,Rückgang,False
Jordan,JOR,2020,EMR,60.0,83.0,83.0,,0.0,,,,Jordan,EMR,250.0,110.0,56.0,80.0,Jordan,EMR,110.0,1.0,,,3.0,0.0,0.0,0.0,Jordan,EMR,223.0,191.0,0.0,6.0,20.0,86.0,1.0,1.0,,,0.00909090909090909,,0.8565022421524664,0.026905829596412557,0.11659192825112108,True,False,False,,,,,,,,,,False,,False
Jordan,JOR,2023,EMR,1.0,390.0,315.0,4.0,1.0,56.0,7.0,50.0,Jordan,EMR,251.0,86.0,26.0,131.0,Jordan,EMR,84.0,3.0,84.0,2.0,5.0,0.0,5.0,0.0,Jordan,EMR,247.0,207.0,1.0,20.0,14.0,84.0,1.0,0.8076923076923077,0.14358974358974358,0.8928571428571429,0.03571428571428571,0.023809523809523808,0.8380566801619433,0.08097165991902834,0.1417004048582996,False,False,False,271.0,0.012987012987012988,0.0,,,,,,7.968127490039841,False,Anstieg,False
Jordan,JOR,2024,EMR,1.0,407.0,407.0,26.0,1.0,70.0,19.0,,Jordan,EMR,271.0,111.0,53.0,102.0,Jordan,EMR,77.0,1.0,77.0,0.0,3.0,1.0,3.0,1.0,,,,,,,,,,1.0,0.171990171990172,,0.012987012987012988,0.0,,,,True,False,False,,,,,,,,,,False,,False
Kazakhstan,KAZ,2019,EUR,60.0,32329.0,32329.0,,60.0,780.0,528.0,,Kazakhstan,EUR,12501.0,5789.0,1773.0,1125.0,Kazakhstan,EUR,5687.0,1534.0,3712.0,756.0,3250.0,1446.0,2815.0,813.0,Kazakhstan,EUR,7429.0,6704.0,186.0,432.0,107.0,90.0,1.0,1.0,0.024126944848278636,,0.2697379989449622,0.2036637931034483,0.9024094763763629,0.05815049131780859,0.0975905236236371,True,False,False,9603.0,0.3618773157678057,0.2758336764100453,88.0,5742.0,0.8782654127481714,0.08028561476837338,0.11947056774642982,-23.18214542836573,False,Rückgang,True
Kazakhstan,KAZ,2020,EUR,60.0,26673.0,26673.0,,60.0,3340.0,997.0,3340.0,Kazakhstan,EUR,9603.0,4862.0,1189.0,883.0,Kazakhstan,EUR,4858.0,1758.0,4858.0,1340.0,2216.0,1101.0,2216.0,988.0,Kazakhstan,EUR,5742.0,5043.0,171.0,461.0,54.0,88.0,1.0,1.0,0.1252202601882053,1.0,0.3618773157678057,0.2758336764100453,0.8782654127481714,0.08028561476837338,0.11947056774642982,True,False,True,9757.0,0.37727006444053895,0.29349736379613356,89.0,5621.0,0.8872086817292296,0.07738836505959794,0.11154598825831702,1.6036655211912942,False,Anstieg,True
Kazakhstan,KAZ,2021,EUR,60.0,24766.0,24766.0,,60.0,4116.0,1305.0,4116.0,Kazakhstan,EUR,9757.0,5127.0,1502.0,437.0,Kazakhstan,EUR,5121.0,1932.0,5121.0,1503.0,2401.0,1011.0,2401.0,762.0,Kazakhstan,EUR,5621.0,4987.0,119.0,435.0,73.0,89.0,1.0,1.0,0.16619559072922555,1.0,0.37727006444053895,0.29349736379613356,0.8872086817292296,0.07738836505959794,0.11154598825831702,True,False,True,10009.0,0.33486550902281237,0.2730677562138236,90.0,5922.0,0.8991894630192503,0.07497467071935157,0.09760216143194866,2.58276109459875,False,Anstieg,True
Kazakhstan,KAZ,2022,EUR,60.0,29780.0,29780.0,259.0,60.0,5246.0,1599.0,,Kazakhstan,EUR,10009.0,5874.0,572.0,906.0,Kazakhstan,EUR,5874.0,1967.0,5874.0,1604.0,2523.0,1461.0,2523.0,1297.0,Kazakhstan,EUR,5922.0,5325.0,83.0,444.0,51.0,90.0,1.0,1.0,0.17615849563465413,,0.33486550902281237,0.2730677562138236,0.8991894630192503,0.07497467071935157,0.09760216143194866,True,False,False,9506.0,0.3117475373951113,0.27289310470631156,90.0,5795.0,0.9042277825711821,0.06678170836928386,0.09439171699741156,-5.025477070636427,False,Rückgang,True
Kazakhstan,KAZ,2023,EUR,1.0,32907.0,32907.0,248.0,1.0,5622.0,1566.0,5116.0,Kazakhstan,EUR,9506.0,5483.0,718.0,803.0,Kazakhstan,EUR,5482.0,1709.0,5482.0,1496.0,2072.0,1225.0,2072.0,1143.0,Kazakhstan,EUR,5795.0,5240.0,105.0,387.0,55.0,90.0,1.0,1.0,0.1708451089433859,0.9099964425471363,0.3117475373951113,0.27289310470631156,0.9042277825711821,0.06678170836928386,0.09439171699741156,True,False,False,9133.0,0.29865453856357776,0.25677468258480196,,,,,,-3.9238375762676205,False,Rückgang,True
Kazakhstan,KAZ,2024,EUR,1.0,36615.0,36615.0,255.0,1.0,8619.0,2364.0,,Kazakhstan,EUR,9133.0,5279.0,767.0,816.0,Kazakhstan,EUR,5277.0,1576.0,5277.0,1355.0,1898.0,1214.0,1898.0,1130.0,,,,,,,,,,1.0,0.23539532978287586,,0.29865453856357776,0.25677468258480196,,,,True,False,False,,,,,,,,,,False,,True
Kenya,KEN,2019,AFR,60.0,8696.0,8696.0,,60.0,8357.0,7713.0,6379.0,Kenya,AFR,84345.0,43565.0,24351.0,11724.0,Kenya,AFR,33149.0,209.0,296.0,22.0,3647.0,169.0,371.0,67.0,Kenya,AFR,84049.0,71914.0,473.0,5248.0,4520.0,86.0,1.0,1.0,0.9610165593376265,0.7633121933708269,0.00630486590847386,0.07432432432432433,0.8556199359897203,0.06243976727861129,0.12184559007245774,True,False,False,71060.0,0.008696713557718715,0.011494252873563218,85.0,70382.0,0.848711318234776,0.07196442272171862,0.1294365036515018,-15.750785464461439,False,Rückgang,True
Kenya,KEN,2020,AFR,60.0,10534.0,1088.0,,60.0,8755.0,8008.0,6564.0,Kenya,AFR,71060.0,38402.0,18558.0,9791.0,Kenya,AFR,32771.0,285.0,261.0,3.0,3553.0,165.0,236.0,3.0,Kenya,AFR,70382.0,59734.0,403.0,5065.0,3642.0,85.0,1.0,0.10328460224036454,0.8311182836529334,0.7497430039977155,0.008696713557718715,0.011494252873563218,0.848711318234776,0.07196442272171862,0.1294365036515018,False,False,False,76010.0,0.010913337628865979,0.08050847457627118,87.0,75086.0,0.8727858721998775,0.06336733878486003,0.11763844125402871,6.96594427244582,False,Anstieg,True
Kenya,KEN,2021,AFR,60.0,115276.0,97606.0,,60.0,7436.0,5619.0,6074.0,Kenya,AFR,76010.0,39351.0,22629.0,9606.0,Kenya,AFR,24832.0,271.0,236.0,19.0,2773.0,117.0,198.0,35.0,Kenya,AFR,75086.0,65534.0,435.0,4758.0,3640.0,87.0,1.0,0.8467157083868281,0.06450605503313786,0.8168370091447015,0.010913337628865979,0.08050847457627118,0.8727858721998775,0.06336733878486003,0.11763844125402871,False,False,False,88690.0,0.005781073268819907,0.0,89.0,87689.0,0.8864395762296298,0.05835395545621458,0.10930675455302262,16.682015524273123,False,Anstieg,True
Kenya,KEN,2022,AFR,60.0,112469.0,112469.0,233.0,60.0,32656.0,5800.0,29246.0,Kenya,AFR,88690.0,42828.0,30168.0,10379.0,Kenya,AFR,23871.0,138.0,241.0,0.0,1980.0,54.0,181.0,1.0,Kenya,AFR,87689.0,77731.0,547.0,5117.0,3921.0,89.0,1.0,1.0,0.2903555646444798,0.895578147966683,0.005781073268819907,0.0,0.8864395762296298,0.05835395545621458,0.10930675455302262,True,False,False,94653.0,0.008138084924853973,0.08604651162790698,89.0,94024.0,0.8942716753169404,0.052603590572619756,0.09733685016591509,6.723418649227647,False,Anstieg,True
Kenya,KEN,2023,AFR,1.0,113445.0,113251.0,1624.0,1.0,43354.0,3952.0,38694.0,Kenya,AFR,94653.0,43730.0,33400.0,11806.0,Kenya,AFR,30474.0,248.0,430.0,37.0,3473.0,132.0,132.0,15.0,Kenya,AFR,94024.0,84083.0,490.0,4946.0,3716.0,89.0,1.0,0.99828992022566,0.3821587553439993,0.8925128015869355,0.008138084924853973,0.08604651162790698,0.8942716753169404,0.052603590572619756,0.09733685016591509,False,False,False,94833.0,0.006793551517765677,0.37209302325581395,,,,,,0.19016829894456594,False,Anstieg,True
Kenya,KEN,2024,AFR,1.0,59829.0,58076.0,1236.0,1.0,49571.0,546.0,,Kenya,AFR,94833.0,44362.0,30301.0,13901.0,Kenya,AFR,37094.0,252.0,86.0,32.0,4862.0,131.0,63.0,26.0,,,,,,,,,,0.9706998278426849,0.8285446856875428,,0.006793551517765677,0.37209302325581395,,,,False,False,False,,,,,,,,,,False,,True
Kyrgyzstan,KGZ,2019,EUR,60.0,9888.0,9888.0,,60.0,479.0,263.0,,Kyrgyzstan,EUR,6138.0,2549.0,1287.0,1260.0,Kyrgyzstan,EUR,2375.0,700.0,2333.0,589.0,1003.0,603.0,977.0,508.0,Kyrgyzstan,EUR,5110.0,4155.0,112.0,328.0,481.0,81.0,1.0,1.0,0.048442556634304204,,0.29473684210526313,0.2524646378054008,0.8131115459882583,0.06418786692759296,0.1802348336594912,True,False,False,4241.0,0.2831705916140149,0.22458357265939116,82.0,3472.0,0.817684331797235,0.07805299539170507,0.1777073732718894,-30.905832518735743,False,Rückgang,True
Kyrgyzstan,KGZ,2020,EUR,60.0,7827.0,7827.0,,60.0,300.0,121.0,,Kyrgyzstan,EUR,4241.0,1892.0,833.0,809.0,Kyrgyzstan,EUR,1741.0,493.0,1741.0,391.0,698.0,377.0,698.0,324.0,Kyrgyzstan,EUR,3472.0,2839.0,92.0,271.0,254.0,82.0,1.0,1.0,0.038328861632809505,,0.2831705916140149,0.22458357265939116,0.817684331797235,0.07805299539170507,0.1777073732718894,True,False,False,4596.0,0.2587991718426501,0.25605095541401274,81.0,3845.0,0.811703511053316,0.06657997399219766,0.18283485045513653,8.370667295449188,False,Anstieg,True
Kyrgyzstan,KGZ,2021,EUR,60.0,7715.0,7715.0,,60.0,307.0,126.0,189.0,Kyrgyzstan,EUR,4596.0,2055.0,904.0,942.0,Kyrgyzstan,EUR,1932.0,500.0,1570.0,402.0,669.0,339.0,534.0,283.0,Kyrgyzstan,EUR,3845.0,3121.0,125.0,256.0,322.0,81.0,1.0,1.0,0.03979261179520415,0.6156351791530945,0.2587991718426501,0.25605095541401274,0.811703511053316,0.06657997399219766,0.18283485045513653,True,False,False,4568.0,0.23279158699808794,0.1959847036328872,83.0,3845.0,0.8280884265279583,0.06319895968790637,0.1659297789336801,-0.6092254134029591,False,Rückgang,True
Kyrgyzstan,KGZ,2022,EUR,60.0,7278.0,7088.0,210.0,60.0,499.0,215.0,450.0,Kyrgyzstan,EUR,4568.0,2173.0,1042.0,827.0,Kyrgyzstan,EUR,2092.0,487.0,2092.0,410.0,654.0,294.0,654.0,251.0,Kyrgyzstan,EUR,3845.0,3184.0,152.0,243.0,243.0,83.0,1.0,0.9738939269029954,0.06856279197581754,0.9018036072144289,0.23279158699808794,0.1959847036328872,0.8280884265279583,0.06319895968790637,0.1659297789336801,False,False,False,4183.0,0.20916905444126074,0.14955577492596248,86.0,3493.0,0.8628685943315202,0.04752361866590323,0.13627254509018036,-8.428196147110333,False,Rückgang,True
Kyrgyzstan,KGZ,2023,EUR,1.0,7393.0,7207.0,209.0,1.0,451.0,191.0,419.0,Kyrgyzstan,EUR,4183.0,2191.0,806.0,750.0,Kyrgyzstan,EUR,2094.0,438.0,2026.0,303.0,626.0,254.0,625.0,228.0,Kyrgyzstan,EUR,3493.0,3014.0,123.0,166.0,187.0,86.0,1.0,0.9748410658731232,0.061003652103341,0.9290465631929047,0.20916905444126074,0.14955577492596248,0.8628685943315202,0.04752361866590323,0.13627254509018036,False,False,False,3989.0,0.19554695062923524,0.17037754114230397,,,,,,-4.637819746593354,False,Rückgang,True
Kyrgyzstan,KGZ,2024,EUR,1.0,9211.0,8813.0,178.0,1.0,526.0,255.0,,Kyrgyzstan,EUR,3989.0,2149.0,738.0,706.0,Kyrgyzstan,EUR,2066.0,404.0,2066.0,352.0,582.0,253.0,582.0,220.0,,,,,,,,,,0.9567907936163283,0.05710563456736511,,0.19554695062923524,0.17037754114230397,,,,False,False,False,,,,,,,,,,False,,True
Cambodia,KHM,2023,WPR,1.0,41383.0,23804.0,987.0,1.0,16526.0,1295.0,14285.0,Cambodia,WPR,32270.0,13113.0,7340.0,11488.0,Cambodia,WPR,,59.0,124.0,23.0,,70.0,83.0,27.0,Cambodia,WPR,32217.0,30808.0,59.0,607.0,562.0,96.0,1.0,0.5752120435927797,0.3993427252736631,0.8643954980031465,,0.18548387096774194,0.9562653257596921,0.01884098457336189,0.03811652233292982,False,False,False,,,,,,,,,,False,,False
Kiribati,KIR,2019,WPR,60.0,691.0,8.0,,60.0,104.0,81.0,86.0,Kiribati,WPR,410.0,188.0,72.0,138.0,Kiribati,WPR,188.0,1.0,1.0,,9.0,2.0,2.0,,Kiribati,WPR,410.0,379.0,0.0,16.0,7.0,92.0,1.0,0.011577424023154847,0.15050651230101303,0.8269230769230769,0.005319148936170213,,0.9243902439024391,0.03902439024390244,0.05609756097560976,False,False,False,385.0,0.028735632183908046,,83.0,385.0,0.8285714285714286,0.08831168831168831,0.12207792207792208,-6.097560975609756,False,Rückgang,False
Kiribati,KIR,2020,WPR,60.0,1217.0,24.0,,60.0,166.0,135.0,126.0,Kiribati,WPR,385.0,191.0,42.0,138.0,Kiribati,WPR,174.0,5.0,,,11.0,2.0,,,Kiribati,WPR,385.0,319.0,2.0,34.0,11.0,83.0,1.0,0.01972062448644207,0.13640098603122433,0.7590361445783133,0.028735632183908046,,0.8285714285714286,0.08831168831168831,0.12207792207792208,False,False,False,330.0,0.0,,86.0,330.0,0.8606060606060606,0.08484848484848485,0.10909090909090909,-14.285714285714285,False,Rückgang,False
Kiribati,KIR,2021,WPR,60.0,1214.0,26.0,,60.0,206.0,151.0,86.0,Kiribati,WPR,330.0,183.0,44.0,91.0,Kiribati,WPR,177.0,0.0,0.0,0.0,12.0,0.0,0.0,0.0,Kiribati,WPR,330.0,284.0,0.0,28.0,8.0,86.0,1.0,0.0214168039538715,0.1696869851729819,0.4174757281553398,0.0,,0.8606060606060606,0.08484848484848485,0.10909090909090909,False,False,False,,,,,,,,,,False,,False
Kiribati,KIR,2023,WPR,1.0,1117.0,1020.0,16.0,1.0,156.0,59.0,141.0,Kiribati,WPR,565.0,240.0,121.0,177.0,Kiribati,WPR,238.0,1.0,0.0,0.0,8.0,1.0,0.0,0.0,Kiribati,WPR,565.0,502.0,0.0,40.0,15.0,89.0,1.0,0.9131602506714414,0.1396598030438675,0.9038461538461539,0.004201680672268907,,0.8884955752212389,0.07079646017699115,0.09734513274336283,False,False,False,597.0,0.0,,,,,,,5.663716814159292,False,Anstieg,False
Kiribati,KIR,2024,WPR,1.0,1135.0,1135.0,24.0,1.0,338.0,102.0,,Kiribati,WPR,597.0,237.0,170.0,154.0,Kiribati,WPR,2.0,0.0,0.0,0.0,0.0,0.0,0.0,0.0,,,,,,,,,,1.0,0.29779735682819386,,0.0,,,,,True,False,False,,,,,,,,,,False,,False
Saint Kitts and Nevis,KNA,2019,AMR,60.0,2.0,2.0,,0.0,,,,Saint Kitts and Nevis,AMR,2.0,2.0,0.0,0.0,Saint Kitts and Nevis,AMR,2.0,0.0,2.0,0.0,0.0,0.0,0.0,0.0,Saint Kitts and Nevis,AMR,2.0,2.0,0.0,0.0,0.0,100.0,1.0,1.0,,,0.0,0.0,1.0,0.0,0.0,True,False,False,,,,,,,,,,True,,False
Republic of Korea,KOR,2019,WPR,60.0,20399.0,16487.0,,60.0,2717.0,251.0,1904.0,Republic of Korea,WPR,27956.0,15153.0,3801.0,5063.0,Republic of Korea,WPR,13053.0,429.0,11875.0,297.0,2868.0,267.0,2322.0,186.0,Republic of Korea,WPR,27087.0,22435.0,9.0,3555.0,548.0,83.0,1.0,0.8082258934261484,0.1331928035688024,0.7007729112992271,0.032866007814295564,0.025010526315789473,0.828257097500646,0.13124377007420535,0.15180713995643666,False,False,False,23110.0,0.03135329115119464,0.020020776277268865,81.0,22344.0,0.8122986036519871,0.14697457930540636,0.16742749731471537,-17.334382601230505,False,Rückgang,True
Republic of Korea,KOR,2020,WPR,60.0,17806.0,14836.0,,60.0,2712.0,238.0,1957.0,Republic of Korea,WPR,23110.0,12132.0,3160.0,4685.0,Republic of Korea,WPR,10589.0,332.0,10589.0,212.0,2273.0,196.0,2273.0,125.0,Republic of Korea,WPR,22344.0,18150.0,6.0,3284.0,451.0,81.0,1.0,0.833202291362462,0.15230821071548917,0.7216076696165191,0.03135329115119464,0.020020776277268865,0.8122986036519871,0.14697457930540636,0.16742749731471537,False,False,False,21433.0,0.03005170185264972,0.01971133132270573,80.0,20545.0,0.8013141883669993,0.1557069846678024,0.1798491117060112,-7.256598874945911,False,Rückgang,True
Republic of Korea,KOR,2021,WPR,60.0,19272.0,15804.0,,60.0,3074.0,170.0,2520.0,Republic of Korea,WPR,21433.0,11530.0,2865.0,4293.0,Republic of Korea,WPR,9284.0,279.0,9284.0,183.0,1661.0,211.0,1661.0,162.0,Republic of Korea,WPR,20545.0,16463.0,13.0,3199.0,483.0,80.0,1.0,0.8200498132004981,0.15950601909506018,0.8197787898503578,0.03005170185264972,0.01971133132270573,0.8013141883669993,0.1557069846678024,0.1798491117060112,False,False,False,19128.0,0.02796194868838282,0.01835303161333718,79.0,18370.0,0.7916167664670659,0.16624931954273273,0.18856831790963527,-10.754444081556478,False,Rückgang,True
Republic of Korea,KOR,2022,WPR,60.0,16303.0,12628.0,78.0,60.0,2477.0,123.0,2122.0,Republic of Korea,WPR,19128.0,10603.0,2084.0,3915.0,Republic of Korea,WPR,10407.0,291.0,10407.0,191.0,2182.0,195.0,2182.0,139.0,Republic of Korea,WPR,18370.0,14542.0,14.0,3054.0,396.0,79.0,1.0,0.7745813653928725,0.15193522664540268,0.8566814695195801,0.02796194868838282,0.01835303161333718,0.7916167664670659,0.16624931954273273,0.18856831790963527,False,False,False,18361.0,0.02643256801080455,0.013639001741149159,79.0,17646.0,0.794911027995013,0.16695001700102005,0.18797461181004194,-4.00982852363028,False,Rückgang,True
Republic of Korea,KOR,2023,WPR,1.0,14991.0,11611.0,52.0,1.0,2458.0,130.0,2124.0,Republic of Korea,WPR,18361.0,10769.0,1827.0,3597.0,Republic of Korea,WPR,10366.0,274.0,10338.0,141.0,2007.0,201.0,2007.0,143.0,Republic of Korea,WPR,17646.0,14027.0,1.0,2946.0,370.0,79.0,1.0,0.7745313854979654,0.16396504569408313,0.8641171684296176,0.02643256801080455,0.013639001741149159,0.794911027995013,0.16695001700102005,0.18797461181004194,False,False,False,16798.0,0.02584327970939284,0.016813700051894136,,,,,,-8.51260824573825,False,Rückgang,True
Republic of Korea,KOR,2024,WPR,1.0,13323.0,11818.0,59.0,1.0,2696.0,79.0,,Republic of Korea,WPR,16798.0,10030.0,1595.0,3341.0,Republic of Korea,WPR,9635.0,249.0,9635.0,162.0,1808.0,157.0,1808.0,110.0,,,,,,,,,,0.8870374540268708,0.20235682654056894,,0.02584327970939284,0.016813700051894136,,,,False,False,False,,,,,,,,,,False,,True
Kuwait,KWT,2019,EMR,60.0,1585.0,1585.0,,60.0,1581.0,59.0,1574.0,Kuwait,EMR,791.0,333.0,297.0,161.0,Kuwait,EMR,333.0,4.0,333.0,3.0,0.0,0.0,0.0,0.0,Kuwait,EMR,791.0,582.0,0.0,6.0,193.0,74.0,1.0,1.0,0.9974763406940063,0.9955724225173941,0.012012012012012012,0.009009009009009009,0.7357774968394437,0.007585335018963337,0.2515802781289507,True,False,False,691.0,0.023411371237458192,0.020066889632107024,82.0,691.0,0.8234442836468886,0.010130246020260492,0.056439942112879886,-12.64222503160556,False,Rückgang,True
Kuwait,KWT,2020,EMR,60.0,948.0,948.0,,60.0,947.0,35.0,,Kuwait,EMR,691.0,299.0,172.0,220.0,Kuwait,EMR,299.0,7.0,299.0,6.0,0.0,0.0,0.0,0.0,Kuwait,EMR,691.0,569.0,0.0,7.0,32.0,82.0,1.0,1.0,0.9989451476793249,,0.023411371237458192,0.020066889632107024,0.8234442836468886,0.010130246020260492,0.056439942112879886,True,False,False,736.0,0.012468827930174564,0.012658227848101266,100.0,736.0,0.9959239130434783,0.004076086956521739,0.004076086956521739,6.512301013024602,False,Anstieg,True
Kuwait,KWT,2021,EMR,60.0,2128.0,2128.0,,,,,583.0,Kuwait,EMR,736.0,401.0,80.0,255.0,Kuwait,EMR,401.0,5.0,395.0,5.0,,,0.0,0.0,Kuwait,EMR,736.0,733.0,0.0,3.0,0.0,100.0,1.0,1.0,,,0.012468827930174564,0.012658227848101266,0.9959239130434783,0.004076086956521739,0.004076086956521739,True,False,False,449.0,0.020242914979757085,0.016194331983805668,100.0,449.0,1.0,0.0,0.0,-38.994565217391305,False,Rückgang,True
Kuwait,KWT,2022,EMR,60.0,5584.0,5584.0,1.0,60.0,1532.0,,,Kuwait,EMR,449.0,247.0,63.0,139.0,Kuwait,EMR,247.0,5.0,247.0,4.0,0.0,0.0,0.0,0.0,Kuwait,EMR,449.0,449.0,0.0,0.0,0.0,100.0,1.0,1.0,0.27435530085959886,,0.020242914979757085,0.016194331983805668,1.0,0.0,0.0,True,False,False,410.0,0.03211009174311927,0.03211009174311927,99.0,410.0,0.9878048780487805,0.012195121951219513,0.012195121951219513,-8.68596881959911,False,Rückgang,True
Kuwait,KWT,2023,EMR,1.0,4097.0,4097.0,2.0,1.0,1120.0,,,Kuwait,EMR,410.0,218.0,50.0,142.0,Kuwait,EMR,218.0,7.0,218.0,7.0,0.0,0.0,0.0,0.0,Kuwait,EMR,410.0,405.0,0.0,5.0,0.0,99.0,1.0,1.0,0.2733707590920185,,0.03211009174311927,0.03211009174311927,0.9878048780487805,0.012195121951219513,0.012195121951219513,True,False,False,398.0,0.015151515151515152,0.015151515151515152,,,,,,-2.9268292682926833,False,Rückgang,True
Kuwait,KWT,2024,EMR,1.0,3542.0,3542.0,3.0,1.0,904.0,92.0,,Kuwait,EMR,398.0,264.0,41.0,93.0,Kuwait,EMR,264.0,4.0,264.0,4.0,0.0,0.0,0.0,0.0,,,,,,,,,,1.0,0.2552230378317335,,0.015151515151515152,0.015151515151515152,,,,True,False,False,,,,,,,,,,False,,True
Lao People's Democratic Republic,LAO,2024,WPR,1.0,3634.0,1627.0,9.0,1.0,774.0,739.0,,Lao People's Democratic Republic,WPR,8965.0,4840.0,3180.0,469.0,Lao People's Democratic Republic,WPR,4840.0,16.0,,,298.0,21.0,,,,,,,,,,,,0.4477160154100165,0.21298844248761695,,0.003305785123966942,,,,,False,False,False,,,,,,,,,,False,,False
Lebanon,LBN,2019,EMR,60.0,1657.0,1440.0,,60.0,437.0,132.0,,Lebanon,EMR,757.0,437.0,71.0,248.0,Lebanon,EMR,405.0,9.0,27.0,7.0,5.0,0.0,3.0,0.0,Lebanon,EMR,754.0,602.0,1.0,19.0,93.0,80.0,1.0,0.8690404345202173,0.2637296318648159,,0.022222222222222223,0.25925925925925924,0.7984084880636605,0.025198938992042442,0.14986737400530503,False,False,False,658.0,0.0061162079510703364,0.043478260869565216,81.0,655.0,0.8106870229007633,0.03206106870229008,0.04580152671755725,-13.0779392338177,False,Rückgang,True
Lebanon,LBN,2020,EMR,60.0,938.0,873.0,,60.0,295.0,70.0,,Lebanon,EMR,658.0,345.0,81.0,228.0,Lebanon,EMR,327.0,2.0,23.0,1.0,6.0,1.0,5.0,0.0,Lebanon,EMR,655.0,531.0,0.0,21.0,9.0,81.0,1.0,0.9307036247334755,0.31449893390191896,,0.0061162079510703364,0.043478260869565216,0.8106870229007633,0.03206106870229008,0.04580152671755725,False,False,False,471.0,0.013157894736842105,0.008771929824561403,88.0,467.0,0.8822269807280514,0.032119914346895075,0.05139186295503212,-28.419452887537993,False,Rückgang,True
Lebanon,LBN,2021,EMR,60.0,905.0,839.0,,60.0,272.0,81.0,,Lebanon,EMR,471.0,250.0,25.0,191.0,Lebanon,EMR,228.0,3.0,228.0,2.0,3.0,0.0,3.0,0.0,Lebanon,EMR,467.0,412.0,2.0,15.0,7.0,88.0,1.0,0.9270718232044199,0.3005524861878453,,0.013157894736842105,0.008771929824561403,0.8822269807280514,0.032119914346895075,0.05139186295503212,False,False,False,510.0,0.012195121951219513,0.014705882352941176,85.0,505.0,0.8495049504950495,0.041584158415841586,0.08514851485148515,8.280254777070063,False,Anstieg,True
Lebanon,LBN,2022,EMR,60.0,975.0,793.0,9.0,60.0,186.0,56.0,,Lebanon,EMR,510.0,271.0,34.0,203.0,Lebanon,EMR,246.0,3.0,68.0,1.0,4.0,0.0,4.0,0.0,Lebanon,EMR,505.0,429.0,2.0,21.0,20.0,85.0,1.0,0.8133333333333334,0.19076923076923077,,0.012195121951219513,0.014705882352941176,0.8495049504950495,0.041584158415841586,0.08514851485148515,False,False,False,505.0,0.006622516556291391,0.0,85.0,503.0,0.8489065606361829,0.03578528827037773,0.08946322067594434,-0.9803921568627451,False,Rückgang,True
Lebanon,LBN,2023,EMR,1.0,1328.0,1109.0,24.0,1.0,265.0,88.0,,Lebanon,EMR,505.0,313.0,37.0,154.0,Lebanon,EMR,302.0,2.0,302.0,0.0,9.0,2.0,9.0,2.0,Lebanon,EMR,503.0,427.0,2.0,18.0,25.0,85.0,1.0,0.8350903614457831,0.19954819277108435,,0.006622516556291391,0.0,0.8489065606361829,0.03578528827037773,0.08946322067594434,False,False,False,532.0,0.010676156583629894,0.0071174377224199285,,,,,,5.346534653465347,False,Anstieg,True
Lebanon,LBN,2024,EMR,1.0,972.0,858.0,43.0,1.0,225.0,46.0,,Lebanon,EMR,532.0,300.0,38.0,189.0,Lebanon,EMR,281.0,3.0,281.0,2.0,11.0,0.0,11.0,0.0,,,,,,,,,,0.8827160493827161,0.23148148148148148,,0.010676156583629894,0.0071174377224199285,,,,False,False,False,,,,,,,,,,False,,True
Liberia,LBR,2020,AFR,60.0,138.0,109.0,,60.0,95.0,95.0,,Liberia,AFR,6958.0,3803.0,1067.0,1982.0,Liberia,AFR,923.0,39.0,,,20.0,0.0,0.0,0.0,Liberia,AFR,6990.0,5290.0,16.0,305.0,1207.0,76.0,1.0,0.7898550724637681,0.6884057971014492,,0.04225352112676056,,0.7567954220314735,0.04363376251788269,0.21859799713876968,False,False,False,7327.0,0.04576043068640646,,78.0,91.0,0.7802197802197802,0.07692307692307693,0.21978021978021978,5.303248059787295,False,Anstieg,False
Liberia,LBR,2021,AFR,60.0,358.0,199.0,,60.0,184.0,184.0,180.0,Liberia,AFR,7327.0,4002.0,1209.0,1999.0,Liberia,AFR,1486.0,68.0,,,57.0,21.0,,,Liberia,AFR,91.0,71.0,0.0,7.0,13.0,78.0,1.0,0.5558659217877095,0.5139664804469274,0.9782608695652174,0.04576043068640646,,0.7802197802197802,0.07692307692307693,0.21978021978021978,False,False,False,7073.0,,,78.0,7043.0,0.7829050120687208,0.03492829760045435,0.1814567655828482,-3.4666302715981985,False,Rückgang,False
Liberia,LBR,2022,AFR,60.0,471.0,280.0,0.0,60.0,210.0,210.0,,Liberia,AFR,7073.0,4230.0,1125.0,1581.0,Liberia,AFR,74.0,74.0,74.0,,48.0,48.0,48.0,0.0,Liberia,AFR,7043.0,5514.0,25.0,246.0,1007.0,78.0,1.0,0.5944798301486199,0.445859872611465,,,,0.7829050120687208,0.03492829760045435,0.1814567655828482,False,False,False,,,,,,,,,,False,,False
Libya,LBY,2020,EMR,60.0,98.0,0.0,,60.0,98.0,11.0,,Libya,EMR,1748.0,739.0,288.0,717.0,Libya,EMR,732.0,12.0,0.0,0.0,0.0,0.0,0.0,0.0,Libya,EMR,1734.0,1204.0,0.0,39.0,480.0,69.0,1.0,0.0,1.0,,0.01639344262295082,,0.6943483275663207,0.02249134948096886,0.29930795847750863,True,True,False,1944.0,0.009259259259259259,0.5,62.0,1944.0,0.6157407407407407,0.01646090534979424,0.3477366255144033,11.212814645308924,False,Anstieg,False
Libya,LBY,2021,EMR,60.0,251.0,92.0,,60.0,92.0,13.0,,Libya,EMR,1944.0,803.0,293.0,836.0,Libya,EMR,540.0,5.0,2.0,1.0,22.0,2.0,2.0,1.0,Libya,EMR,1944.0,1197.0,2.0,32.0,642.0,62.0,1.0,0.3665338645418327,0.3665338645418327,,0.009259259259259259,0.5,0.6157407407407407,0.01646090534979424,0.3477366255144033,False,False,False,,,,,,,,,,False,,False
Libya,LBY,2024,EMR,1.0,326.0,0.0,0.0,1.0,,,,Libya,EMR,2712.0,1307.0,389.0,1008.0,Libya,EMR,,,,,,,,,,,,,,,,,,0.0,,,,,,,,True,False,False,,,,,,,,,,False,,False
Saint Lucia,LCA,2019,AMR,60.0,12.0,12.0,,60.0,2.0,0.0,,Saint Lucia,AMR,6.0,6.0,0.0,0.0,Saint Lucia,AMR,1.0,0.0,1.0,0.0,0.0,0.0,0.0,0.0,Saint Lucia,AMR,6.0,4.0,0.0,2.0,0.0,67.0,1.0,1.0,0.16666666666666666,,0.0,0.0,0.6666666666666666,0.3333333333333333,0.3333333333333333,True,False,False,,,,,,,,,,True,,False
Saint Lucia,LCA,2022,AMR,60.0,1.0,1.0,0.0,60.0,0.0,0.0,0.0,Saint Lucia,AMR,2.0,2.0,0.0,0.0,Saint Lucia,AMR,2.0,0.0,,,0.0,0.0,,,Saint Lucia,AMR,2.0,1.0,0.0,1.0,0.0,50.0,1.0,1.0,0.0,,0.0,,0.5,0.5,0.5,True,True,False,2.0,0.0,,50.0,2.0,0.5,0.5,0.5,0.0,True,Unverändert,False
Saint Lucia,LCA,2023,AMR,1.0,1.0,1.0,0.0,1.0,0.0,0.0,,Saint Lucia,AMR,2.0,2.0,0.0,0.0,Saint Lucia,AMR,1.0,0.0,,,0.0,0.0,,,Saint Lucia,AMR,2.0,1.0,0.0,1.0,0.0,50.0,1.0,1.0,0.0,,0.0,,0.5,0.5,0.5,True,True,False,,,,,,,,,,True,,False
Sri Lanka,LKA,2019,SEA,60.0,15391.0,11735.0,,60.0,746.0,642.0,,Sri Lanka,SEA,8204.0,4373.0,1332.0,2125.0,Sri Lanka,SEA,1087.0,20.0,1087.0,6.0,356.0,1.0,356.0,,Sri Lanka,SEA,8186.0,6929.0,101.0,583.0,273.0,85.0,1.0,0.7624585796894289,0.04846988499772594,,0.01839926402943882,0.005519779208831647,0.8464451502565356,0.07121915465428781,0.11690691424383093,False,False,False,7035.0,,0.004612546125461255,83.0,7036.0,0.8264638999431495,0.07760090960773167,0.12151790790221717,-14.249146757679181,False,Rückgang,True
Sri Lanka,LKA,2020,SEA,60.0,12633.0,6572.0,,60.0,720.0,611.0,362.0,Sri Lanka,SEA,7035.0,3738.0,1024.0,1929.0,Sri Lanka,SEA,,7.0,1084.0,5.0,,7.0,335.0,3.0,Sri Lanka,SEA,7036.0,5815.0,103.0,546.0,206.0,83.0,1.0,0.5202248080424285,0.0569935882213251,0.5027777777777778,,0.004612546125461255,0.8264638999431495,0.07760090960773167,0.12151790790221717,False,False,False,6551.0,0.01070840197693575,,80.0,6551.0,0.7991146389864143,0.08807815600671653,0.1379941993588765,-6.879886282871357,False,Rückgang,True
Sri Lanka,LKA,2021,SEA,60.0,18197.0,10675.0,,60.0,733.0,569.0,733.0,Sri Lanka,SEA,6551.0,3491.0,936.0,1836.0,Sri Lanka,SEA,1214.0,13.0,0.0,0.0,377.0,6.0,0.0,0.0,Sri Lanka,SEA,6551.0,5235.0,86.0,577.0,241.0,80.0,1.0,0.5866351596416992,0.040281365060174754,1.0,0.01070840197693575,,0.7991146389864143,0.08807815600671653,0.1379941993588765,False,False,True,8121.0,0.010869565217391304,0.002173913043478261,79.0,8109.0,0.7861635220125787,0.09014675052410902,0.14551732642742632,23.965806747061517,False,Anstieg,True
Sri Lanka,LKA,2022,SEA,60.0,9584.0,6508.0,69.0,60.0,851.0,851.0,851.0,Sri Lanka,SEA,8121.0,4221.0,1558.0,1995.0,Sri Lanka,SEA,1380.0,15.0,1380.0,3.0,291.0,1.0,1.0,0.0,Sri Lanka,SEA,8109.0,6375.0,110.0,731.0,339.0,79.0,1.0,0.6790484140233722,0.08879382303839733,1.0,0.010869565217391304,0.002173913043478261,0.7861635220125787,0.09014675052410902,0.14551732642742632,False,False,True,9271.0,0.000736105999263894,0.001375515818431912,80.0,9271.0,0.8021788372343868,0.08186819113364253,0.13385826771653545,14.160817633296391,False,Anstieg,True
Sri Lanka,LKA,2023,SEA,1.0,15407.0,10276.0,164.0,1.0,1852.0,789.0,1595.0,Sri Lanka,SEA,9271.0,4833.0,1626.0,2366.0,Sri Lanka,SEA,2717.0,2.0,727.0,1.0,293.0,26.0,26.0,8.0,Sri Lanka,SEA,9271.0,7437.0,97.0,759.0,385.0,80.0,1.0,0.6669695592912313,0.12020510157720517,0.8612311015118791,0.000736105999263894,0.001375515818431912,0.8021788372343868,0.08186819113364253,0.13385826771653545,False,False,False,8936.0,0.0017985611510791368,0.0009242144177449168,,,,,,-3.613418185740481,False,Rückgang,True
Sri Lanka,LKA,2024,SEA,1.0,14649.0,8360.0,116.0,1.0,2273.0,589.0,,Sri Lanka,SEA,8936.0,4836.0,1461.0,2246.0,Sri Lanka,SEA,3336.0,6.0,2164.0,2.0,483.0,13.0,322.0,8.0,,,,,,,,,,0.5706874189364461,0.15516417502901222,,0.0017985611510791368,0.0009242144177449168,,,,False,False,False,,,,,,,,,,False,,True
Lesotho,LSO,2019,AFR,60.0,19520.0,13317.0,,60.0,401.0,1193.0,219.0,Lesotho,AFR,7059.0,3950.0,1472.0,566.0,Lesotho,AFR,3431.0,179.0,,33.0,602.0,40.0,,7.0,Lesotho,AFR,6916.0,5373.0,39.0,996.0,258.0,78.0,1.0,0.6822233606557377,0.020543032786885247,0.5461346633416458,0.05217137860682017,,0.7768941584731058,0.14401388085598613,0.18695777906304223,False,False,False,4565.0,0.04934359438660027,0.027522935779816515,76.0,4478.0,0.757034390352836,0.15252344796784278,0.20701205895489058,-35.33078339708174,False,Rückgang,True
Lesotho,LSO,2020,AFR,60.0,5161.0,3744.0,,60.0,699.0,334.0,478.0,Lesotho,AFR,4565.0,2462.0,1082.0,382.0,Lesotho,AFR,2209.0,109.0,109.0,3.0,385.0,51.0,53.0,2.0,Lesotho,AFR,4478.0,3390.0,28.0,683.0,216.0,76.0,1.0,0.72544080604534,0.13543886843634956,0.6838340486409156,0.04934359438660027,0.027522935779816515,0.757034390352836,0.15252344796784278,0.20701205895489058,False,False,False,4490.0,0.023255813953488372,0.0,77.0,4508.0,0.7697426796805679,0.1574977817213842,0.2069653948535936,-1.642935377875137,False,Rückgang,True
Lesotho,LSO,2021,AFR,60.0,4807.0,3916.0,,60.0,1076.0,945.0,815.0,Lesotho,AFR,4490.0,2494.0,1036.0,333.0,Lesotho,AFR,2279.0,53.0,53.0,0.0,346.0,21.0,22.0,0.0,Lesotho,AFR,4508.0,3470.0,36.0,710.0,187.0,77.0,1.0,0.8146453089244852,0.22384023299355107,0.7574349442379182,0.023255813953488372,0.0,0.7697426796805679,0.1574977817213842,0.2069653948535936,False,False,False,5599.0,0.030589123867069485,0.0033987915407854984,80.0,5523.0,0.8030056128915445,0.1347093970668115,0.18631178707224336,24.69933184855234,False,Anstieg,True
Lesotho,LSO,2022,AFR,60.0,6607.0,5364.0,77.0,60.0,1981.0,,1656.0,Lesotho,AFR,5599.0,2891.0,1424.0,393.0,Lesotho,AFR,2648.0,81.0,2648.0,9.0,458.0,21.0,458.0,0.0,Lesotho,AFR,5523.0,4435.0,48.0,744.0,237.0,80.0,1.0,0.8118662025124868,0.29983350991372787,0.8359414437152953,0.030589123867069485,0.0033987915407854984,0.8030056128915445,0.1347093970668115,0.18631178707224336,False,False,False,6495.0,0.028642590286425903,,82.0,6458.0,0.8182099721275937,0.12372251471043667,0.1707959120470734,16.00285765315235,False,Anstieg,True
Lesotho,LSO,2023,AFR,1.0,9132.0,8310.0,80.0,1.0,5036.0,,4238.0,Lesotho,AFR,6495.0,2807.0,2138.0,380.0,Lesotho,AFR,2409.0,69.0,69.0,,468.0,19.0,,,Lesotho,AFR,6458.0,5284.0,30.0,799.0,274.0,82.0,1.0,0.9099868593955321,0.5514673674989049,0.8415409054805401,0.028642590286425903,,0.8182099721275937,0.12372251471043667,0.1707959120470734,False,False,False,6575.0,0.027649769585253458,0.00041893590280687055,,,,,,1.2317167051578137,False,Anstieg,True
Lesotho,LSO,2024,AFR,1.0,16802.0,14402.0,214.0,1.0,4193.0,641.0,,Lesotho,AFR,6575.0,2815.0,2270.0,324.0,Lesotho,AFR,2387.0,66.0,2387.0,1.0,387.0,24.0,387.0,0.0,,,,,,,,,,0.8571598619211999,0.24955362456850375,,0.027649769585253458,0.00041893590280687055,,,,False,False,False,,,,,,,,,,False,,True
Luxembourg,LUX,2020,EUR,60.0,46.0,43.0,,60.0,5.0,0.0,,Luxembourg,EUR,32.0,23.0,1.0,8.0,Luxembourg,EUR,18.0,0.0,18.0,0.0,1.0,0.0,1.0,0.0,Luxembourg,EUR,32.0,12.0,0.0,1.0,0.0,38.0,1.0,0.9347826086956522,0.10869565217391304,,0.0,0.0,0.375,0.03125,0.03125,False,False,False,,,,,,,,,,False,,False
"China, Macao SAR",MAC,2019,WPR,60.0,771.0,521.0,,60.0,50.0,1.0,,"China, Macao SAR",WPR,363.0,250.0,47.0,40.0,"China, Macao SAR",WPR,224.0,5.0,221.0,2.0,17.0,1.0,16.0,0.0,"China, Macao SAR",WPR,356.0,303.0,1.0,31.0,0.0,85.0,1.0,0.6757457846952011,0.0648508430609598,,0.022321428571428572,0.00904977375565611,0.851123595505618,0.08707865168539326,0.0898876404494382,False,False,False,363.0,0.019138755980861243,0.014354066985645933,84.0,359.0,0.8356545961002786,0.09749303621169916,0.10863509749303621,0.0,False,Unverändert,True
"China, Macao SAR",MAC,2020,WPR,60.0,660.0,191.0,,60.0,69.0,1.0,,"China, Macao SAR",WPR,363.0,228.0,31.0,75.0,"China, Macao SAR",WPR,209.0,4.0,209.0,3.0,23.0,0.0,23.0,0.0,"China, Macao SAR",WPR,359.0,300.0,1.0,35.0,3.0,84.0,1.0,0.28939393939393937,0.10454545454545454,,0.019138755980861243,0.014354066985645933,0.8356545961002786,0.09749303621169916,0.10863509749303621,False,False,False,338.0,0.015544041450777202,0.0,82.0,333.0,0.8168168168168168,0.10810810810810811,0.12312312312312312,-6.887052341597796,False,Rückgang,True
"China, Macao SAR",MAC,2021,WPR,60.0,531.0,396.0,,60.0,47.0,0.0,,"China, Macao SAR",WPR,338.0,212.0,33.0,55.0,"China, Macao SAR",WPR,193.0,3.0,191.0,0.0,30.0,2.0,30.0,2.0,"China, Macao SAR",WPR,333.0,272.0,2.0,36.0,3.0,82.0,1.0,0.7457627118644068,0.08851224105461393,,0.015544041450777202,0.0,0.8168168168168168,0.10810810810810811,0.12312312312312312,False,False,False,295.0,0.03260869565217391,0.016304347826086956,81.0,288.0,0.8125,0.09722222222222222,0.10416666666666667,-12.721893491124261,False,Rückgang,True
"China, Macao SAR",MAC,2022,WPR,60.0,667.0,464.0,2.0,60.0,61.0,0.0,,"China, Macao SAR",WPR,295.0,202.0,30.0,38.0,"China, Macao SAR",WPR,184.0,6.0,184.0,3.0,25.0,2.0,25.0,2.0,"China, Macao SAR",WPR,288.0,234.0,1.0,28.0,1.0,81.0,1.0,0.6956521739130435,0.09145427286356822,,0.03260869565217391,0.016304347826086956,0.8125,0.09722222222222222,0.10416666666666667,False,False,False,315.0,0.023474178403755867,0.02,88.0,284.0,0.8838028169014085,0.056338028169014086,0.07042253521126761,6.779661016949152,False,Anstieg,True
"China, Macao SAR",MAC,2023,WPR,1.0,557.0,404.0,0.0,1.0,73.0,3.0,,"China, Macao SAR",WPR,315.0,230.0,28.0,35.0,"China, Macao SAR",WPR,213.0,5.0,200.0,4.0,19.0,2.0,16.0,2.0,"China, Macao SAR",WPR,284.0,251.0,1.0,16.0,3.0,88.0,1.0,0.725314183123878,0.1310592459605027,,0.023474178403755867,0.02,0.8838028169014085,0.056338028169014086,0.07042253521126761,False,False,False,276.0,0.03076923076923077,0.020512820512820513,,,,,,-12.380952380952381,False,Rückgang,True
"China, Macao SAR",MAC,2024,WPR,1.0,1548.0,1331.0,2.0,1.0,65.0,0.0,,"China, Macao SAR",WPR,276.0,208.0,16.0,30.0,"China, Macao SAR",WPR,195.0,6.0,195.0,4.0,22.0,3.0,22.0,3.0,,,,,,,,,,0.8598191214470284,0.04198966408268734,,0.03076923076923077,0.020512820512820513,,,,False,False,False,,,,,,,,,,False,,True
Morocco,MAR,2019,EMR,60.0,27108.0,19505.0,,60.0,638.0,389.0,,Morocco,EMR,30762.0,12919.0,2072.0,14269.0,Morocco,EMR,1450.0,34.0,23.0,19.0,975.0,201.0,105.0,77.0,Morocco,EMR,30762.0,27299.0,149.0,730.0,2353.0,89.0,1.0,0.7195292902464218,0.023535487678913974,,0.023448275862068966,0.8260869565217391,0.8874260451206033,0.023730576685521098,0.10506469020219751,False,False,False,29018.0,,0.8333333333333334,88.0,29018.0,0.8837273416500103,0.0240884967950927,0.10359087462954028,-5.669332293088876,False,Rückgang,False
Morocco,MAR,2020,EMR,60.0,27918.0,15252.0,,60.0,877.0,344.0,,Morocco,EMR,29018.0,12458.0,1180.0,13897.0,Morocco,EMR,,91.0,36.0,30.0,,180.0,85.0,69.0,Morocco,EMR,29018.0,25644.0,118.0,699.0,2189.0,88.0,1.0,0.546314205888674,0.03141342503044631,,,0.8333333333333334,0.8837273416500103,0.0240884967950927,0.10359087462954028,False,False,False,29327.0,0.01402386517406815,0.7203389830508474,87.0,29327.0,0.8741432809356565,0.023323217512872096,0.09673679544447096,1.0648562960920809,False,Anstieg,False
Morocco,MAR,2021,EMR,60.0,5803.0,1111.0,,60.0,669.0,220.0,387.0,Morocco,EMR,29327.0,13411.0,1050.0,13401.0,Morocco,EMR,8129.0,114.0,118.0,85.0,1666.0,148.0,176.0,123.0,Morocco,EMR,29327.0,25636.0,146.0,684.0,2007.0,87.0,1.0,0.19145269688092367,0.11528519731173531,0.57847533632287,0.01402386517406815,0.7203389830508474,0.8741432809356565,0.023323217512872096,0.09673679544447096,False,False,False,30503.0,0.012713496853730577,0.1813031161473088,87.0,30503.0,0.8724715601744091,0.02321083172147002,0.09867881847687113,4.009956695195553,False,Anstieg,False
Morocco,MAR,2022,EMR,60.0,24190.0,15252.0,1370.0,60.0,1295.0,582.0,1015.0,Morocco,EMR,30503.0,13389.0,1835.0,13848.0,Morocco,EMR,7787.0,99.0,353.0,64.0,1736.0,90.0,164.0,66.0,Morocco,EMR,30503.0,26613.0,216.0,708.0,2086.0,87.0,1.0,0.6305084745762712,0.05353451839603142,0.7837837837837838,0.012713496853730577,0.1813031161473088,0.8724715601744091,0.02321083172147002,0.09867881847687113,False,False,False,32429.0,0.012363636363636363,0.5625,87.0,32429.0,0.8657066206173487,0.02272657189552561,0.11156680748712572,6.31413303609481,False,Anstieg,False
Morocco,MAR,2023,EMR,1.0,23111.0,13161.0,623.0,1.0,2040.0,789.0,1704.0,Morocco,EMR,32429.0,14746.0,1687.0,14578.0,Morocco,EMR,6875.0,85.0,96.0,54.0,1206.0,157.0,201.0,107.0,Morocco,EMR,32429.0,28074.0,150.0,737.0,2731.0,87.0,1.0,0.5694690839859807,0.0882696551425728,0.8352941176470589,0.012363636363636363,0.5625,0.8657066206173487,0.02272657189552561,0.11156680748712572,False,False,False,,,,,,,,,,False,,False
Republic of Moldova,MDA,2019,EUR,60.0,17414.0,16203.0,,60.0,1411.0,203.0,,Republic of Moldova,EUR,2809.0,1393.0,590.0,256.0,Republic of Moldova,EUR,1342.0,441.0,1194.0,299.0,345.0,118.0,345.0,142.0,Republic of Moldova,EUR,2215.0,1854.0,69.0,164.0,116.0,84.0,1.0,0.9304582519811646,0.08102676007809809,,0.3286140089418778,0.25041876046901174,0.837020316027088,0.07404063205417608,0.15756207674943568,False,False,False,1767.0,0.25952380952380955,0.251896813353566,79.0,1408.0,0.7933238636363636,0.13210227272727273,0.19318181818181818,-37.09505161979352,False,Rückgang,True
Republic of Moldova,MDA,2020,EUR,60.0,8398.0,7557.0,,60.0,550.0,65.0,441.0,Republic of Moldova,EUR,1767.0,881.0,383.0,122.0,Republic of Moldova,EUR,840.0,218.0,659.0,166.0,367.0,195.0,234.0,109.0,Republic of Moldova,EUR,1408.0,1117.0,53.0,186.0,33.0,79.0,1.0,0.899857108835437,0.06549178375803763,0.8018181818181818,0.25952380952380955,0.251896813353566,0.7933238636363636,0.13210227272727273,0.19318181818181818,False,False,False,2067.0,0.25832492431886983,0.27729257641921395,80.0,1638.0,0.8046398046398047,0.12454212454212454,0.19291819291819293,16.97792869269949,False,Anstieg,True
Republic of Moldova,MDA,2021,EUR,60.0,6620.0,5812.0,,60.0,735.0,109.0,548.0,Republic of Moldova,EUR,2067.0,1028.0,408.0,180.0,Republic of Moldova,EUR,991.0,256.0,916.0,254.0,512.0,203.0,382.0,200.0,Republic of Moldova,EUR,1638.0,1318.0,45.0,204.0,67.0,80.0,1.0,0.8779456193353474,0.11102719033232629,0.745578231292517,0.25832492431886983,0.27729257641921395,0.8046398046398047,0.12454212454212454,0.19291819291819293,False,False,False,2121.0,0.21715328467153286,0.20085470085470086,85.0,1673.0,0.8463837417812313,0.09264793783622235,0.14763897190675435,2.6124818577648767,False,Anstieg,True
Republic of Moldova,MDA,2022,EUR,60.0,8248.0,7172.0,394.0,60.0,1215.0,380.0,1085.0,Republic of Moldova,EUR,2121.0,1096.0,330.0,159.0,Republic of Moldova,EUR,1096.0,238.0,936.0,188.0,327.0,190.0,313.0,152.0,Republic of Moldova,EUR,1673.0,1416.0,53.0,155.0,39.0,85.0,1.0,0.8695441319107663,0.14730843840931135,0.8930041152263375,0.21715328467153286,0.20085470085470086,0.8463837417812313,0.09264793783622235,0.14763897190675435,False,False,False,2164.0,0.24280575539568344,0.24439701173959444,85.0,1676.0,0.8532219570405728,0.08711217183770883,0.14618138424821003,2.0273455917020273,False,Anstieg,True
Republic of Moldova,MDA,2023,EUR,1.0,13901.0,13303.0,173.0,1.0,1664.0,166.0,1497.0,Republic of Moldova,EUR,2164.0,1122.0,414.0,196.0,Republic of Moldova,EUR,1112.0,270.0,937.0,229.0,472.0,208.0,339.0,166.0,Republic of Moldova,EUR,1676.0,1430.0,43.0,146.0,56.0,85.0,1.0,0.9569815121214301,0.1197036184447162,0.8996394230769231,0.24280575539568344,0.24439701173959444,0.8532219570405728,0.08711217183770883,0.14618138424821003,False,False,False,1931.0,0.2777777777777778,0.2782846715328467,,,,,,-10.767097966728281,False,Rückgang,True
Republic of Moldova,MDA,2024,EUR,1.0,10353.0,10353.0,164.0,1.0,1985.0,156.0,,Republic of Moldova,EUR,1931.0,1098.0,282.0,175.0,Republic of Moldova,EUR,1098.0,305.0,1096.0,305.0,306.0,105.0,305.0,105.0,,,,,,,,,,1.0,0.19173186515985705,,0.2777777777777778,0.2782846715328467,,,,True,False,False,,,,,,,,,,False,,True
Madagascar,MDG,2019,AFR,60.0,7323.0,7323.0,,60.0,5884.0,5884.0,,Madagascar,AFR,37220.0,24099.0,4222.0,7359.0,Madagascar,AFR,8.0,8.0,5.0,0.0,70.0,70.0,32.0,15.0,Madagascar,AFR,35882.0,29570.0,308.0,1587.0,2934.0,82.0,1.0,1.0,0.803495835040284,,,0.0,0.8240900730171117,0.044228303884956244,0.1345800122624157,True,False,False,36122.0,,0.0,83.0,33576.0,0.8288658565642125,0.04384083869430545,0.13518584703359543,-2.950026867275658,False,Rückgang,False
Madagascar,MDG,2020,AFR,60.0,572.0,25.0,,60.0,5932.0,5932.0,,Madagascar,AFR,36122.0,23538.0,4216.0,7261.0,Madagascar,AFR,6.0,6.0,6.0,0.0,1068.0,67.0,1068.0,14.0,Madagascar,AFR,33576.0,27830.0,255.0,1472.0,2812.0,83.0,1.0,0.043706293706293704,,,,0.0,0.8288658565642125,0.04384083869430545,0.13518584703359543,False,False,False,40031.0,0.005311443746982134,0.0,83.0,39687.0,0.8276513719857888,0.042809988157331114,0.13493083377428378,10.821659930236422,False,Anstieg,False
Madagascar,MDG,2021,AFR,60.0,16208.0,4527.0,,60.0,8985.0,8985.0,,Madagascar,AFR,40031.0,26163.0,4502.0,7579.0,Madagascar,AFR,4142.0,22.0,22.0,0.0,975.0,72.0,72.0,2.0,Madagascar,AFR,39687.0,32847.0,339.0,1699.0,3317.0,83.0,1.0,0.27930651530108586,0.5543558736426456,,0.005311443746982134,0.0,0.8276513719857888,0.042809988157331114,0.13493083377428378,False,False,False,45245.0,0.018034825870646767,0.055793991416309016,75.0,45724.0,0.7494095004811477,0.03989152305135159,0.12962557956434256,13.024905698083986,False,Anstieg,False
Madagascar,MDG,2022,AFR,60.0,9950.0,4527.0,4527.0,60.0,9950.0,9950.0,9950.0,Madagascar,AFR,45245.0,28870.0,5032.0,9229.0,Madagascar,AFR,4824.0,87.0,233.0,13.0,1104.0,52.0,329.0,12.0,Madagascar,AFR,45724.0,34266.0,389.0,1824.0,3714.0,75.0,1.0,0.4549748743718593,1.0,1.0,0.018034825870646767,0.055793991416309016,0.7494095004811477,0.03989152305135159,0.12962557956434256,False,True,True,,,,,,,,,,False,,False
Maldives,MDV,2019,SEA,60.0,431.0,303.0,,60.0,11.0,7.0,,Maldives,SEA,154.0,112.0,0.0,37.0,Maldives,SEA,108.0,1.0,1.0,1.0,0.0,0.0,0.0,0.0,Maldives,SEA,154.0,94.0,7.0,2.0,10.0,61.0,1.0,0.703016241299304,0.025522041763341066,,0.009259259259259259,,0.6103896103896104,0.012987012987012988,0.12337662337662338,False,False,False,,,,,,,,,,False,,False
Maldives,MDV,2021,SEA,60.0,16.0,1.0,,60.0,1.0,0.0,1.0,Maldives,SEA,87.0,48.0,0.0,39.0,Maldives,SEA,46.0,0.0,0.0,0.0,0.0,0.0,0.0,0.0,Maldives,SEA,87.0,67.0,3.0,3.0,4.0,77.0,1.0,0.0625,0.0625,1.0,0.0,,0.7701149425287356,0.034482758620689655,0.11494252873563218,False,False,True,111.0,0.0,,69.0,111.0,0.6936936936936937,0.0990990990990991,0.1891891891891892,27.586206896551722,False,Anstieg,False
Maldives,MDV,2022,SEA,60.0,108.0,5.0,0.0,60.0,12.0,1.0,,Maldives,SEA,111.0,37.0,0.0,74.0,Maldives,SEA,28.0,0.0,0.0,0.0,0.0,0.0,0.0,0.0,Maldives,SEA,111.0,77.0,0.0,11.0,10.0,69.0,1.0,0.046296296296296294,0.1111111111111111,,0.0,,0.6936936936936937,0.0990990990990991,0.1891891891891892,False,False,False,,,,,,,,,,False,,False
Maldives,MDV,2024,SEA,1.0,266.0,175.0,0.0,1.0,16.0,0.0,,Maldives,SEA,130.0,49.0,42.0,38.0,Maldives,SEA,19.0,0.0,0.0,0.0,0.0,0.0,0.0,0.0,,,,,,,,,,0.6578947368421053,0.06015037593984962,,0.0,,,,,False,False,False,,,,,,,,,,False,,False
Mexico,MEX,2019,AMR,60.0,42339.0,34145.0,,60.0,2251.0,1435.0,646.0,Mexico,AMR,23702.0,14704.0,3368.0,4474.0,Mexico,AMR,418.0,219.0,406.0,88.0,232.0,162.0,230.0,74.0,Mexico,AMR,23266.0,16798.0,94.0,2342.0,1561.0,72.0,1.0,0.8064668508939749,0.05316611162285363,0.28698356286095067,0.5239234449760766,0.21674876847290642,0.7219977649789392,0.10066191008338347,0.17179575345998452,False,False,False,17603.0,0.0654945054945055,0.23160762942779292,71.0,17241.0,0.7134736964213213,0.12191868221100864,0.2090946000812018,-25.73200573791241,False,Rückgang,True
Mexico,MEX,2020,AMR,60.0,26624.0,22082.0,,60.0,1225.0,761.0,369.0,Mexico,AMR,17603.0,9593.0,3609.0,3550.0,Mexico,AMR,2275.0,149.0,367.0,85.0,741.0,123.0,215.0,69.0,Mexico,AMR,17241.0,12301.0,106.0,2102.0,1397.0,71.0,1.0,0.8294020432692307,0.046011117788461536,0.30122448979591837,0.0654945054945055,0.23160762942779292,0.7134736964213213,0.12191868221100864,0.2090946000812018,False,False,False,21651.0,0.04994054696789536,0.2037037037037037,71.0,21124.0,0.7142113236129521,0.12710660859685666,0.21066085968566559,22.996080213599953,False,Anstieg,True
Mexico,MEX,2021,AMR,60.0,40969.0,36298.0,,60.0,1490.0,820.0,604.0,Mexico,AMR,21651.0,11986.0,4088.0,4385.0,Mexico,AMR,4205.0,210.0,486.0,99.0,1201.0,172.0,266.0,80.0,Mexico,AMR,21124.0,15087.0,246.0,2685.0,1519.0,71.0,1.0,0.8859869657545949,0.036368961898020455,0.4053691275167785,0.04994054696789536,0.2037037037037037,0.7142113236129521,0.12710660859685666,0.21066085968566559,False,False,False,25449.0,0.06938559322033898,0.15613382899628253,70.0,24928.0,0.7026636713735558,0.12844993581514763,0.22312259306803595,17.54191492309824,False,Anstieg,True
Mexico,MEX,2022,AMR,60.0,52827.0,45053.0,330.0,60.0,2007.0,1041.0,925.0,Mexico,AMR,25449.0,14734.0,4794.0,4631.0,Mexico,AMR,3776.0,262.0,538.0,84.0,1029.0,193.0,262.0,66.0,Mexico,AMR,24928.0,17516.0,247.0,3202.0,2113.0,70.0,1.0,0.8528404035815019,0.03799193594184792,0.46088689586447434,0.06938559322033898,0.15613382899628253,0.7026636713735558,0.12844993581514763,0.22312259306803595,False,False,False,27030.0,0.03891760413499544,0.18672199170124482,69.0,26327.0,0.6941922740912372,0.13062635317354807,0.23568959623200517,6.212424849699398,False,Anstieg,True
Mexico,MEX,2023,AMR,1.0,66287.0,55465.0,338.0,1.0,2463.0,992.0,1869.0,Mexico,AMR,27030.0,15953.0,4709.0,4863.0,Mexico,AMR,6578.0,256.0,482.0,90.0,1624.0,177.0,261.0,47.0,Mexico,AMR,26327.0,18276.0,280.0,3439.0,2486.0,69.0,1.0,0.8367402356419811,0.03715660687615973,0.758830694275274,0.03891760413499544,0.18672199170124482,0.6941922740912372,0.13062635317354807,0.23568959623200517,False,False,False,27627.0,0.0385470719051149,0.1783166904422254,,,,,,2.20865704772475,False,Anstieg,True
Mexico,MEX,2024,AMR,1.0,68780.0,57889.0,375.0,1.0,869.0,312.0,,Mexico,AMR,27627.0,16671.0,4417.0,5021.0,Mexico,AMR,6745.0,260.0,701.0,125.0,1913.0,202.0,319.0,101.0,,,,,,,,,,0.8416545507414946,0.012634486769409712,,0.0385470719051149,0.1783166904422254,,,,False,False,False,,,,,,,,,,False,,True
Marshall Islands,MHL,2019,WPR,60.0,527.0,466.0,,60.0,79.0,19.0,73.0,Marshall Islands,WPR,227.0,33.0,137.0,39.0,Marshall Islands,WPR,30.0,0.0,0.0,0.0,0.0,0.0,0.0,0.0,Marshall Islands,WPR,224.0,195.0,0.0,16.0,4.0,87.0,1.0,0.8842504743833017,0.14990512333965844,0.9240506329113924,0.0,,0.8705357142857143,0.07142857142857142,0.08928571428571429,False,False,False,147.0,0.0,0.0,86.0,147.0,0.8571428571428571,0.10204081632653061,,-35.24229074889868,False,Rückgang,True
Marshall Islands,MHL,2020,WPR,60.0,411.0,397.0,,60.0,397.0,10.0,340.0,Marshall Islands,WPR,147.0,27.0,78.0,29.0,Marshall Islands,WPR,20.0,0.0,20.0,0.0,4.0,0.0,0.0,0.0,Marshall Islands,WPR,147.0,126.0,,15.0,3.0,86.0,1.0,0.9659367396593674,0.9659367396593674,0.8564231738035264,0.0,0.0,0.8571428571428571,0.10204081632653061,,False,False,False,118.0,0.0,0.0,90.0,118.0,0.8983050847457628,0.06779661016949153,0.1016949152542373,-19.727891156462583,False,Rückgang,True
Marshall Islands,MHL,2021,WPR,60.0,1371.0,1300.0,,60.0,114.0,4.0,110.0,Marshall Islands,WPR,118.0,31.0,51.0,31.0,Marshall Islands,WPR,31.0,0.0,20.0,0.0,1.0,0.0,1.0,0.0,Marshall Islands,WPR,118.0,106.0,1.0,8.0,3.0,90.0,1.0,0.9482129832239241,0.08315098468271334,0.9649122807017544,0.0,0.0,0.8983050847457628,0.06779661016949153,0.1016949152542373,False,False,False,102.0,0.0,,83.0,106.0,0.8301886792452831,0.0660377358490566,0.14150943396226415,-13.559322033898304,False,Rückgang,True
Marshall Islands,MHL,2022,WPR,60.0,254.0,208.0,6.0,60.0,45.0,7.0,30.0,Marshall Islands,WPR,102.0,28.0,42.0,30.0,Marshall Islands,WPR,27.0,0.0,0.0,0.0,1.0,1.0,1.0,1.0,Marshall Islands,WPR,106.0,88.0,0.0,7.0,8.0,83.0,1.0,0.8188976377952756,0.17716535433070865,0.6666666666666666,0.0,,0.8301886792452831,0.0660377358490566,0.14150943396226415,False,False,False,215.0,0.0,0.0,92.0,216.0,0.9212962962962963,0.041666666666666664,0.07407407407407407,110.78431372549021,False,Anstieg,True
Marshall Islands,MHL,2023,WPR,1.0,283.0,283.0,15.0,1.0,33.0,1.0,30.0,Marshall Islands,WPR,215.0,86.0,41.0,81.0,Marshall Islands,WPR,40.0,0.0,40.0,0.0,4.0,1.0,1.0,1.0,Marshall Islands,WPR,216.0,199.0,1.0,9.0,6.0,92.0,1.0,1.0,0.1166077738515901,0.9090909090909091,0.0,0.0,0.9212962962962963,0.041666666666666664,0.07407407407407407,True,False,False,92.0,0.030303030303030304,,,,,,,-57.20930232558139,False,Rückgang,True
Marshall Islands,MHL,2024,WPR,1.0,300.0,283.0,10.0,1.0,24.0,1.0,,Marshall Islands,WPR,92.0,34.0,25.0,27.0,Marshall Islands,WPR,33.0,1.0,1.0,1.0,3.0,0.0,3.0,0.0,,,,,,,,,,0.9433333333333334,0.08,,0.030303030303030304,,,,,False,False,False,,,,,,,,,,False,,True
North Macedonia,MKD,2019,EUR,60.0,189.0,155.0,,60.0,64.0,44.0,,North Macedonia,EUR,199.0,126.0,19.0,35.0,North Macedonia,EUR,126.0,1.0,106.0,0.0,14.0,0.0,14.0,1.0,North Macedonia,EUR,199.0,177.0,2.0,9.0,11.0,89.0,1.0,0.8201058201058201,0.3386243386243386,,0.007936507936507936,0.0,0.8894472361809045,0.04522613065326633,0.11055276381909548,False,False,False,143.0,0.012345679012345678,0.0,84.0,148.0,0.8445945945945946,0.07432432432432433,0.14189189189189189,-28.14070351758794,False,Rückgang,False
North Macedonia,MKD,2020,EUR,60.0,67.0,57.0,,60.0,24.0,5.0,15.0,North Macedonia,EUR,143.0,95.0,16.0,19.0,North Macedonia,EUR,81.0,1.0,81.0,0.0,10.0,1.0,10.0,0.0,North Macedonia,EUR,148.0,125.0,0.0,11.0,10.0,84.0,1.0,0.8507462686567164,0.3582089552238806,0.625,0.012345679012345678,0.0,0.8445945945945946,0.07432432432432433,0.14189189189189189,False,False,False,143.0,0.01,0.0,79.0,146.0,0.7876712328767124,0.0684931506849315,0.21232876712328766,0.0,False,Unverändert,False
North Macedonia,MKD,2021,EUR,60.0,26.0,26.0,,60.0,0.0,0.0,,North Macedonia,EUR,143.0,100.0,14.0,15.0,North Macedonia,EUR,100.0,1.0,100.0,0.0,11.0,1.0,11.0,0.0,North Macedonia,EUR,146.0,115.0,3.0,10.0,18.0,79.0,1.0,1.0,0.0,,0.01,0.0,0.7876712328767124,0.0684931506849315,0.21232876712328766,True,True,False,,,,,,,,,,False,,False
North Macedonia,MKD,2023,EUR,1.0,99.0,99.0,22.0,1.0,54.0,24.0,46.0,North Macedonia,EUR,157.0,101.0,22.0,22.0,North Macedonia,EUR,75.0,2.0,75.0,0.0,8.0,0.0,8.0,0.0,North Macedonia,EUR,151.0,119.0,2.0,12.0,18.0,79.0,1.0,1.0,0.5454545454545454,0.8518518518518519,0.02666666666666667,0.0,0.7880794701986755,0.07947019867549669,0.2119205298013245,True,False,False,156.0,0.0,0.0,,,,,,-0.6369426751592357,False,Rückgang,False
North Macedonia,MKD,2024,EUR,1.0,73.0,73.0,12.0,1.0,41.0,32.0,,North Macedonia,EUR,156.0,96.0,25.0,22.0,North Macedonia,EUR,32.0,0.0,1.0,0.0,4.0,0.0,0.0,0.0,,,,,,,,,,1.0,0.5616438356164384,,0.0,0.0,,,,True,False,False,,,,,,,,,,False,,False
Mali,MLI,2020,AFR,60.0,1294.0,68.0,,60.0,755.0,526.0,,Mali,AFR,6922.0,4500.0,1060.0,1120.0,Mali,AFR,2412.0,35.0,9.0,8.0,284.0,24.0,22.0,18.0,Mali,AFR,6922.0,5674.0,143.0,467.0,481.0,82.0,0.0,0.05255023183925812,0.5834621329211747,,0.01451077943615257,0.8888888888888888,0.8197052874891649,0.06746605027448714,0.15761340652990466,False,False,False,7285.0,0.01620745542949757,0.75,82.0,7285.0,0.822786547700755,0.07741935483870968,0.1571722717913521,5.244149089858422,False,Anstieg,False
Mali,MLI,2021,AFR,60.0,1533.0,94.0,,60.0,1055.0,471.0,,Mali,AFR,7285.0,4611.0,1096.0,1346.0,Mali,AFR,1234.0,20.0,4.0,3.0,232.0,35.0,19.0,17.0,Mali,AFR,7285.0,5994.0,122.0,564.0,459.0,82.0,1.0,0.06131767775603392,0.6881930854533594,,0.01620745542949757,0.75,0.822786547700755,0.07741935483870968,0.1571722717913521,False,False,False,7897.0,0.015732924021488872,0.5,84.0,7897.0,0.8448778016968469,0.06318855261491706,0.13701405597062175,8.40082361015786,False,Anstieg,False
Mali,MLI,2022,AFR,60.0,2299.0,2299.0,261.0,60.0,1901.0,833.0,141.0,Mali,AFR,7897.0,5082.0,1122.0,1421.0,Mali,AFR,2606.0,41.0,14.0,7.0,331.0,21.0,11.0,8.0,Mali,AFR,7897.0,6672.0,129.0,499.0,454.0,84.0,1.0,1.0,0.8268812527185733,0.07417148869016307,0.015732924021488872,0.5,0.8448778016968469,0.06318855261491706,0.13701405597062175,True,False,False,,,,,,,,,,False,,False
Mali,MLI,2024,AFR,1.0,5919.0,1415.0,1415.0,1.0,4154.0,1854.0,,Mali,AFR,8632.0,6007.0,965.0,1355.0,Mali,AFR,4699.0,40.0,,,426.0,16.0,,,,,,,,,,,,0.23906065213718533,0.7018077377935462,,0.008512449457331346,,,,,False,False,False,,,,,,,,,,False,,False
Malta,MLT,2022,EUR,60.0,159.0,159.0,2.0,60.0,22.0,0.0,,Malta,EUR,60.0,31.0,14.0,15.0,Malta,EUR,31.0,2.0,31.0,1.0,1.0,0.0,1.0,0.0,Malta,EUR,,,,,,,,1.0,0.13836477987421383,,0.06451612903225806,0.03225806451612903,,,,True,False,False,68.0,0.0,0.0,,,,,,13.333333333333334,False,Anstieg,False
Malta,MLT,2023,EUR,1.0,67.0,67.0,0.0,1.0,7.0,0.0,7.0,Malta,EUR,68.0,32.0,17.0,19.0,Malta,EUR,28.0,0.0,28.0,0.0,0.0,0.0,0.0,0.0,Malta,EUR,,,,,,,,1.0,0.1044776119402985,1.0,0.0,0.0,,,,True,False,True,60.0,,,,,,,,-11.76470588235294,False,Rückgang,False
Malta,MLT,2024,EUR,1.0,82.0,82.0,0.0,1.0,1.0,0.0,,Malta,EUR,60.0,43.0,17.0,0.0,Malta,EUR,0.0,0.0,0.0,0.0,0.0,0.0,0.0,0.0,,,,,,,,,,1.0,0.012195121951219513,,,,,,,True,False,False,,,,,,,,,,False,,False
Myanmar,MMR,2021,SEA,60.0,45080.0,25640.0,,60.0,543.0,543.0,527.0,Myanmar,SEA,64410.0,24004.0,28886.0,5342.0,Myanmar,SEA,,,198.0,43.0,,,69.0,6.0,Myanmar,SEA,69952.0,60939.0,750.0,3384.0,4282.0,87.0,1.0,0.5687666370896185,0.0120452528837622,0.9705340699815838,,0.21717171717171718,0.871154505946935,0.048376029277218666,0.12031107044830741,False,False,False,118311.0,0.03902768003753226,0.25,88.0,116718.0,0.8829743484295481,0.04232423447968608,0.10889494336777532,83.6842105263158,False,Anstieg,False
Myanmar,MMR,2022,SEA,60.0,60774.0,31584.0,641.0,60.0,1630.0,1630.0,1434.0,Myanmar,SEA,118311.0,43023.0,53740.0,9267.0,Myanmar,SEA,34104.0,1331.0,48.0,12.0,6973.0,1359.0,46.0,13.0,Myanmar,SEA,116718.0,103059.0,1198.0,4940.0,6572.0,88.0,1.0,0.5196959225984796,0.02682067989600816,0.8797546012269939,0.03902768003753226,0.25,0.8829743484295481,0.04232423447968608,0.10889494336777532,False,False,False,129122.0,0.03418505709949494,0.28289473684210525,84.0,125594.0,0.8424208162810325,0.040909597592241664,0.09947131232383713,9.137780933302905,False,Anstieg,False
Myanmar,MMR,2023,SEA,1.0,77867.0,29288.0,1382.0,1.0,6032.0,2441.0,5594.0,Myanmar,SEA,129122.0,46865.0,57768.0,10138.0,Myanmar,SEA,40193.0,1374.0,2432.0,688.0,7201.0,1257.0,2895.0,846.0,Myanmar,SEA,125594.0,105803.0,1124.0,5138.0,6231.0,84.0,1.0,0.3761285268470597,0.07746542180898199,0.9273872679045093,0.03418505709949494,0.28289473684210525,0.8424208162810325,0.040909597592241664,0.09947131232383713,False,False,False,114359.0,0.03294296867561649,0.25787965616045844,,,,,,-11.43337308901659,False,Rückgang,False
Myanmar,MMR,2024,SEA,1.0,108646.0,39821.0,2427.0,1.0,9005.0,2778.0,,Myanmar,SEA,114359.0,45992.0,44814.0,9473.0,Myanmar,SEA,42012.0,1384.0,3839.0,990.0,8033.0,1154.0,1352.0,586.0,,,,,,,,,,0.36652062662224105,0.0828838613478637,,0.03294296867561649,0.25787965616045844,,,,False,False,False,,,,,,,,,,False,,False
Montenegro,MNE,2020,EUR,60.0,110.0,16.0,,60.0,,,,Montenegro,EUR,40.0,29.0,7.0,2.0,Montenegro,EUR,29.0,0.0,26.0,0.0,2.0,0.0,2.0,0.0,Montenegro,EUR,40.0,35.0,1.0,3.0,1.0,88.0,1.0,0.14545454545454545,,,0.0,0.0,0.875,0.075,0.125,False,False,False,80.0,0.0,0.0,94.0,80.0,0.9375,0.05,0.05,100.0,False,Anstieg,False
Montenegro,MNE,2021,EUR,60.0,170.0,35.0,,0.0,,,,Montenegro,EUR,80.0,55.0,9.0,9.0,Montenegro,EUR,55.0,0.0,49.0,0.0,6.0,0.0,6.0,0.0,Montenegro,EUR,80.0,75.0,0.0,4.0,0.0,94.0,1.0,0.20588235294117646,,,0.0,0.0,0.9375,0.05,0.05,False,False,False,71.0,0.0,0.0,93.0,71.0,0.9295774647887324,0.014084507042253521,0.07042253521126761,-11.25,False,Rückgang,False
Montenegro,MNE,2022,EUR,60.0,128.0,81.0,12.0,0.0,,,,Montenegro,EUR,71.0,51.0,4.0,7.0,Montenegro,EUR,51.0,0.0,51.0,0.0,8.0,0.0,8.0,0.0,Montenegro,EUR,71.0,66.0,0.0,1.0,4.0,93.0,1.0,0.6328125,,,0.0,0.0,0.9295774647887324,0.014084507042253521,0.07042253521126761,False,False,False,62.0,0.0,0.0,89.0,62.0,0.8870967741935484,0.016129032258064516,0.11290322580645161,-12.676056338028168,False,Rückgang,False
Montenegro,MNE,2023,EUR,1.0,115.0,36.0,0.0,66.0,,,,Montenegro,EUR,62.0,46.0,8.0,1.0,Montenegro,EUR,46.0,0.0,46.0,0.0,6.0,0.0,6.0,0.0,Montenegro,EUR,62.0,55.0,0.0,1.0,6.0,89.0,1.0,0.3130434782608696,,,0.0,0.0,0.8870967741935484,0.016129032258064516,0.11290322580645161,False,False,False,58.0,0.0,0.0,,,,,,-6.451612903225806,False,Rückgang,False
Montenegro,MNE,2024,EUR,1.0,170.0,40.0,4.0,66.0,,,,Montenegro,EUR,58.0,38.0,10.0,2.0,Montenegro,EUR,38.0,0.0,38.0,0.0,8.0,0.0,8.0,0.0,,,,,,,,,,0.23529411764705882,,,0.0,0.0,,,,False,False,False,,,,,,,,,,False,,False
Mongolia,MNG,2019,WPR,60.0,5442.0,4664.0,,60.0,323.0,84.0,,Mongolia,WPR,4277.0,1804.0,569.0,1405.0,Mongolia,WPR,1491.0,104.0,501.0,30.0,375.0,37.0,130.0,18.0,Mongolia,WPR,4111.0,3600.0,126.0,123.0,216.0,88.0,1.0,0.8570378537302462,0.059353178978316795,,0.06975184439973173,0.059880239520958084,0.8756993432254926,0.02991972756020433,0.11311116516662613,False,False,False,3861.0,0.05583126550868486,0.060550458715596334,90.0,3710.0,0.8983827493261456,0.03477088948787062,0.09353099730458221,-9.72644376899696,False,Rückgang,True
Mongolia,MNG,2020,WPR,60.0,4941.0,4248.0,,60.0,153.0,71.0,,Mongolia,WPR,3861.0,1612.0,471.0,1321.0,Mongolia,WPR,1612.0,90.0,545.0,33.0,412.0,53.0,151.0,18.0,Mongolia,WPR,3710.0,3333.0,63.0,129.0,155.0,90.0,1.0,0.8597449908925319,0.030965391621129327,,0.05583126550868486,0.060550458715596334,0.8983827493261456,0.03477088948787062,0.09353099730458221,False,False,False,2709.0,0.0759493670886076,0.25,90.0,2584.0,0.896671826625387,0.03134674922600619,0.09674922600619196,-29.836829836829835,False,Rückgang,True
Mongolia,MNG,2021,WPR,60.0,3605.0,2929.0,,60.0,136.0,47.0,136.0,Mongolia,WPR,2709.0,1106.0,335.0,923.0,Mongolia,WPR,1106.0,84.0,116.0,29.0,297.0,17.0,42.0,3.0,Mongolia,WPR,2584.0,2317.0,66.0,81.0,103.0,90.0,1.0,0.8124826629680999,0.0377253814147018,1.0,0.0759493670886076,0.25,0.896671826625387,0.03134674922600619,0.09674922600619196,False,False,True,2803.0,0.07008289374529013,0.014318010550113038,87.0,2670.0,0.8685393258426967,0.037827715355805244,0.11760299625468165,3.4699150978220747,False,Anstieg,True
Mongolia,MNG,2022,WPR,60.0,6255.0,5502.0,207.0,60.0,608.0,73.0,599.0,Mongolia,WPR,2803.0,1327.0,372.0,655.0,Mongolia,WPR,1327.0,93.0,1327.0,19.0,382.0,33.0,382.0,18.0,Mongolia,WPR,2670.0,2319.0,80.0,101.0,133.0,87.0,1.0,0.8796163069544365,0.09720223820943245,0.9851973684210527,0.07008289374529013,0.014318010550113038,0.8685393258426967,0.037827715355805244,0.11760299625468165,False,False,False,2998.0,0.049247606019151846,0.005471956224350205,82.0,2836.0,0.82475317348378,0.04936530324400564,0.152327221438646,6.956831965750982,False,Anstieg,True
Mongolia,MNG,2023,WPR,1.0,5074.0,4480.0,124.0,1.0,618.0,85.0,600.0,Mongolia,WPR,2998.0,1499.0,315.0,699.0,Mongolia,WPR,1462.0,72.0,1462.0,8.0,446.0,44.0,446.0,19.0,Mongolia,WPR,2836.0,2339.0,100.0,140.0,192.0,82.0,1.0,0.8829325975561687,0.12179739850216792,0.970873786407767,0.049247606019151846,0.005471956224350205,0.82475317348378,0.04936530324400564,0.152327221438646,False,False,False,2832.0,0.048091603053435114,0.0446927374301676,,,,,,-5.537024683122081,False,Rückgang,True
Mongolia,MNG,2024,WPR,1.0,3664.0,2946.0,105.0,1.0,419.0,73.0,,Mongolia,WPR,2832.0,1366.0,354.0,682.0,Mongolia,WPR,1310.0,63.0,179.0,8.0,379.0,36.0,81.0,2.0,,,,,,,,,,0.8040393013100436,0.11435589519650655,,0.048091603053435114,0.0446927374301676,,,,False,False,False,,,,,,,,,,False,,True
Northern Mariana Islands,MNP,2019,WPR,60.0,325.0,199.0,,60.0,3.0,0.0,0.0,Northern Mariana Islands,WPR,51.0,24.0,21.0,6.0,Northern Mariana Islands,WPR,24.0,0.0,24.0,0.0,0.0,0.0,0.0,0.0,Northern Mariana Islands,WPR,51.0,44.0,0.0,4.0,0.0,86.0,1.0,0.6123076923076923,0.009230769230769232,0.0,0.0,0.0,0.8627450980392157,0.0784313725490196,0.0784313725490196,False,False,True,41.0,0.08333333333333333,0.08333333333333333,87.0,39.0,0.8717948717948718,0.07692307692307693,0.1282051282051282,-19.607843137254903,False,Rückgang,True
Northern Mariana Islands,MNP,2020,WPR,60.0,232.0,138.0,,61.0,,,,Northern Mariana Islands,WPR,41.0,24.0,14.0,2.0,Northern Mariana Islands,WPR,24.0,2.0,24.0,2.0,0.0,0.0,0.0,0.0,Northern Mariana Islands,WPR,39.0,34.0,0.0,3.0,2.0,87.0,1.0,0.5948275862068966,,,0.08333333333333333,0.08333333333333333,0.8717948717948718,0.07692307692307693,0.1282051282051282,False,False,False,35.0,0.0,0.0,100.0,36.0,1.0,0.0,0.0,-14.634146341463413,False,Rückgang,True
Northern Mariana Islands,MNP,2021,WPR,60.0,85.0,12.0,,60.0,12.0,2.0,12.0,Northern Mariana Islands,WPR,35.0,11.0,21.0,1.0,Northern Mariana Islands,WPR,11.0,0.0,11.0,0.0,1.0,0.0,1.0,0.0,Northern Mariana Islands,WPR,36.0,36.0,0.0,0.0,0.0,100.0,1.0,0.1411764705882353,0.1411764705882353,1.0,0.0,0.0,1.0,0.0,0.0,False,False,True,23.0,0.07142857142857142,0.07142857142857142,70.0,23.0,0.6956521739130435,0.043478260869565216,0.30434782608695654,-34.285714285714285,False,Rückgang,True
Northern Mariana Islands,MNP,2022,WPR,60.0,81.0,58.0,0.0,60.0,19.0,1.0,6.0,Northern Mariana Islands,WPR,23.0,14.0,5.0,0.0,Northern Mariana Islands,WPR,14.0,1.0,14.0,1.0,2.0,0.0,2.0,0.0,Northern Mariana Islands,WPR,23.0,16.0,0.0,1.0,6.0,70.0,1.0,0.7160493827160493,0.2345679012345679,0.3157894736842105,0.07142857142857142,0.07142857142857142,0.6956521739130435,0.043478260869565216,0.30434782608695654,False,False,False,22.0,0.0,0.0,73.0,22.0,0.7272727272727273,0.09090909090909091,0.2727272727272727,-4.3478260869565215,False,Rückgang,True
Northern Mariana Islands,MNP,2023,WPR,1.0,225.0,125.0,2.0,1.0,20.0,1.0,11.0,Northern Mariana Islands,WPR,22.0,16.0,3.0,2.0,Northern Mariana Islands,WPR,16.0,0.0,16.0,0.0,1.0,0.0,1.0,0.0,Northern Mariana Islands,WPR,22.0,16.0,0.0,2.0,4.0,73.0,1.0,0.5555555555555556,0.08888888888888889,0.55,0.0,0.0,0.7272727272727273,0.09090909090909091,0.2727272727272727,False,False,False,10.0,0.0,0.0,,,,,,-54.54545454545454,False,Rückgang,True
Northern Mariana Islands,MNP,2024,WPR,1.0,17.0,14.0,0.0,1.0,8.0,2.0,,Northern Mariana Islands,WPR,10.0,5.0,4.0,0.0,Northern Mariana Islands,WPR,5.0,0.0,5.0,0.0,0.0,0.0,0.0,0.0,,,,,,,,,,0.8235294117647058,0.47058823529411764,,0.0,0.0,,,,False,False,False,,,,,,,,,,False,,True
Mozambique,MOZ,2020,AFR,60.0,198924.0,11211.0,,60.0,45366.0,27393.0,19521.0,Mozambique,AFR,96203.0,30359.0,57031.0,4613.0,Mozambique,AFR,1865.0,231.0,491.0,106.0,1117.0,898.0,875.0,260.0,Mozambique,AFR,91948.0,86417.0,223.0,2120.0,1408.0,94.0,1.0,0.05635820715449116,0.22805694637147855,0.4303002248379844,0.12386058981233244,0.2158859470468432,0.9398464349414887,0.023056510201418193,0.040794797059207376,False,False,False,,,,,,,,,,False,,False
Mozambique,MOZ,2024,AFR,1.0,33429.0,31327.0,1126.0,1.0,14061.0,13788.0,,Mozambique,AFR,106721.0,50670.0,49953.0,2442.0,Mozambique,AFR,15986.0,1178.0,406.0,57.0,437.0,120.0,261.0,63.0,,,,,,,,,,0.9371204642675521,0.4206228125280445,,0.07368947829350682,0.14039408866995073,,,,False,False,False,,,,,,,,,,False,,False
Mauritius,MUS,2022,AFR,60.0,790.0,790.0,2.0,60.0,257.0,23.0,193.0,Mauritius,AFR,120.0,113.0,0.0,4.0,Mauritius,AFR,113.0,2.0,113.0,2.0,6.0,0.0,6.0,0.0,Mauritius,AFR,120.0,79.0,0.0,17.0,13.0,66.0,1.0,1.0,0.32531645569620254,0.7509727626459144,0.017699115044247787,0.017699115044247787,0.6583333333333333,0.14166666666666666,0.25,True,False,False,103.0,0.0,0.0,65.0,103.0,0.6504854368932039,0.18446601941747573,0.30097087378640774,-14.166666666666666,False,Rückgang,False
Mauritius,MUS,2023,AFR,1.0,650.0,650.0,3.0,1.0,195.0,12.0,160.0,Mauritius,AFR,103.0,99.0,0.0,4.0,Mauritius,AFR,99.0,0.0,99.0,0.0,0.0,0.0,0.0,0.0,Mauritius,AFR,103.0,67.0,2.0,19.0,10.0,65.0,1.0,1.0,0.3,0.8205128205128205,0.0,0.0,0.6504854368932039,0.18446601941747573,0.30097087378640774,True,False,False,104.0,0.0,0.0,,,,,,0.9708737864077669,False,Anstieg,False
Mauritius,MUS,2024,AFR,1.0,609.0,609.0,2.0,1.0,158.0,3.0,,Mauritius,AFR,104.0,101.0,0.0,3.0,Mauritius,AFR,101.0,0.0,101.0,0.0,0.0,0.0,0.0,0.0,,,,,,,,,,1.0,0.2594417077175698,,0.0,0.0,,,,True,False,False,,,,,,,,,,False,,False
Malawi,MWI,2019,AFR,60.0,23666.0,21033.0,,60.0,2545.0,2551.0,2401.0,Malawi,AFR,16902.0,6157.0,3947.0,5044.0,Malawi,AFR,2729.0,60.0,,,313.0,15.0,,,Malawi,AFR,16844.0,14748.0,125.0,1384.0,293.0,88.0,1.0,0.8887433448829545,0.10753824051381729,0.943418467583497,0.021986075485525832,,0.8755639990501068,0.08216575635241036,0.10698171455711232,False,False,False,15133.0,0.013397129186602871,,90.0,14863.0,0.8961851577743389,0.07360559779317769,0.09284801184148557,-10.466217015737783,False,Rückgang,True
Malawi,MWI,2020,AFR,60.0,22640.0,20332.0,,60.0,2412.0,2412.0,2229.0,Malawi,AFR,15133.0,6074.0,3250.0,4223.0,Malawi,AFR,3135.0,42.0,,,527.0,36.0,,,Malawi,AFR,14863.0,13320.0,49.0,1094.0,237.0,90.0,1.0,0.8980565371024735,0.10653710247349824,0.9241293532338308,0.013397129186602871,,0.8961851577743389,0.07360559779317769,0.09284801184148557,False,False,False,14385.0,0.011516946363935505,,90.0,14221.0,0.8998663947683004,0.06975599465579073,0.08881231980873357,-4.942840150664112,False,Rückgang,True
Malawi,MWI,2021,AFR,60.0,20491.0,18727.0,,60.0,1899.0,1899.0,1819.0,Malawi,AFR,14385.0,6004.0,2679.0,4308.0,Malawi,AFR,3039.0,35.0,0.0,0.0,480.0,26.0,0.0,0.0,Malawi,AFR,14221.0,12797.0,72.0,992.0,199.0,90.0,1.0,0.913913425406276,0.09267483285344785,0.9578725645076356,0.011516946363935505,,0.8998663947683004,0.06975599465579073,0.08881231980873357,False,False,False,18025.0,0.013941398865784499,,90.0,17723.0,0.9036280539412064,0.06737008407154545,0.08503075100152345,25.304136253041364,False,Anstieg,True
Malawi,MWI,2022,AFR,60.0,26122.0,24250.0,84.0,60.0,2339.0,2339.0,2187.0,Malawi,AFR,18025.0,7045.0,2981.0,6210.0,Malawi,AFR,4232.0,59.0,,,772.0,41.0,,,Malawi,AFR,17723.0,16015.0,63.0,1194.0,250.0,90.0,1.0,0.928336268279611,0.08954138274251588,0.9350149636596836,0.013941398865784499,,0.9036280539412064,0.06737008407154545,0.08503075100152345,False,False,False,18784.0,0.009284659210803967,,91.0,18767.0,0.9105344487664517,0.05941279906218362,0.07875526189588107,4.2108183079056865,False,Anstieg,True
Malawi,MWI,2023,AFR,1.0,27441.0,25643.0,84.0,1.0,2444.0,2444.0,2305.0,Malawi,AFR,18784.0,7754.0,3200.0,5868.0,Malawi,AFR,4739.0,44.0,,,870.0,23.0,,,Malawi,AFR,18767.0,17088.0,63.0,1115.0,300.0,91.0,1.0,0.9344776065012208,0.08906380962792901,0.943126022913257,0.009284659210803967,,0.9105344487664517,0.05941279906218362,0.07875526189588107,False,False,False,18021.0,0.01932367149758454,0.01752988047808765,,,,,,-4.061967632027257,False,Rückgang,True
Malawi,MWI,2024,AFR,1.0,30855.0,29273.0,175.0,1.0,2933.0,2603.0,,Malawi,AFR,18021.0,7805.0,3261.0,4928.0,Malawi,AFR,6210.0,120.0,1255.0,22.0,1070.0,44.0,151.0,7.0,,,,,,,,,,0.9487279209204343,0.09505752714308864,,0.01932367149758454,0.01752988047808765,,,,False,False,False,,,,,,,,,,False,,True
Malaysia,MYS,2019,WPR,60.0,40617.0,27102.0,,60.0,2446.0,1851.0,1882.0,Malaysia,WPR,25565.0,15001.0,5458.0,3589.0,Malaysia,WPR,12019.0,142.0,11961.0,68.0,587.0,27.0,585.0,4.0,Malaysia,WPR,25144.0,20033.0,79.0,2893.0,1455.0,80.0,1.0,0.6672575522564443,0.06022108969150848,0.7694194603434178,0.011814626840835344,0.005685143382660312,0.7967308304167993,0.11505727012408527,0.17606586064269805,False,False,False,22973.0,0.009004647560030984,0.00435708752904725,78.0,22973.0,0.7763026161145693,0.12188220955034171,0.17337744308536107,-10.138861725014667,False,Rückgang,True
Malaysia,MYS,2020,WPR,60.0,23581.0,17601.0,,60.0,3601.0,1709.0,3033.0,Malaysia,WPR,22973.0,13247.0,4956.0,3479.0,Malaysia,WPR,10328.0,93.0,10328.0,45.0,754.0,101.0,654.0,59.0,Malaysia,WPR,22973.0,17834.0,69.0,2800.0,1114.0,78.0,1.0,0.7464060048344006,0.15270768839319793,0.8422660372118855,0.009004647560030984,0.00435708752904725,0.7763026161145693,0.12188220955034171,0.17337744308536107,False,False,False,21186.0,0.009104849530381445,0.004286410131514856,79.0,20710.0,0.7893288266537904,0.13891839690970545,0.18305166586190247,-7.778696730945023,False,Rückgang,True
Malaysia,MYS,2021,WPR,60.0,30761.0,22206.0,,60.0,4653.0,1467.0,2766.0,Malaysia,WPR,21186.0,12371.0,4348.0,3364.0,Malaysia,WPR,10434.0,95.0,10265.0,44.0,620.0,60.0,618.0,27.0,Malaysia,WPR,20710.0,16347.0,93.0,2877.0,821.0,79.0,1.0,0.7218881050681057,0.15126296284256038,0.594455190199871,0.009104849530381445,0.004286410131514856,0.7893288266537904,0.13891839690970545,0.18305166586190247,False,False,False,24795.0,0.008946408407886736,0.004604691572545613,81.0,24279.0,0.8073643889781292,0.1285473042547057,0.15766711973310268,17.03483432455395,False,Anstieg,True
Malaysia,MYS,2022,WPR,60.0,145369.0,66035.0,700.0,60.0,7065.0,808.0,5642.0,Malaysia,WPR,24795.0,14330.0,5715.0,3404.0,Malaysia,WPR,11513.0,103.0,11510.0,53.0,786.0,35.0,786.0,15.0,Malaysia,WPR,24279.0,19602.0,94.0,3121.0,613.0,81.0,1.0,0.4542577853600149,0.048600458144446204,0.7985845718329795,0.008946408407886736,0.004604691572545613,0.8073643889781292,0.1285473042547057,0.15766711973310268,False,False,False,26149.0,0.007190505068006584,0.002166002425922717,82.0,25632.0,0.8150358926342073,0.12226903870162296,0.15437734082397003,5.4607783827384555,False,Anstieg,True
Malaysia,MYS,2023,WPR,1.0,115536.0,82011.0,1063.0,1.0,9753.0,1792.0,7207.0,Malaysia,WPR,26149.0,14677.0,6429.0,3506.0,Malaysia,WPR,11543.0,83.0,11542.0,25.0,990.0,91.0,982.0,24.0,Malaysia,WPR,25632.0,20891.0,87.0,3134.0,736.0,82.0,1.0,0.7098307021188202,0.08441524719567926,0.7389521172972419,0.007190505068006584,0.002166002425922717,0.8150358926342073,0.12226903870162296,0.15437734082397003,False,False,False,26183.0,0.011114277571957822,0.005034672746271492,,,,,,0.1300240926995296,False,Anstieg,True
Malaysia,MYS,2024,WPR,1.0,171301.0,146496.0,668.0,1.0,10676.0,1562.0,,Malaysia,WPR,26183.0,17512.0,3646.0,3624.0,Malaysia,WPR,10527.0,117.0,10527.0,53.0,634.0,60.0,634.0,22.0,,,,,,,,,,0.8551964086607784,0.062323045399618214,,0.011114277571957822,0.005034672746271492,,,,False,False,False,,,,,,,,,,False,,True
Namibia,NAM,2019,AFR,60.0,22688.0,19568.0,,60.0,1892.0,1547.0,1669.0,Namibia,AFR,7801.0,3988.0,1144.0,1383.0,Namibia,AFR,2582.0,165.0,,36.0,631.0,112.0,,36.0,Namibia,AFR,7494.0,6483.0,148.0,552.0,296.0,87.0,1.0,0.8624823695345557,0.08339210155148095,0.8821353065539113,0.06390395042602634,,0.8650920736589272,0.07365892714171338,0.13290632506004804,False,False,False,6509.0,0.041379310344827586,0.7878787878787878,88.0,6312.0,0.8819708491761724,0.07351077313054499,0.11549429657794677,-16.56197923343161,False,Rückgang,True
Namibia,NAM,2020,AFR,60.0,22064.0,18213.0,,60.0,1887.0,1630.0,1676.0,Namibia,AFR,6509.0,3843.0,654.0,976.0,Namibia,AFR,3335.0,138.0,33.0,26.0,776.0,65.0,26.0,22.0,Namibia,AFR,6312.0,5567.0,85.0,464.0,180.0,88.0,1.0,0.825462291515591,0.08552393038433648,0.8881822999470058,0.041379310344827586,0.7878787878787878,0.8819708491761724,0.07351077313054499,0.11549429657794677,False,False,False,6703.0,0.04160512063023141,0.8742138364779874,87.0,6464.0,0.8680383663366337,0.07704207920792079,0.1282487623762376,2.9804885543094177,False,Anstieg,True
Namibia,NAM,2021,AFR,60.0,22342.0,19009.0,,60.0,1592.0,1398.0,1439.0,Namibia,AFR,6703.0,4062.0,695.0,814.0,Namibia,AFR,4062.0,169.0,159.0,139.0,971.0,67.0,67.0,12.0,Namibia,AFR,6464.0,5611.0,94.0,498.0,237.0,87.0,1.0,0.8508190851311431,0.07125593053441948,0.9038944723618091,0.04160512063023141,0.8742138364779874,0.8680383663366337,0.07704207920792079,0.1282487623762376,False,False,False,8620.0,0.04280065131425913,,88.0,8374.0,0.8758060663959876,0.0659183186052066,0.12240267494626224,28.599134715798897,False,Anstieg,True
Namibia,NAM,2022,AFR,60.0,29525.0,24078.0,537.0,60.0,2826.0,1617.0,2492.0,Namibia,AFR,8620.0,4809.0,1274.0,1086.0,Namibia,AFR,4299.0,184.0,,,1083.0,65.0,,,Namibia,AFR,8374.0,7334.0,113.0,552.0,360.0,88.0,1.0,0.8155122777307366,0.09571549534292972,0.8818117480537863,0.04280065131425913,,0.8758060663959876,0.0659183186052066,0.12240267494626224,False,False,False,9250.0,0.03856695379796398,,88.0,8994.0,0.8792528352234823,0.06170780520346898,0.11596619968868134,7.308584686774942,False,Anstieg,True
Namibia,NAM,2023,AFR,1.0,27987.0,22810.0,473.0,1.0,4770.0,1675.0,3530.0,Namibia,AFR,9250.0,5210.0,1369.0,1112.0,Namibia,AFR,5108.0,197.0,,,1252.0,88.0,,,Namibia,AFR,8994.0,7908.0,97.0,555.0,391.0,88.0,1.0,0.8150212598706542,0.17043627398434988,0.740041928721174,0.03856695379796398,,0.8792528352234823,0.06170780520346898,0.11596619968868134,False,False,False,8457.0,0.036125446605795954,0.13008130081300814,,,,,,-8.572972972972973,False,Rückgang,True
Namibia,NAM,2024,AFR,1.0,24907.0,21368.0,336.0,1.0,4010.0,1444.0,,Namibia,AFR,8457.0,5201.0,824.0,942.0,Namibia,AFR,5038.0,182.0,123.0,16.0,1260.0,71.0,41.0,3.0,,,,,,,,,,0.8579114305215402,0.16099891596739874,,0.036125446605795954,0.13008130081300814,,,,False,False,False,,,,,,,,,,False,,True
New Caledonia,NCL,2023,WPR,1.0,101.0,93.0,6.0,1.0,12.0,9.0,,New Caledonia,WPR,32.0,16.0,4.0,12.0,New Caledonia,WPR,13.0,0.0,13.0,0.0,,,0.0,0.0,New Caledonia,WPR,34.0,9.0,,,,26.0,1.0,0.9207920792079208,0.1188118811881188,,0.0,0.0,0.2647058823529412,,,False,False,False,,,,,,,,,,False,,False
Niger,NER,2019,AFR,60.0,7232.0,7232.0,,60.0,6746.0,6746.0,,Niger,AFR,11485.0,8812.0,867.0,1452.0,Niger,AFR,113.0,9.0,3.0,2.0,529.0,70.0,62.0,33.0,Niger,AFR,11417.0,9490.0,170.0,897.0,639.0,83.0,1.0,1.0,0.9327986725663717,,0.07964601769911504,0.6666666666666666,0.8312166068143996,0.07856704913725147,0.14942629412279934,True,False,False,,,,,,,,,,False,,False
Niger,NER,2021,AFR,60.0,8016.0,7250.0,,60.0,7250.0,7250.0,,Niger,AFR,12786.0,10060.0,917.0,1456.0,Niger,AFR,1127.0,28.0,28.0,26.0,525.0,69.0,59.0,54.0,Niger,AFR,12791.0,10937.0,155.0,810.0,734.0,86.0,1.0,0.904441117764471,0.904441117764471,,0.024844720496894408,0.9285714285714286,0.8550543350793527,0.06332577593620514,0.1328277695254476,False,False,False,14223.0,0.032671081677704196,0.7142857142857143,86.0,14214.0,0.856479527226678,0.06465456592092303,0.13317855635289153,11.238854997653684,False,Anstieg,False
Niger,NER,2022,AFR,60.0,7509.0,6600.0,,60.0,6600.0,6600.0,,Niger,AFR,14223.0,11131.0,934.0,1755.0,Niger,AFR,2265.0,74.0,7.0,5.0,577.0,60.0,30.0,27.0,Niger,AFR,14214.0,12174.0,169.0,919.0,805.0,86.0,1.0,0.8789452656811826,0.8789452656811826,,0.032671081677704196,0.7142857142857143,0.856479527226678,0.06465456592092303,0.13317855635289153,False,False,False,15483.0,0.026626475759859332,0.6666666666666666,88.0,15484.0,0.8762593645052957,0.059028674761043655,0.1161198656677861,8.858890529424173,False,Anstieg,False
Niger,NER,2023,AFR,1.0,8935.0,7781.0,,1.0,7786.0,7786.0,,Niger,AFR,15483.0,12306.0,1014.0,1689.0,Niger,AFR,3981.0,106.0,12.0,8.0,658.0,45.0,9.0,7.0,Niger,AFR,15484.0,13568.0,186.0,914.0,698.0,88.0,1.0,0.8708449916060437,0.8714045886961388,,0.026626475759859332,0.6666666666666666,0.8762593645052957,0.059028674761043655,0.1161198656677861,False,False,False,16443.0,0.009980341751096326,0.5625,,,,,,6.200348769618291,False,Anstieg,False
Niger,NER,2024,AFR,1.0,9023.0,9023.0,2.0,1.0,7585.0,7585.0,,Niger,AFR,16443.0,13101.0,1148.0,1696.0,Niger,AFR,6613.0,66.0,64.0,36.0,252.0,46.0,44.0,19.0,,,,,,,,,,1.0,0.8406295023827995,,0.009980341751096326,0.5625,,,,True,False,False,,,,,,,,,,False,,False
Nigeria,NGA,2019,AFR,60.0,20370.0,17983.0,,60.0,10788.0,9772.0,8796.0,Nigeria,AFR,117320.0,81717.0,27806.0,4173.0,Nigeria,AFR,64505.0,2181.0,2181.0,131.0,4758.0,,,,Nigeria,AFR,117150.0,103029.0,456.0,4733.0,6354.0,88.0,1.0,0.8828178694158075,0.5296023564064801,0.8153503893214683,0.033811332454848464,0.06006419073819349,0.8794622279129322,0.04040119504908237,0.098531796841656,False,False,False,135784.0,0.029600695768931477,0.005706525885350707,90.0,135784.0,0.8968508808106993,0.03478318505862252,0.08506156837329877,15.7381520627344,False,Anstieg,True
Nigeria,NGA,2020,AFR,60.0,22169.0,19781.0,,60.0,9730.0,8825.0,8020.0,Nigeria,AFR,135784.0,98358.0,30248.0,3604.0,Nigeria,AFR,65539.0,1940.0,65539.0,374.0,3938.0,,,,Nigeria,AFR,135784.0,121778.0,519.0,4723.0,6308.0,90.0,1.0,0.8922820154269475,0.4389011682980739,0.8242548818088387,0.029600695768931477,0.005706525885350707,0.8968508808106993,0.03478318505862252,0.08506156837329877,False,False,False,204725.0,0.02463431445128022,0.0028250750942400804,91.0,204725.0,0.908643301990475,0.00275003052875809,0.07104652582732934,50.77255052141637,False,Anstieg,True
Nigeria,NGA,2021,AFR,60.0,103728.0,83858.0,,60.0,17517.0,13097.0,14755.0,Nigeria,AFR,204725.0,154698.0,42207.0,3539.0,Nigeria,AFR,117519.0,2895.0,117519.0,332.0,4818.0,,,,Nigeria,AFR,204725.0,186022.0,5646.0,563.0,8336.0,91.0,1.0,0.8084413080364029,0.16887436372049977,0.8423245989610093,0.02463431445128022,0.0028250750942400804,0.908643301990475,0.00275003052875809,0.07104652582732934,False,False,False,282184.0,0.020737656287767255,0.003187321056651884,93.0,282184.0,0.9279725285629234,0.022006917472287585,0.06360388966064695,37.83563316644279,False,Anstieg,True
Nigeria,NGA,2022,AFR,60.0,366537.0,345219.0,9539.0,60.0,111755.0,35365.0,104999.0,Nigeria,AFR,282184.0,222279.0,51621.0,3471.0,Nigeria,AFR,182036.0,3775.0,181971.0,580.0,5498.0,,,,Nigeria,AFR,282184.0,261859.0,550.0,6210.0,11188.0,93.0,1.0,0.9418394323083344,0.3048941853073496,0.9395463290233099,0.020737656287767255,0.003187321056651884,0.9279725285629234,0.022006917472287585,0.06360388966064695,False,False,False,367250.0,0.0140607424071991,0.0009161667262710809,94.0,367250.0,0.9400898570456092,0.016716133424098025,0.05208441116405718,30.145578771298158,False,Anstieg,True
Nigeria,NGA,2023,AFR,1.0,635048.0,598529.0,18974.0,1.0,296441.0,83955.0,272873.0,Nigeria,AFR,367250.0,296338.0,62149.0,3147.0,Nigeria,AFR,248920.0,3500.0,248863.0,228.0,6444.0,,,,Nigeria,AFR,367250.0,345248.0,551.0,6139.0,12438.0,94.0,1.0,0.9424941106813973,0.4668009347324927,0.9204968273619372,0.0140607424071991,0.0009161667262710809,0.9400898570456092,0.016716133424098025,0.05208441116405718,False,False,False,402051.0,0.013954086303413726,0.001831095111755241,,,,,,9.476106194690265,False,Anstieg,True
Nigeria,NGA,2024,AFR,1.0,751449.0,726005.0,9245.0,1.0,422828.0,95632.0,,Nigeria,AFR,402051.0,316263.0,76689.0,3821.0,Nigeria,AFR,256699.0,3582.0,256677.0,470.0,5571.0,,,,,,,,,,,,,0.9661400840243317,0.5626835620248347,,0.013954086303413726,0.001831095111755241,,,,False,False,False,,,,,,,,,,False,,True
Nicaragua,NIC,2019,AMR,60.0,1477.0,1382.0,,60.0,792.0,792.0,792.0,Nicaragua,AMR,2248.0,1573.0,336.0,224.0,Nicaragua,AMR,609.0,37.0,0.0,0.0,106.0,19.0,0.0,0.0,Nicaragua,AMR,2248.0,1972.0,15.0,110.0,127.0,88.0,1.0,0.9356804333107651,0.5362220717670955,1.0,0.060755336617405585,,0.8772241992882562,0.04893238434163701,0.11209964412811388,False,False,True,1886.0,0.014263074484944533,0.000792393026941363,86.0,1886.0,0.8626723223753977,0.05885471898197243,0.1288441145281018,-16.10320284697509,False,Rückgang,False
Nicaragua,NIC,2020,AMR,60.0,782.0,779.0,,60.0,779.0,373.0,779.0,Nicaragua,AMR,1886.0,1318.0,281.0,175.0,Nicaragua,AMR,1262.0,18.0,1262.0,1.0,146.0,8.0,146.0,1.0,Nicaragua,AMR,1886.0,1627.0,11.0,111.0,121.0,86.0,1.0,0.9961636828644501,0.9961636828644501,1.0,0.014263074484944533,0.000792393026941363,0.8626723223753977,0.05885471898197243,0.1288441145281018,False,False,True,,,,,,,,,,False,,False
Nicaragua,NIC,2022,AMR,60.0,1070.0,1070.0,59.0,60.0,899.0,23.0,809.0,Nicaragua,AMR,2102.0,1536.0,306.0,164.0,Nicaragua,AMR,1133.0,22.0,18.0,18.0,66.0,9.0,13.0,4.0,Nicaragua,AMR,2102.0,1818.0,5.0,110.0,154.0,86.0,1.0,1.0,0.8401869158878504,0.899888765294772,0.019417475728155338,,0.8648905803996194,0.05233111322549953,0.1279733587059943,True,False,False,2122.0,0.05429864253393665,0.030165912518853696,,,,,,0.9514747859181731,False,Anstieg,False
Nicaragua,NIC,2023,AMR,1.0,1624.0,1624.0,35.0,1.0,775.0,296.0,,Nicaragua,AMR,2122.0,1536.0,282.0,195.0,Nicaragua,AMR,663.0,36.0,663.0,20.0,87.0,14.0,87.0,4.0,Nicaragua,AMR,,,,,,,,1.0,0.4772167487684729,,0.05429864253393665,0.030165912518853696,,,,True,False,False,,,,,,,,,,False,,False
Norway,NOR,2020,EUR,60.0,182.0,163.0,,60.0,26.0,13.0,,Norway,EUR,144.0,82.0,7.0,55.0,Norway,EUR,81.0,2.0,78.0,1.0,9.0,0.0,8.0,0.0,Norway,EUR,141.0,125.0,1.0,3.0,0.0,89.0,1.0,0.8956043956043956,0.14285714285714285,,0.024691358024691357,0.01282051282051282,0.8865248226950354,0.02127659574468085,0.028368794326241134,False,False,False,,,,,,,,,,False,,False
Nepal,NPL,2019,SEA,60.0,64715.0,40222.0,,60.0,2397.0,2397.0,2049.0,Nepal,SEA,31495.0,16135.0,3978.0,8971.0,Nepal,SEA,12853.0,443.0,148.0,10.0,1993.0,192.0,234.0,19.0,Nepal,SEA,27484.0,24554.0,191.0,890.0,829.0,89.0,0.0,0.6215251487290427,0.03703932627675191,0.8548185231539425,0.03446666147981016,0.06756756756756757,0.893392519283947,0.03238247707757241,0.06949497889681269,False,False,False,27282.0,0.044253226797787336,0.03305785123966942,91.0,26909.0,0.9131145713330112,0.032777137760600546,0.06209818276413096,-13.376726464518176,False,Rückgang,True
Nepal,NPL,2020,SEA,60.0,60344.0,15388.0,,60.0,1995.0,1995.0,,Nepal,SEA,27282.0,13598.0,3634.0,8466.0,Nepal,SEA,8135.0,360.0,121.0,4.0,1514.0,141.0,468.0,21.0,Nepal,SEA,26909.0,24571.0,184.0,882.0,605.0,91.0,1.0,0.25500464006363516,0.03306045340050378,,0.044253226797787336,0.03305785123966942,0.9131145713330112,0.032777137760600546,0.06209818276413096,False,False,False,28252.0,0.03843884346286774,0.009615384615384616,92.0,27980.0,0.9160471765546819,0.03584703359542531,0.06697641172265904,3.555457811010923,False,Anstieg,True
Nepal,NPL,2021,SEA,60.0,53074.0,17084.0,,60.0,2108.0,2108.0,,Nepal,SEA,28252.0,14622.0,3826.0,8173.0,Nepal,SEA,11863.0,456.0,208.0,2.0,1042.0,113.0,344.0,8.0,Nepal,SEA,27980.0,25631.0,227.0,1003.0,644.0,92.0,1.0,0.3218901910540001,0.03971812940422806,,0.03843884346286774,0.009615384615384616,0.9160471765546819,0.03584703359542531,0.06697641172265904,False,False,False,37351.0,0.05076044407367002,0.05818965517241379,93.0,37003.0,0.9250871550955327,0.029943518093127584,0.06207604788800908,32.20656944641087,False,Anstieg,True
Nepal,NPL,2022,SEA,60.0,133235.0,37377.0,1728.0,60.0,3158.0,3158.0,2712.0,Nepal,SEA,37351.0,19501.0,5455.0,10212.0,Nepal,SEA,15583.0,791.0,464.0,27.0,1659.0,151.0,566.0,12.0,Nepal,SEA,37003.0,34231.0,264.0,1108.0,925.0,93.0,1.0,0.2805343941156603,0.023702480579427327,0.8587713742875237,0.05076044407367002,0.05818965517241379,0.9250871550955327,0.029943518093127584,0.06207604788800908,False,False,False,36881.0,0.039742071325174363,0.045346062052505964,92.0,36396.0,0.923260797889878,0.033135509396636995,0.0639905484119134,-1.2583331102246258,False,Rückgang,True
Nepal,NPL,2023,SEA,1.0,99527.0,28257.0,914.0,1.0,3658.0,3658.0,3540.0,Nepal,SEA,36881.0,19031.0,5418.0,9910.0,Nepal,SEA,15198.0,604.0,419.0,19.0,1893.0,89.0,493.0,13.0,Nepal,SEA,36396.0,33603.0,302.0,1206.0,821.0,92.0,1.0,0.2839129080551006,0.036753845690114244,0.967741935483871,0.039742071325174363,0.045346062052505964,0.923260797889878,0.033135509396636995,0.0639905484119134,False,False,False,40195.0,0.04667688449212763,0.01837270341207349,,,,,,8.98565657113419,False,Anstieg,True
Nepal,NPL,2024,SEA,1.0,119674.0,31872.0,991.0,1.0,4717.0,4717.0,,Nepal,SEA,40195.0,20545.0,5947.0,10655.0,Nepal,SEA,14354.0,670.0,381.0,7.0,2344.0,86.0,172.0,1.0,,,,,,,,,,0.2663235122081655,0.03941541186891054,,0.04667688449212763,0.01837270341207349,,,,False,False,False,,,,,,,,,,False,,True
Nauru,NRU,2021,WPR,60.0,180.0,180.0,,60.0,0.0,0.0,,Nauru,WPR,21.0,14.0,4.0,3.0,Nauru,WPR,14.0,0.0,0.0,0.0,0.0,0.0,0.0,0.0,Nauru,WPR,,,,,,,,1.0,0.0,,0.0,,,,,True,True,False,,,,,,,,,,False,,False
Oman,OMN,2019,EMR,60.0,1984.0,1889.0,,60.0,329.0,108.0,220.0,Oman,EMR,368.0,299.0,8.0,58.0,Oman,EMR,299.0,5.0,299.0,4.0,3.0,0.0,3.0,0.0,Oman,EMR,364.0,174.0,0.0,26.0,10.0,48.0,1.0,0.952116935483871,0.1658266129032258,0.668693009118541,0.016722408026755852,0.013377926421404682,0.47802197802197804,0.07142857142857142,0.0989010989010989,False,False,False,313.0,0.009174311926605505,0.0045871559633027525,56.0,312.0,0.5608974358974359,0.08333333333333333,0.10576923076923077,-14.945652173913043,False,Rückgang,True
Oman,OMN,2020,EMR,60.0,1227.0,1183.0,,60.0,281.0,61.0,174.0,Oman,EMR,313.0,243.0,4.0,64.0,Oman,EMR,218.0,2.0,218.0,1.0,3.0,0.0,3.0,0.0,Oman,EMR,312.0,175.0,1.0,26.0,6.0,56.0,1.0,0.9641401792991035,0.22901385493072535,0.6192170818505338,0.009174311926605505,0.0045871559633027525,0.5608974358974359,0.08333333333333333,0.10576923076923077,False,False,False,231.0,0.0,0.0,61.0,231.0,0.6060606060606061,0.09956709956709957,0.10822510822510822,-26.198083067092654,False,Rückgang,True
Oman,OMN,2021,EMR,60.0,1351.0,1257.0,,60.0,232.0,89.0,157.0,Oman,EMR,231.0,170.0,6.0,54.0,Oman,EMR,144.0,0.0,144.0,0.0,0.0,0.0,0.0,0.0,Oman,EMR,231.0,140.0,1.0,23.0,1.0,61.0,1.0,0.930421909696521,0.17172464840858623,0.6767241379310345,0.0,0.0,0.6060606060606061,0.09956709956709957,0.10822510822510822,False,False,False,369.0,0.013513513513513514,0.013513513513513514,44.0,362.0,0.43922651933701656,0.06629834254143646,0.08287292817679558,59.74025974025974,False,Anstieg,True
Oman,OMN,2022,EMR,60.0,2054.0,1940.0,1.0,60.0,284.0,90.0,211.0,Oman,EMR,369.0,308.0,6.0,50.0,Oman,EMR,296.0,4.0,296.0,4.0,3.0,0.0,3.0,0.0,Oman,EMR,362.0,159.0,0.0,24.0,6.0,44.0,1.0,0.9444985394352483,0.1382667964946446,0.7429577464788732,0.013513513513513514,0.013513513513513514,0.43922651933701656,0.06629834254143646,0.08287292817679558,False,False,False,489.0,0.011976047904191617,0.009009009009009009,39.0,487.0,0.3860369609856263,0.0513347022587269,0.07186858316221766,32.52032520325203,False,Anstieg,True
Oman,OMN,2023,EMR,1.0,2837.0,2571.0,6.0,1.0,439.0,116.0,301.0,Oman,EMR,489.0,439.0,12.0,32.0,Oman,EMR,334.0,4.0,333.0,3.0,6.0,0.0,3.0,0.0,Oman,EMR,487.0,188.0,1.0,25.0,9.0,39.0,1.0,0.9062389848431441,0.1547409235107508,0.6856492027334852,0.011976047904191617,0.009009009009009009,0.3860369609856263,0.0513347022587269,0.07186858316221766,False,False,False,418.0,0.011428571428571429,0.011029411764705883,,,,,,-14.519427402862986,False,Rückgang,True
Oman,OMN,2024,EMR,1.0,4612.0,4389.0,3.0,1.0,510.0,127.0,,Oman,EMR,418.0,364.0,2.0,47.0,Oman,EMR,350.0,4.0,272.0,3.0,7.0,0.0,3.0,0.0,,,,,,,,,,0.9516478751084129,0.11058109280138768,,0.011428571428571429,0.011029411764705883,,,,False,False,False,,,,,,,,,,False,,True
Pakistan,PAK,2020,EMR,60.0,268265.0,78977.0,,60.0,4317.0,4145.0,,Pakistan,EMR,272990.0,103204.0,110241.0,50170.0,Pakistan,EMR,72718.0,2302.0,2422.0,1415.0,6676.0,387.0,1754.0,330.0,Pakistan,EMR,272990.0,255447.0,1058.0,6024.0,6084.0,94.0,1.0,0.29439919482601157,0.016092296796078504,,0.031656536208366566,0.5842279108175062,0.9357375728048647,0.02206674237151544,0.04822887285248544,False,False,False,339256.0,0.03307286731838905,0.43612453032742887,94.0,339256.0,0.9352612776192609,0.016244370033249227,0.03828082627868041,24.274149236235758,False,Anstieg,False
Pakistan,PAK,2021,EMR,60.0,721700.0,261684.0,,60.0,5149.0,3345.0,,Pakistan,EMR,339256.0,137049.0,132120.0,59707.0,Pakistan,EMR,89711.0,2967.0,3726.0,1625.0,8265.0,422.0,1745.0,336.0,Pakistan,EMR,339256.0,317293.0,1283.0,5511.0,6193.0,94.0,1.0,0.36259387557156714,0.00713454343910212,,0.03307286731838905,0.43612453032742887,0.9352612776192609,0.016244370033249227,0.03828082627868041,False,False,False,424601.0,0.03318281448276999,0.39135690540948925,95.0,424601.0,0.9504216900101508,0.016297653561814503,0.03462073805761173,25.156518970924612,False,Anstieg,False
Pakistan,PAK,2022,EMR,60.0,889095.0,428869.0,74720.0,60.0,10824.0,8182.0,,Pakistan,EMR,424601.0,168993.0,168397.0,74736.0,Pakistan,EMR,121358.0,4027.0,3309.0,1295.0,9616.0,487.0,785.0,364.0,Pakistan,EMR,424601.0,403550.0,1560.0,6920.0,6220.0,95.0,1.0,0.482365776435589,0.012174177112681997,,0.03318281448276999,0.39135690540948925,0.9504216900101508,0.016297653561814503,0.03462073805761173,False,False,False,475761.0,0.027685222809156168,0.3932610200784676,95.0,475761.0,0.9490605577170049,0.015425812540330123,0.035889869072916865,12.04895890494841,False,Anstieg,False
Pakistan,PAK,2023,EMR,1.0,531525.0,400993.0,14731.0,1.0,33560.0,3806.0,17876.0,Pakistan,EMR,475761.0,184918.0,188536.0,87453.0,Pakistan,EMR,147660.0,4088.0,4333.0,1704.0,10763.0,513.0,741.0,360.0,Pakistan,EMR,475761.0,451526.0,2203.0,7339.0,7533.0,95.0,1.0,0.754419829735196,0.06313908094633366,0.532657926102503,0.027685222809156168,0.3932610200784676,0.9490605577170049,0.015425812540330123,0.035889869072916865,False,False,False,497720.0,0.025294261559790143,0.2586394557823129,,,,,,4.615552767040594,False,Anstieg,False
Pakistan,PAK,2024,EMR,1.0,630633.0,458071.0,9825.0,1.0,58921.0,5632.0,,Pakistan,EMR,497720.0,190716.0,195201.0,95375.0,Pakistan,EMR,147148.0,3722.0,7350.0,1901.0,10695.0,725.0,1566.0,410.0,,,,,,,,,,0.7263669995068447,0.09343152039300195,,0.025294261559790143,0.2586394557823129,,,,False,False,False,,,,,,,,,,False,,False
Panama,PAN,2021,AMR,60.0,2670.0,1745.0,,60.0,263.0,226.0,,Panama,AMR,1452.0,829.0,312.0,229.0,Panama,AMR,497.0,17.0,497.0,3.0,56.0,6.0,43.0,0.0,Panama,AMR,1477.0,1124.0,12.0,182.0,159.0,76.0,1.0,0.653558052434457,0.09850187265917602,,0.03420523138832998,0.006036217303822937,0.7610020311442113,0.12322274881516587,0.23899796885578875,False,False,False,1645.0,0.044142614601018676,0.008547008547008548,74.0,1645.0,0.7428571428571429,0.14346504559270518,0.2571428571428571,13.292011019283748,False,Anstieg,False
Panama,PAN,2022,AMR,60.0,2802.0,1790.0,58.0,60.0,270.0,249.0,,Panama,AMR,1645.0,955.0,324.0,246.0,Panama,AMR,589.0,26.0,234.0,2.0,73.0,9.0,66.0,2.0,Panama,AMR,1645.0,1222.0,14.0,236.0,173.0,74.0,1.0,0.6388294075660242,0.09635974304068523,,0.044142614601018676,0.008547008547008548,0.7428571428571429,0.14346504559270518,0.2571428571428571,False,False,False,2077.0,0.07,0.011428571428571429,75.0,2052.0,0.7509746588693957,0.1232943469785575,0.2490253411306043,26.261398176291795,False,Anstieg,False
Panama,PAN,2023,AMR,1.0,5695.0,3943.0,102.0,1.0,347.0,312.0,,Panama,AMR,2077.0,1239.0,463.0,233.0,Panama,AMR,700.0,49.0,700.0,8.0,51.0,8.0,51.0,2.0,Panama,AMR,2052.0,1541.0,10.0,253.0,248.0,75.0,1.0,0.6923617208077261,0.06093064091308165,,0.07,0.011428571428571429,0.7509746588693957,0.1232943469785575,0.2490253411306043,False,False,False,2175.0,0.018433179723502304,0.0,,,,,,4.718343765045739,False,Anstieg,False
Panama,PAN,2024,AMR,1.0,2579.0,2206.0,37.0,1.0,247.0,237.0,,Panama,AMR,2175.0,1274.0,443.0,298.0,Panama,AMR,651.0,12.0,429.0,0.0,82.0,6.0,38.0,0.0,,,,,,,,,,0.8553702985653354,0.0957735556417216,,0.018433179723502304,0.0,,,,False,False,False,,,,,,,,,,False,,False
Peru,PER,2019,AMR,60.0,48093.0,42700.0,,60.0,5235.0,2823.0,1026.0,Peru,AMR,31764.0,17331.0,5403.0,6192.0,Peru,AMR,13424.0,1355.0,13105.0,1020.0,1999.0,539.0,1938.0,444.0,Peru,AMR,28875.0,24012.0,84.0,1651.0,1537.0,83.0,1.0,0.8878630985798349,0.10885160002495166,0.19598853868194843,0.10093861740166865,0.07783288821060663,0.8315844155844155,0.057177489177489174,0.11331601731601731,False,False,False,23755.0,0.11009078576646145,0.08671605968903266,85.0,20938.0,0.8494125513420575,0.0645715923201834,0.11218836565096953,-25.214078831381435,False,Rückgang,True
Peru,PER,2020,AMR,60.0,30948.0,10173.0,,60.0,3069.0,1553.0,1257.0,Peru,AMR,23755.0,13367.0,3970.0,4106.0,Peru,AMR,9583.0,1055.0,9583.0,831.0,1333.0,404.0,1333.0,345.0,Peru,AMR,20938.0,17785.0,126.0,1352.0,871.0,85.0,1.0,0.32871267933307485,0.0991663435440093,0.4095796676441838,0.11009078576646145,0.08671605968903266,0.8494125513420575,0.0645715923201834,0.11218836565096953,False,False,False,25657.0,0.040734408682078345,0.027234524001939552,86.0,22683.0,0.8571617510911255,0.0641890402504078,0.11973724815941454,8.006735424121239,False,Anstieg,True
Peru,PER,2021,AMR,60.0,31415.0,26216.0,,60.0,2319.0,1368.0,909.0,Peru,AMR,25657.0,14309.0,4382.0,4448.0,Peru,AMR,13453.0,548.0,12374.0,337.0,2217.0,189.0,2054.0,123.0,Peru,AMR,22683.0,19443.0,109.0,1456.0,1151.0,86.0,1.0,0.8345058093267548,0.07381823969441349,0.39197930142302717,0.040734408682078345,0.027234524001939552,0.8571617510911255,0.0641890402504078,0.11973724815941454,False,False,False,28339.0,0.0804476522585354,0.05295596464195929,84.0,25175.0,0.8432174776564052,0.06387288977159881,0.13906653426017876,10.453287601824064,False,Anstieg,True
Peru,PER,2022,AMR,60.0,34845.0,28958.0,451.0,60.0,2471.0,1274.0,1406.0,Peru,AMR,28339.0,16787.0,4173.0,4583.0,Peru,AMR,12331.0,992.0,12331.0,653.0,2264.0,425.0,2264.0,319.0,Peru,AMR,25175.0,21228.0,356.0,1608.0,1537.0,84.0,1.0,0.8310518008322572,0.07091404792653179,0.5690004046944557,0.0804476522585354,0.05295596464195929,0.8432174776564052,0.06387288977159881,0.13906653426017876,False,False,False,31686.0,0.08508081475695488,0.05403195370486854,85.0,28068.0,0.8451617500356278,0.07246686618212911,0.1437223884851076,11.810579060658457,False,Anstieg,True
Peru,PER,2023,AMR,1.0,44408.0,37146.0,631.0,1.0,3360.0,1457.0,1963.0,Peru,AMR,31686.0,19604.0,3817.0,5032.0,Peru,AMR,16643.0,1416.0,15898.0,859.0,3313.0,758.0,3156.0,524.0,Peru,AMR,28068.0,23722.0,83.0,2034.0,1917.0,85.0,1.0,0.8364709061430373,0.07566204287515763,0.5842261904761905,0.08508081475695488,0.05403195370486854,0.8451617500356278,0.07246686618212911,0.1437223884851076,False,False,False,30510.0,0.06289513843470677,0.06272401433691756,,,,,,-3.711418291990153,False,Rückgang,True
Peru,PER,2024,AMR,1.0,44533.0,38845.0,563.0,1.0,5448.0,1803.0,,Peru,AMR,30510.0,19956.0,2234.0,5033.0,Peru,AMR,18348.0,1154.0,11160.0,700.0,4602.0,1000.0,3232.0,728.0,,,,,,,,,,0.8722744930725529,0.12233624503177419,,0.06289513843470677,0.06272401433691756,,,,False,False,False,,,,,,,,,,False,,True
Philippines,PHL,2024,WPR,1.0,165430.0,125060.0,3220.0,1.0,77195.0,12715.0,,Philippines,WPR,544948.0,211902.0,251688.0,8938.0,Philippines,WPR,166944.0,3899.0,576.0,212.0,25575.0,3599.0,470.0,275.0,,,,,,,,,,0.7559692921477362,0.4666324125007556,,0.023355137051945564,0.3680555555555556,,,,False,False,False,,,,,,,,,,False,,False
Palau,PLW,2019,WPR,60.0,40.0,27.0,,60.0,10.0,2.0,10.0,Palau,WPR,6.0,6.0,0.0,0.0,Palau,WPR,6.0,0.0,6.0,0.0,0.0,0.0,0.0,0.0,Palau,WPR,6.0,6.0,0.0,0.0,0.0,100.0,1.0,0.675,0.25,1.0,0.0,0.0,1.0,0.0,0.0,False,False,True,10.0,0.0,0.0,90.0,10.0,0.9,0.0,0.1,66.66666666666666,True,Anstieg,False
Palau,PLW,2020,WPR,60.0,78.0,74.0,,60.0,18.0,4.0,18.0,Palau,WPR,10.0,8.0,1.0,0.0,Palau,WPR,8.0,0.0,8.0,0.0,1.0,0.0,1.0,0.0,Palau,WPR,10.0,9.0,1.0,0.0,0.0,90.0,1.0,0.9487179487179487,0.23076923076923078,1.0,0.0,0.0,0.9,0.0,0.1,False,False,True,8.0,0.0,0.0,100.0,8.0,1.0,0.0,0.0,-20.0,False,Rückgang,False
Palau,PLW,2021,WPR,60.0,26.0,19.0,,60.0,3.0,0.0,3.0,Palau,WPR,8.0,6.0,1.0,1.0,Palau,WPR,6.0,0.0,2.0,0.0,0.0,0.0,0.0,0.0,Palau,WPR,8.0,8.0,0.0,0.0,0.0,100.0,1.0,0.7307692307692307,0.11538461538461539,1.0,0.0,0.0,1.0,0.0,0.0,False,False,True,7.0,0.0,0.0,71.0,7.0,0.7142857142857143,0.2857142857142857,0.2857142857142857,-12.5,True,Rückgang,False
Palau,PLW,2022,WPR,60.0,28.0,17.0,0.0,60.0,7.0,3.0,7.0,Palau,WPR,7.0,7.0,0.0,0.0,Palau,WPR,7.0,0.0,7.0,0.0,0.0,0.0,0.0,0.0,Palau,WPR,7.0,5.0,0.0,2.0,0.0,71.0,1.0,0.6071428571428571,0.25,1.0,0.0,0.0,0.7142857142857143,0.2857142857142857,0.2857142857142857,False,False,True,15.0,0.0,0.0,93.0,15.0,0.9333333333333333,0.06666666666666667,0.06666666666666667,114.28571428571428,True,Anstieg,False
Palau,PLW,2023,WPR,1.0,85.0,73.0,0.0,1.0,27.0,3.0,27.0,Palau,WPR,15.0,13.0,2.0,0.0,Palau,WPR,13.0,0.0,13.0,0.0,0.0,0.0,0.0,0.0,Palau,WPR,15.0,14.0,0.0,1.0,0.0,93.0,1.0,0.8588235294117647,0.3176470588235294,1.0,0.0,0.0,0.9333333333333333,0.06666666666666667,0.06666666666666667,False,False,True,5.0,0.0,0.0,,,,,,-66.66666666666666,False,Rückgang,False
Palau,PLW,2024,WPR,1.0,11.0,10.0,0.0,1.0,4.0,1.0,,Palau,WPR,5.0,3.0,2.0,0.0,Palau,WPR,3.0,0.0,3.0,0.0,0.0,0.0,0.0,0.0,,,,,,,,,,0.9090909090909091,0.36363636363636365,,0.0,0.0,,,,False,False,False,,,,,,,,,,True,,False
Papua New Guinea,PNG,2019,WPR,60.0,5485.0,4871.0,,60.0,1485.0,1249.0,,Papua New Guinea,WPR,30671.0,5703.0,10481.0,13362.0,Papua New Guinea,WPR,,,,,,,,,Papua New Guinea,WPR,29193.0,20841.0,233.0,943.0,3893.0,71.0,1.0,0.8880583409298086,0.2707383773928897,,,,0.7139040180865276,0.032302264241427736,0.17363751584283904,False,False,False,28227.0,,,74.0,27141.0,0.7354924284293136,0.03323385284256291,0.17324343244537785,-7.968439242280982,False,Rückgang,False
Papua New Guinea,PNG,2020,WPR,60.0,4105.0,3381.0,,60.0,1393.0,884.0,,Papua New Guinea,WPR,28227.0,5973.0,8381.0,12679.0,Papua New Guinea,WPR,,,,,,,,,Papua New Guinea,WPR,27141.0,19962.0,197.0,902.0,3603.0,74.0,1.0,0.8236297198538368,0.33934226552984165,,,,0.7354924284293136,0.03323385284256291,0.17324343244537785,False,False,False,28873.0,,,73.0,28244.0,0.7330760515507718,0.03250247840249256,0.13705565783883303,2.288588939667694,False,Anstieg,False
Papua New Guinea,PNG,2021,WPR,60.0,3167.0,1109.0,,60.0,1135.0,865.0,,Papua New Guinea,WPR,28873.0,5252.0,9271.0,13241.0,Papua New Guinea,WPR,,,,,,,,,Papua New Guinea,WPR,28244.0,20705.0,247.0,918.0,2706.0,73.0,1.0,0.3501736659299021,0.3583833280707294,,,,0.7330760515507718,0.03250247840249256,0.13705565783883303,False,False,False,,,,,,,,,,False,,False
Papua New Guinea,PNG,2023,WPR,1.0,5068.0,4150.0,,1.0,1741.0,1170.0,,Papua New Guinea,WPR,40869.0,9149.0,11993.0,17904.0,Papua New Guinea,WPR,9140.0,451.0,451.0,451.0,1089.0,56.0,56.0,56.0,Papua New Guinea,WPR,41840.0,30801.0,473.0,1152.0,7074.0,74.0,1.0,0.818863456985004,0.3435280189423836,,0.049343544857768054,,0.7361615678776291,0.027533460803059275,0.20791108986615678,False,False,False,44737.0,0.06152125279642058,,,,,,,9.464386209596515,False,Anstieg,False
Papua New Guinea,PNG,2024,WPR,1.0,8652.0,6537.0,,1.0,1960.0,855.0,,Papua New Guinea,WPR,44737.0,10761.0,13034.0,18862.0,Papua New Guinea,WPR,10728.0,660.0,,,2836.0,113.0,,,,,,,,,,,,0.7555478502080444,0.22653721682847897,,0.06152125279642058,,,,,False,False,False,,,,,,,,,,False,,False
Puerto Rico,PRI,2019,AMR,60.0,174.0,98.0,,60.0,24.0,2.0,16.0,Puerto Rico,AMR,36.0,31.0,2.0,3.0,Puerto Rico,AMR,30.0,3.0,30.0,3.0,0.0,0.0,0.0,0.0,Puerto Rico,AMR,36.0,30.0,0.0,5.0,0.0,83.0,1.0,0.5632183908045977,0.13793103448275862,0.6666666666666666,0.1,0.1,0.8333333333333334,0.1388888888888889,0.1388888888888889,False,False,False,27.0,0.09090909090909091,0.09090909090909091,74.0,27.0,0.7407407407407407,0.18518518518518517,0.25925925925925924,-25.0,False,Rückgang,False
Puerto Rico,PRI,2020,AMR,60.0,152.0,113.0,,60.0,19.0,2.0,17.0,Puerto Rico,AMR,27.0,23.0,3.0,1.0,Puerto Rico,AMR,22.0,2.0,22.0,2.0,0.0,0.0,0.0,0.0,Puerto Rico,AMR,27.0,20.0,0.0,5.0,2.0,74.0,1.0,0.743421052631579,0.125,0.8947368421052632,0.09090909090909091,0.09090909090909091,0.7407407407407407,0.18518518518518517,0.25925925925925924,False,False,False,17.0,0.0,0.0,82.0,17.0,0.8235294117647058,0.058823529411764705,0.17647058823529413,-37.03703703703704,False,Rückgang,False
Puerto Rico,PRI,2021,AMR,60.0,129.0,59.0,,60.0,6.0,0.0,4.0,Puerto Rico,AMR,17.0,15.0,2.0,0.0,Puerto Rico,AMR,14.0,0.0,14.0,0.0,1.0,1.0,1.0,0.0,Puerto Rico,AMR,17.0,14.0,0.0,1.0,2.0,82.0,1.0,0.4573643410852713,0.046511627906976744,0.6666666666666666,0.0,0.0,0.8235294117647058,0.058823529411764705,0.17647058823529413,False,False,False,21.0,0.0,0.0,81.0,21.0,0.8095238095238095,0.19047619047619047,0.19047619047619047,23.52941176470588,False,Anstieg,False
Puerto Rico,PRI,2022,AMR,60.0,70.0,29.0,0.0,60.0,5.0,1.0,4.0,Puerto Rico,AMR,21.0,19.0,0.0,2.0,Puerto Rico,AMR,19.0,0.0,19.0,0.0,0.0,0.0,0.0,0.0,Puerto Rico,AMR,21.0,17.0,0.0,4.0,0.0,81.0,1.0,0.4142857142857143,0.07142857142857142,0.8,0.0,0.0,0.8095238095238095,0.19047619047619047,0.19047619047619047,False,False,False,20.0,0.0,0.0,,,,,,-4.761904761904762,False,Rückgang,False
Puerto Rico,PRI,2023,AMR,1.0,148.0,129.0,0.0,1.0,12.0,2.0,,Puerto Rico,AMR,20.0,15.0,1.0,4.0,Puerto Rico,AMR,14.0,0.0,14.0,0.0,1.0,1.0,1.0,1.0,Puerto Rico,AMR,,,,,,,,0.8716216216216216,0.08108108108108109,,0.0,0.0,,,,False,False,False,,,,,,,,,,False,,False
Democratic People's Republic of Korea,PRK,2019,SEA,60.0,123314.0,14232.0,,60.0,14090.0,14090.0,14090.0,Democratic People's Republic of Korea,SEA,95722.0,30496.0,38643.0,18407.0,Democratic People's Republic of Korea,SEA,0.0,0.0,0.0,0.0,3204.0,2354.0,0.0,0.0,Democratic People's Republic of Korea,SEA,95722.0,80214.0,6482.0,3472.0,4387.0,84.0,1.0,0.1154126863129896,0.1142611544512383,1.0,,,0.8379891769917052,0.036271703474645325,0.14981926829777897,False,False,True,89640.0,,,87.0,89640.0,0.8698348951360999,0.0320615796519411,0.11997991967871485,-6.353816259585049,False,Rückgang,True
Democratic People's Republic of Korea,PRK,2020,SEA,60.0,99378.0,6829.0,,60.0,6761.0,6761.0,6761.0,Democratic People's Republic of Korea,SEA,89640.0,24129.0,42023.0,17305.0,Democratic People's Republic of Korea,SEA,0.0,0.0,0.0,0.0,3061.0,1902.0,,,Democratic People's Republic of Korea,SEA,89640.0,77972.0,4644.0,2874.0,3237.0,87.0,1.0,0.06871742236712351,0.06803316629435087,1.0,,,0.8698348951360999,0.0320615796519411,0.11997991967871485,False,False,True,87413.0,,,88.0,87413.0,0.8805555237779278,0.03189456945763216,0.10830196881470719,-2.4843819723337797,False,Rückgang,True
Democratic People's Republic of Korea,PRK,2021,SEA,60.0,93041.0,7563.0,,60.0,7488.0,7488.0,6732.0,Democratic People's Republic of Korea,SEA,87413.0,26269.0,36645.0,17539.0,Democratic People's Republic of Korea,SEA,0.0,0.0,,,477.0,270.0,,,Democratic People's Republic of Korea,SEA,87413.0,76972.0,4092.0,2788.0,2587.0,88.0,1.0,0.08128674455347643,0.08048064831633366,0.8990384615384616,,,0.8805555237779278,0.03189456945763216,0.10830196881470719,False,False,False,81776.0,,,87.0,81776.0,0.8735448053218549,0.03108491488945412,0.11569409117589513,-6.4486975621475064,False,Rückgang,True
Democratic People's Republic of Korea,PRK,2022,SEA,60.0,82955.0,6800.0,68.0,60.0,6732.0,6732.0,5421.0,Democratic People's Republic of Korea,SEA,81776.0,25301.0,35079.0,17070.0,Democratic People's Republic of Korea,SEA,0.0,0.0,,,308.0,168.0,,,Democratic People's Republic of Korea,SEA,81776.0,71435.0,4235.0,2542.0,2684.0,87.0,1.0,0.08197215357724068,0.08115243204146827,0.8052584670231729,,,0.8735448053218549,0.03108491488945412,0.11569409117589513,False,False,False,78359.0,,,88.0,78359.0,0.8760959175078804,0.030156076519608468,0.11268648145075869,-4.178487575816866,False,Rückgang,True
Democratic People's Republic of Korea,PRK,2023,SEA,1.0,66802.0,5476.0,55.0,1.0,5421.0,5421.0,5421.0,Democratic People's Republic of Korea,SEA,78359.0,19645.0,38212.0,16289.0,Democratic People's Republic of Korea,SEA,0.0,0.0,,,421.0,257.0,,,Democratic People's Republic of Korea,SEA,78359.0,68650.0,4044.0,2363.0,2423.0,88.0,1.0,0.08197359360498188,0.08115026496212688,1.0,,,0.8760959175078804,0.030156076519608468,0.11268648145075869,False,False,True,71277.0,,,,,,,,-9.037889712732424,False,Rückgang,True
Democratic People's Republic of Korea,PRK,2024,SEA,1.0,59987.0,59987.0,605.0,1.0,4828.0,4828.0,,Democratic People's Republic of Korea,SEA,71277.0,17298.0,35943.0,13910.0,Democratic People's Republic of Korea,SEA,0.0,0.0,,,412.0,282.0,,,,,,,,,,,,1.0,0.0804841048893927,,,,,,,True,False,False,,,,,,,,,,False,,True
Portugal,PRT,2019,EUR,60.0,4314.0,3109.0,,60.0,2028.0,72.0,1654.0,Portugal,EUR,1720.0,1020.0,193.0,431.0,Portugal,EUR,465.0,5.0,465.0,3.0,39.0,4.0,39.0,2.0,Portugal,EUR,1859.0,1327.0,2.0,107.0,68.0,71.0,1.0,0.720676866017617,0.47009735744089015,0.8155818540433925,0.010752688172043012,0.0064516129032258064,0.71382463690156,0.05755782678859602,0.09521247982786445,False,False,False,1402.0,0.009111617312072893,0.00683371298405467,73.0,1461.0,0.7337440109514032,0.06365503080082136,0.10472279260780287,-18.488372093023255,False,Rückgang,True
Portugal,PRT,2020,EUR,60.0,2118.0,1495.0,,60.0,1368.0,57.0,1185.0,Portugal,EUR,1402.0,833.0,108.0,410.0,Portugal,EUR,439.0,4.0,439.0,3.0,28.0,3.0,28.0,3.0,Portugal,EUR,1461.0,1072.0,1.0,93.0,59.0,73.0,1.0,0.7058545797922569,0.6458923512747875,0.8662280701754386,0.009111617312072893,0.00683371298405467,0.7337440109514032,0.06365503080082136,0.10472279260780287,False,False,False,1463.0,0.01037344398340249,0.008298755186721992,68.0,1480.0,0.6777027027027027,0.05337837837837838,0.10202702702702703,4.3509272467903,False,Anstieg,True
Portugal,PRT,2021,EUR,60.0,2673.0,1931.0,,60.0,1143.0,63.0,905.0,Portugal,EUR,1463.0,884.0,133.0,395.0,Portugal,EUR,482.0,5.0,482.0,4.0,34.0,3.0,34.0,3.0,Portugal,EUR,1480.0,1003.0,2.0,79.0,70.0,68.0,1.0,0.7224092779648336,0.4276094276094276,0.7917760279965005,0.01037344398340249,0.008298755186721992,0.6777027027027027,0.05337837837837838,0.10202702702702703,False,False,False,1476.0,0.01646090534979424,0.01440329218106996,64.0,1523.0,0.6434668417596848,0.05909389363099146,0.13000656598818122,0.888585099111415,False,Anstieg,True
Portugal,PRT,2022,EUR,60.0,1744.0,1397.0,68.0,60.0,1176.0,54.0,910.0,Portugal,EUR,1476.0,879.0,141.0,398.0,Portugal,EUR,486.0,8.0,486.0,7.0,23.0,2.0,23.0,2.0,Portugal,EUR,1523.0,980.0,2.0,90.0,106.0,64.0,1.0,0.8010321100917431,0.6743119266055045,0.7738095238095238,0.01646090534979424,0.01440329218106996,0.6434668417596848,0.05909389363099146,0.13000656598818122,False,False,False,1501.0,0.023752969121140142,0.023752969121140142,61.0,1524.0,0.610236220472441,0.047900262467191604,0.10695538057742782,1.6937669376693765,False,Anstieg,True
Portugal,PRT,2023,EUR,1.0,3044.0,1938.0,51.0,1.0,1589.0,69.0,1215.0,Portugal,EUR,1501.0,867.0,161.0,430.0,Portugal,EUR,421.0,10.0,421.0,10.0,31.0,2.0,31.0,2.0,Portugal,EUR,1524.0,930.0,1.0,73.0,89.0,61.0,1.0,0.6366622864651774,0.5220105124835742,0.7646318439269981,0.023752969121140142,0.023752969121140142,0.610236220472441,0.047900262467191604,0.10695538057742782,False,False,False,1356.0,0.05128205128205128,0.04487179487179487,,,,,,-9.66022651565623,False,Rückgang,True
Portugal,PRT,2024,EUR,1.0,2782.0,1518.0,59.0,1.0,1558.0,50.0,,Portugal,EUR,1356.0,794.0,133.0,384.0,Portugal,EUR,312.0,16.0,312.0,14.0,30.0,3.0,30.0,3.0,,,,,,,,,,0.5456506110711719,0.5600287562904386,,0.05128205128205128,0.04487179487179487,,,,False,False,False,,,,,,,,,,False,,True
Paraguay,PRY,2019,AMR,60.0,4079.0,2333.0,,60.0,222.0,206.0,187.0,Paraguay,AMR,2834.0,1753.0,570.0,315.0,Paraguay,AMR,819.0,2.0,574.0,0.0,241.0,5.0,138.0,2.0,Paraguay,AMR,2812.0,1887.0,17.0,266.0,528.0,67.0,1.0,0.5719539102721255,0.05442510419220397,0.8423423423423423,0.002442002442002442,0.0,0.6710526315789473,0.0945945945945946,0.2884068278805121,False,False,False,2363.0,0.00390625,0.0,68.0,2335.0,0.6835117773019272,0.11991434689507495,0.30149892933618844,-16.619618913196895,False,Rückgang,True
Paraguay,PRY,2020,AMR,60.0,2811.0,2726.0,,60.0,171.0,89.0,,Paraguay,AMR,2363.0,1360.0,579.0,245.0,Paraguay,AMR,768.0,3.0,768.0,0.0,210.0,7.0,210.0,2.0,Paraguay,AMR,2335.0,1596.0,19.0,280.0,405.0,68.0,1.0,0.9697616506581288,0.060832443970117396,,0.00390625,0.0,0.6835117773019272,0.11991434689507495,0.30149892933618844,False,False,False,2734.0,0.005491153142159854,0.0006101281269066504,67.0,2698.0,0.6671608598962194,0.11378799110452187,0.2857672349888806,15.70038087177317,False,Anstieg,True
Paraguay,PRY,2021,AMR,60.0,3182.0,3175.0,,60.0,417.0,75.0,,Paraguay,AMR,2734.0,1768.0,503.0,245.0,Paraguay,AMR,1639.0,9.0,1639.0,1.0,373.0,10.0,373.0,1.0,Paraguay,AMR,2698.0,1800.0,11.0,307.0,453.0,67.0,1.0,0.9978001257071024,0.13104965430546825,,0.005491153142159854,0.0006101281269066504,0.6671608598962194,0.11378799110452187,0.2857672349888806,False,False,False,3250.0,0.0023054755043227667,0.0,73.0,3049.0,0.725811741554608,0.09248934076746475,0.2505739586749754,18.873445501097294,False,Anstieg,True
Paraguay,PRY,2022,AMR,60.0,3480.0,3251.0,194.0,60.0,494.0,61.0,,Paraguay,AMR,3250.0,2051.0,584.0,273.0,Paraguay,AMR,1735.0,4.0,741.0,0.0,472.0,2.0,225.0,2.0,Paraguay,AMR,3049.0,2213.0,18.0,282.0,464.0,73.0,1.0,0.9341954022988506,0.14195402298850573,,0.0023054755043227667,0.0,0.725811741554608,0.09248934076746475,0.2505739586749754,False,False,False,3719.0,0.005216484089723527,0.0005216484089723526,70.0,3457.0,0.6982933179056986,0.08533410471507087,0.2606306045704368,14.430769230769231,False,Anstieg,True
Paraguay,PRY,2023,AMR,1.0,4654.0,4654.0,170.0,1.0,795.0,101.0,75.0,Paraguay,AMR,3719.0,2242.0,689.0,312.0,Paraguay,AMR,1917.0,10.0,1917.0,1.0,625.0,13.0,624.0,2.0,Paraguay,AMR,3457.0,2414.0,29.0,295.0,577.0,70.0,1.0,1.0,0.17082079931241942,0.09433962264150944,0.005216484089723527,0.0005216484089723526,0.6982933179056986,0.08533410471507087,0.2606306045704368,True,False,False,4054.0,0.0021333333333333334,0.0005333333333333334,,,,,,9.00779779510621,False,Anstieg,True
Paraguay,PRY,2024,AMR,1.0,5195.0,4087.0,341.0,1.0,1252.0,74.0,,Paraguay,AMR,4054.0,2555.0,660.0,322.0,Paraguay,AMR,1875.0,4.0,1875.0,1.0,602.0,11.0,602.0,2.0,,,,,,,,,,0.7867179980750721,0.2410009624639076,,0.0021333333333333334,0.0005333333333333334,,,,False,False,False,,,,,,,,,,False,,True
"occupied Palestinian territory, including east Jerusalem",PSE,2019,EMR,60.0,170.0,170.0,,60.0,170.0,4.0,16.0,"occupied Palestinian territory, including east Jerusalem",EMR,21.0,10.0,0.0,8.0,"occupied Palestinian territory, including east Jerusalem",EMR,0.0,0.0,0.0,0.0,0.0,0.0,0.0,0.0,"occupied Palestinian territory, including east Jerusalem",EMR,21.0,18.0,1.0,2.0,0.0,86.0,1.0,1.0,1.0,0.09411764705882353,,,0.8571428571428571,0.09523809523809523,0.14285714285714285,True,True,False,26.0,0.0,0.0,92.0,26.0,0.9230769230769231,0.0,0.07692307692307693,23.809523809523807,False,Anstieg,True
"occupied Palestinian territory, including east Jerusalem",PSE,2020,EMR,60.0,60.0,60.0,,60.0,5.0,2.0,4.0,"occupied Palestinian territory, including east Jerusalem",EMR,26.0,13.0,2.0,11.0,"occupied Palestinian territory, including east Jerusalem",EMR,13.0,0.0,13.0,0.0,0.0,0.0,0.0,0.0,"occupied Palestinian territory, including east Jerusalem",EMR,26.0,24.0,2.0,0.0,0.0,92.0,1.0,1.0,0.08333333333333333,0.8,0.0,0.0,0.9230769230769231,0.0,0.07692307692307693,True,False,False,25.0,,,92.0,25.0,0.92,0.08,0.08,-3.8461538461538463,False,Rückgang,True
"occupied Palestinian territory, including east Jerusalem",PSE,2021,EMR,60.0,4.0,4.0,,60.0,4.0,4.0,4.0,"occupied Palestinian territory, including east Jerusalem",EMR,25.0,15.0,1.0,9.0,"occupied Palestinian territory, including east Jerusalem",EMR,0.0,0.0,0.0,0.0,,,0.0,0.0,"occupied Palestinian territory, including east Jerusalem",EMR,25.0,23.0,0.0,2.0,0.0,92.0,0.0,1.0,1.0,1.0,,,0.92,0.08,0.08,True,True,True,21.0,,,86.0,21.0,0.8571428571428571,0.047619047619047616,0.09523809523809523,-16.0,False,Rückgang,True
"occupied Palestinian territory, including east Jerusalem",PSE,2022,EMR,60.0,77.0,77.0,0.0,60.0,18.0,1.0,,"occupied Palestinian territory, including east Jerusalem",EMR,21.0,15.0,0.0,6.0,"occupied Palestinian territory, including east Jerusalem",EMR,0.0,0.0,0.0,0.0,0.0,0.0,0.0,0.0,"occupied Palestinian territory, including east Jerusalem",EMR,21.0,18.0,1.0,1.0,0.0,86.0,0.0,1.0,0.23376623376623376,,,,0.8571428571428571,0.047619047619047616,0.09523809523809523,True,False,False,15.0,,,100.0,15.0,1.0,0.0,0.0,-28.57142857142857,False,Rückgang,True
"occupied Palestinian territory, including east Jerusalem",PSE,2023,EMR,1.0,23.0,23.0,0.0,1.0,,,18.0,"occupied Palestinian territory, including east Jerusalem",EMR,15.0,12.0,0.0,3.0,"occupied Palestinian territory, including east Jerusalem",EMR,,,,,,,,,"occupied Palestinian territory, including east Jerusalem",EMR,15.0,15.0,0.0,0.0,0.0,100.0,1.0,1.0,,,,,1.0,0.0,0.0,True,False,False,11.0,,,,,,,,-26.666666666666668,False,Rückgang,True
"occupied Palestinian territory, including east Jerusalem",PSE,2024,EMR,1.0,15.0,15.0,0.0,1.0,5.0,3.0,,"occupied Palestinian territory, including east Jerusalem",EMR,11.0,6.0,0.0,5.0,"occupied Palestinian territory, including east Jerusalem",EMR,0.0,0.0,0.0,0.0,0.0,0.0,0.0,0.0,,,,,,,,,,1.0,0.3333333333333333,,,,,,,True,False,False,,,,,,,,,,False,,True
French Polynesia,PYF,2021,WPR,60.0,691.0,664.0,,60.0,36.0,13.0,,French Polynesia,WPR,34.0,32.0,0.0,2.0,French Polynesia,WPR,32.0,5.0,,,3.0,1.0,,,French Polynesia,WPR,,,,,,,,0.9609261939218524,0.05209840810419682,,0.15625,,,,,False,False,False,55.0,0.05555555555555555,,78.0,54.0,0.7777777777777778,0.12962962962962962,0.2037037037037037,61.76470588235294,False,Anstieg,False
French Polynesia,PYF,2022,WPR,60.0,629.0,579.0,6.0,60.0,49.0,5.0,47.0,French Polynesia,WPR,55.0,37.0,0.0,12.0,French Polynesia,WPR,36.0,2.0,,,3.0,0.0,,,French Polynesia,WPR,54.0,42.0,1.0,7.0,3.0,78.0,1.0,0.9205087440381559,0.07790143084260731,0.9591836734693877,0.05555555555555555,,0.7777777777777778,0.12962962962962962,0.2037037037037037,False,False,False,35.0,0.13636363636363635,,,,,,,-36.36363636363637,False,Rückgang,False
French Polynesia,PYF,2023,WPR,1.0,420.0,413.0,48.0,1.0,20.0,0.0,,French Polynesia,WPR,35.0,22.0,0.0,9.0,French Polynesia,WPR,22.0,3.0,,,3.0,0.0,,,French Polynesia,WPR,,,,,,,,0.9833333333333333,0.047619047619047616,,0.13636363636363635,,,,,False,False,False,,,,,,,,,,False,,False
Qatar,QAT,2019,EMR,60.0,6202.0,6202.0,,60.0,907.0,0.0,,Qatar,EMR,859.0,435.0,12.0,408.0,Qatar,EMR,223.0,7.0,223.0,7.0,0.0,0.0,0.0,0.0,Qatar,EMR,850.0,621.0,1.0,2.0,18.0,73.0,1.0,1.0,0.14624314737181554,,0.03139013452914798,0.03139013452914798,0.7305882352941176,0.002352941176470588,0.024705882352941175,True,False,False,861.0,0.02406417112299465,0.0213903743315508,77.0,852.0,0.7746478873239436,0.005868544600938967,0.051643192488262914,0.23282887077997672,False,Anstieg,False
Qatar,QAT,2020,EMR,60.0,1820.0,1820.0,,60.0,275.0,27.0,,Qatar,EMR,861.0,375.0,24.0,456.0,Qatar,EMR,374.0,9.0,374.0,8.0,3.0,1.0,3.0,1.0,Qatar,EMR,852.0,660.0,4.0,5.0,35.0,77.0,1.0,1.0,0.1510989010989011,,0.02406417112299465,0.0213903743315508,0.7746478873239436,0.005868544600938967,0.051643192488262914,True,False,False,983.0,0.012165450121654502,0.012165450121654502,75.0,983.0,0.7466937945066124,0.021363173957273652,0.12309257375381485,14.169570267131244,False,Anstieg,False
Qatar,QAT,2021,EMR,60.0,1667.0,1667.0,,60.0,224.0,22.0,,Qatar,EMR,983.0,411.0,30.0,542.0,Qatar,EMR,411.0,5.0,411.0,5.0,0.0,0.0,,,Qatar,EMR,983.0,734.0,5.0,21.0,95.0,75.0,0.0,1.0,0.13437312537492502,,0.012165450121654502,0.012165450121654502,0.7466937945066124,0.021363173957273652,0.12309257375381485,True,False,False,872.0,0.032520325203252036,0.02981029810298103,77.0,860.0,0.7709302325581395,0.010465116279069767,0.11627906976744186,-11.291963377416073,False,Rückgang,False
Qatar,QAT,2022,EMR,60.0,2237.0,2237.0,300.0,60.0,243.0,3.0,,Qatar,EMR,872.0,369.0,35.0,468.0,Qatar,EMR,369.0,12.0,369.0,11.0,0.0,0.0,,,Qatar,EMR,860.0,663.0,0.0,9.0,91.0,77.0,1.0,1.0,0.1086276262852034,,0.032520325203252036,0.02981029810298103,0.7709302325581395,0.010465116279069767,0.11627906976744186,True,False,False,,,,,,,,,,False,,False
Romania,ROU,2019,EUR,60.0,8295.0,8295.0,,60.0,8046.0,3589.0,8046.0,Romania,EUR,11083.0,6601.0,1265.0,1476.0,Romania,EUR,5890.0,156.0,5764.0,113.0,1702.0,218.0,1678.0,189.0,Romania,EUR,10812.0,9051.0,168.0,1016.0,497.0,84.0,1.0,1.0,0.9699819168173599,1.0,0.026485568760611207,0.01960444136016655,0.8371254162042175,0.09396966333703292,0.15547539770625232,True,False,True,7193.0,0.023552230534774177,0.01809073197884776,82.0,7017.0,0.8161607524583155,0.11229870314949408,0.17429100755308535,-35.09879996390869,False,Rückgang,False
Romania,ROU,2020,EUR,60.0,5425.0,5425.0,,60.0,5262.0,2368.0,5157.0,Romania,EUR,7193.0,4300.0,738.0,981.0,Romania,EUR,3609.0,85.0,3593.0,65.0,1195.0,159.0,1189.0,138.0,Romania,EUR,7017.0,5727.0,126.0,788.0,309.0,82.0,1.0,1.0,0.9699539170506912,0.9800456100342075,0.023552230534774177,0.01809073197884776,0.8161607524583155,0.11229870314949408,0.17429100755308535,True,False,False,7591.0,0.026339899221255153,0.019702066314271984,81.0,7396.0,0.8121957815035155,0.1233098972417523,0.1796917252568956,5.533157236201863,False,Anstieg,False
Romania,ROU,2021,EUR,60.0,7591.0,7591.0,,60.0,4273.0,850.0,4230.0,Romania,EUR,7591.0,4893.0,564.0,945.0,Romania,EUR,4366.0,115.0,4162.0,82.0,1245.0,142.0,1158.0,108.0,Romania,EUR,7396.0,6007.0,160.0,912.0,257.0,81.0,1.0,1.0,0.5629034382821763,0.9899368125438802,0.026339899221255153,0.019702066314271984,0.8121957815035155,0.1233098972417523,0.1796917252568956,True,False,False,,,,,,,,,,False,,False
Rwanda,RWA,2019,AFR,60.0,14064.0,13682.0,,60.0,1303.0,1303.0,,Rwanda,AFR,5766.0,3767.0,683.0,908.0,Rwanda,AFR,3480.0,75.0,,20.0,366.0,26.0,,5.0,Rwanda,AFR,5633.0,4928.0,67.0,428.0,130.0,87.0,1.0,0.9728384527872582,0.09264789533560865,,0.021551724137931036,,0.8748446653648145,0.07598082726788567,0.11095331084679567,False,False,False,5511.0,0.009767092411720512,,89.0,5562.0,0.8888888888888888,0.07389428263214672,0.1021215390147429,-4.422476586888657,False,Rückgang,True
Rwanda,RWA,2020,AFR,60.0,16883.0,16238.0,,60.0,1352.0,1352.0,989.0,Rwanda,AFR,5511.0,3667.0,574.0,883.0,Rwanda,AFR,2662.0,26.0,,,273.0,14.0,,,Rwanda,AFR,5562.0,4944.0,32.0,411.0,125.0,89.0,1.0,0.9617958893561571,0.08008055440383818,0.731508875739645,0.009767092411720512,,0.8888888888888888,0.07389428263214672,0.1021215390147429,False,False,False,5216.0,0.007766990291262136,,87.0,5190.0,0.8707129094412331,0.08998073217726398,0.11888246628131022,-5.352930502631102,False,Rückgang,True
Rwanda,RWA,2021,AFR,60.0,19996.0,18048.0,,60.0,1125.0,1006.0,949.0,Rwanda,AFR,5216.0,3399.0,528.0,908.0,Rwanda,AFR,3090.0,24.0,,,299.0,10.0,,,Rwanda,AFR,5190.0,4519.0,43.0,467.0,107.0,87.0,1.0,0.9025805161032207,0.05626125225045009,0.8435555555555555,0.007766990291262136,,0.8707129094412331,0.08998073217726398,0.11888246628131022,False,False,False,6986.0,0.01112797167425392,,89.0,6932.0,0.8899307559145989,0.0654933641084824,0.10213502596653203,33.9340490797546,False,Anstieg,True
Rwanda,RWA,2022,AFR,60.0,10883.0,10685.0,372.0,60.0,2356.0,1166.0,2280.0,Rwanda,AFR,6986.0,4587.0,663.0,1229.0,Rwanda,AFR,3954.0,44.0,,,466.0,17.0,,,Rwanda,AFR,6932.0,6169.0,52.0,454.0,202.0,89.0,1.0,0.9818064871818433,0.21648442525039052,0.967741935483871,0.01112797167425392,,0.8899307559145989,0.0654933641084824,0.10213502596653203,False,False,False,9312.0,0.012088297126839523,,90.0,9233.0,0.9027401711253114,0.05317881511967941,0.08989494205566988,33.29516175207558,False,Anstieg,True
Rwanda,RWA,2023,AFR,1.0,14098.0,13203.0,245.0,1.0,3374.0,1332.0,3324.0,Rwanda,AFR,9312.0,5954.0,1209.0,1480.0,Rwanda,AFR,5708.0,69.0,,,662.0,23.0,,,Rwanda,AFR,9233.0,8335.0,53.0,491.0,286.0,90.0,1.0,0.9365158178465031,0.23932472691161866,0.9851807943094251,0.012088297126839523,,0.9027401711253114,0.05317881511967941,0.08989494205566988,False,False,False,8464.0,0.01024247491638796,,,,,,,-9.106529209621993,False,Rückgang,True
Rwanda,RWA,2024,AFR,1.0,12665.0,11073.0,244.0,1.0,2622.0,1209.0,,Rwanda,AFR,8464.0,5054.0,1562.0,1106.0,Rwanda,AFR,4784.0,49.0,,,688.0,19.0,,,,,,,,,,,,0.8742992499013028,0.20702724042637188,,0.01024247491638796,,,,,False,False,False,,,,,,,,,,False,,True
Saudi Arabia,SAU,2019,EMR,60.0,8244.0,8206.0,,60.0,1153.0,83.0,1153.0,Saudi Arabia,EMR,2936.0,1962.0,169.0,719.0,Saudi Arabia,EMR,806.0,13.0,701.0,7.0,69.0,6.0,58.0,1.0,Saudi Arabia,EMR,2936.0,2644.0,12.0,181.0,0.0,90.0,1.0,0.9953905870936438,0.13985929160601648,1.0,0.016129032258064516,0.009985734664764621,0.9005449591280654,0.06164850136239782,0.06573569482288828,False,False,True,2448.0,0.03220338983050847,0.015180265654648957,90.0,2448.0,0.8954248366013072,0.08088235294117647,0.08537581699346405,-16.62125340599455,False,Rückgang,True
Saudi Arabia,SAU,2020,EMR,60.0,8093.0,7996.0,,60.0,1561.0,60.0,1561.0,Saudi Arabia,EMR,2448.0,1649.0,114.0,596.0,Saudi Arabia,EMR,590.0,19.0,527.0,8.0,54.0,5.0,45.0,4.0,Saudi Arabia,EMR,2448.0,2192.0,6.0,198.0,5.0,90.0,1.0,0.9880143333745212,0.19288273816878784,1.0,0.03220338983050847,0.015180265654648957,0.8954248366013072,0.08088235294117647,0.08537581699346405,False,False,True,2577.0,0.011844331641285956,0.009615384615384616,90.0,2577.0,0.8952270081490105,0.08110205665502522,0.09119130772215754,5.269607843137255,False,Anstieg,True
Saudi Arabia,SAU,2021,EMR,60.0,9200.0,9086.0,,60.0,1136.0,51.0,1136.0,Saudi Arabia,EMR,2577.0,1801.0,78.0,639.0,Saudi Arabia,EMR,591.0,7.0,520.0,5.0,30.0,7.0,28.0,2.0,Saudi Arabia,EMR,2577.0,2307.0,7.0,209.0,19.0,90.0,1.0,0.9876086956521739,0.12347826086956522,1.0,0.011844331641285956,0.009615384615384616,0.8952270081490105,0.08110205665502522,0.09119130772215754,False,False,True,2587.0,0.015161086544535692,0.010540184453227932,90.0,2587.0,0.9025898724391187,0.07962891379976807,0.09625048318515655,0.38804811796662786,False,Anstieg,True
Saudi Arabia,SAU,2022,EMR,60.0,10878.0,10309.0,309.0,60.0,1809.0,127.0,1809.0,Saudi Arabia,EMR,2587.0,1889.0,66.0,554.0,Saudi Arabia,EMR,1583.0,24.0,1518.0,16.0,49.0,3.0,49.0,0.0,Saudi Arabia,EMR,2587.0,2335.0,6.0,206.0,37.0,90.0,1.0,0.9476925905497334,0.16629895201323772,1.0,0.015161086544535692,0.010540184453227932,0.9025898724391187,0.07962891379976807,0.09625048318515655,False,False,True,2538.0,0.00824014125956445,0.0011771630370806356,92.0,2526.0,0.9152810768012668,0.07165479018210609,0.08353127474267617,-1.8940858136838035,False,Rückgang,True
Saudi Arabia,SAU,2023,EMR,1.0,12466.0,11694.0,53.0,1.0,1458.0,49.0,1446.0,Saudi Arabia,EMR,2538.0,1864.0,55.0,563.0,Saudi Arabia,EMR,1699.0,14.0,1699.0,2.0,42.0,18.0,42.0,8.0,Saudi Arabia,EMR,2526.0,2312.0,3.0,181.0,27.0,92.0,1.0,0.9380715546285897,0.11695812610300016,0.9917695473251029,0.00824014125956445,0.0011771630370806356,0.9152810768012668,0.07165479018210609,0.08353127474267617,False,False,False,2597.0,0.011554015020219527,0.006932409012131715,,,,,,2.3246650906225375,False,Anstieg,True
Saudi Arabia,SAU,2024,EMR,1.0,32273.0,31770.0,31.0,1.0,4680.0,90.0,,Saudi Arabia,EMR,2597.0,1811.0,32.0,644.0,Saudi Arabia,EMR,1731.0,20.0,1731.0,12.0,117.0,6.0,117.0,5.0,,,,,,,,,,0.9844142162178912,0.14501285904626157,,0.011554015020219527,0.006932409012131715,,,,False,False,False,,,,,,,,,,False,,True
Sudan,SDN,2024,EMR,1.0,3089.0,587.0,17.0,1.0,202.0,202.0,,Sudan,EMR,14404.0,6152.0,3876.0,4053.0,Sudan,EMR,3045.0,68.0,,,354.0,33.0,,,,,,,,,,,,0.1900291356426028,0.06539333117513758,,0.02233169129720854,,,,,False,False,False,,,,,,,,,,False,,False
Singapore,SGP,2019,WPR,60.0,2245.0,2158.0,,60.0,419.0,74.0,360.0,Singapore,WPR,2090.0,1063.0,597.0,318.0,Singapore,WPR,1032.0,14.0,1005.0,10.0,52.0,1.0,49.0,0.0,Singapore,WPR,2072.0,1638.0,0.0,152.0,10.0,79.0,1.0,0.9612472160356348,0.1866369710467706,0.8591885441527446,0.013565891472868217,0.009950248756218905,0.7905405405405406,0.07335907335907337,0.07818532818532818,False,False,False,2357.0,0.01125703564727955,0.008442776735459663,79.0,2335.0,0.793576017130621,0.07580299785867238,0.07837259100642398,12.775119617224881,False,Anstieg,True
Singapore,SGP,2020,WPR,60.0,2777.0,2720.0,,60.0,439.0,35.0,385.0,Singapore,WPR,2357.0,1086.0,719.0,420.0,Singapore,WPR,1066.0,12.0,1066.0,9.0,55.0,1.0,55.0,1.0,Singapore,WPR,2335.0,1853.0,5.0,177.0,1.0,79.0,1.0,0.9794742527907814,0.15808426359380626,0.876993166287016,0.01125703564727955,0.008442776735459663,0.793576017130621,0.07580299785867238,0.07837259100642398,False,False,False,2461.0,0.016175071360608945,0.015223596574690771,78.0,2370.0,0.7835443037974683,0.0679324894514768,0.07130801687763713,4.4123886296139165,False,Anstieg,True
Singapore,SGP,2021,WPR,60.0,2867.0,2815.0,,60.0,412.0,35.0,344.0,Singapore,WPR,2461.0,1065.0,842.0,407.0,Singapore,WPR,1051.0,17.0,1051.0,16.0,67.0,2.0,67.0,2.0,Singapore,WPR,2370.0,1857.0,8.0,161.0,0.0,78.0,1.0,0.9818625741192885,0.14370422043948378,0.8349514563106796,0.016175071360608945,0.015223596574690771,0.7835443037974683,0.0679324894514768,0.07130801687763713,False,False,False,2674.0,0.022151898734177215,0.0200845665961945,73.0,2596.0,0.734206471494607,0.0635593220338983,0.0662557781201849,8.655018285249898,False,Anstieg,True
Singapore,SGP,2022,WPR,60.0,2859.0,2687.0,23.0,60.0,354.0,57.0,294.0,Singapore,WPR,2674.0,1047.0,1181.0,283.0,Singapore,WPR,948.0,21.0,946.0,19.0,42.0,2.0,42.0,2.0,Singapore,WPR,2596.0,1906.0,7.0,165.0,0.0,73.0,1.0,0.9398391045820217,0.12381951731374606,0.8305084745762712,0.022151898734177215,0.0200845665961945,0.734206471494607,0.0635593220338983,0.0662557781201849,False,False,False,2113.0,0.015555555555555555,0.012222222222222223,74.0,2044.0,0.7446183953033269,0.074853228962818,0.07827788649706457,-20.979805534779356,False,Rückgang,True
Singapore,SGP,2023,WPR,1.0,1930.0,1701.0,32.0,1.0,203.0,15.0,171.0,Singapore,WPR,2113.0,1032.0,723.0,263.0,Singapore,WPR,900.0,14.0,900.0,11.0,40.0,1.0,40.0,1.0,Singapore,WPR,2044.0,1522.0,7.0,153.0,0.0,74.0,1.0,0.8813471502590674,0.10518134715025906,0.8423645320197044,0.015555555555555555,0.012222222222222223,0.7446183953033269,0.074853228962818,0.07827788649706457,False,False,False,2238.0,0.01834862385321101,0.014271151885830785,,,,,,5.915759583530526,False,Anstieg,True
Singapore,SGP,2024,WPR,1.0,3081.0,2876.0,22.0,1.0,350.0,43.0,,Singapore,WPR,2238.0,1171.0,671.0,278.0,Singapore,WPR,981.0,18.0,981.0,14.0,44.0,4.0,44.0,0.0,,,,,,,,,,0.9334631613112626,0.11359948068808828,,0.01834862385321101,0.014271151885830785,,,,False,False,False,,,,,,,,,,False,,True
Solomon Islands,SLB,2020,WPR,60.0,625.0,522.0,,0.0,,,,Solomon Islands,WPR,321.0,160.0,66.0,86.0,Solomon Islands,WPR,106.0,0.0,0.0,0.0,8.0,0.0,0.0,0.0,Solomon Islands,WPR,324.0,297.0,4.0,16.0,4.0,92.0,1.0,0.8352,,,0.0,,0.9166666666666666,0.04938271604938271,0.07407407407407407,False,False,False,370.0,0.015151515151515152,,96.0,370.0,0.9567567567567568,0.03783783783783784,0.043243243243243246,15.264797507788161,False,Anstieg,False
Solomon Islands,SLB,2021,WPR,60.0,707.0,471.0,,0.0,,,,Solomon Islands,WPR,370.0,145.0,98.0,119.0,Solomon Islands,WPR,66.0,1.0,0.0,0.0,3.0,0.0,0.0,0.0,Solomon Islands,WPR,370.0,354.0,1.0,14.0,1.0,96.0,1.0,0.6661951909476662,,,0.015151515151515152,,0.9567567567567568,0.03783783783783784,0.043243243243243246,False,False,False,342.0,,,94.0,135.0,0.9407407407407408,0.02962962962962963,0.05925925925925926,-7.567567567567568,False,Rückgang,False
Solomon Islands,SLB,2022,WPR,60.0,508.0,409.0,17.0,0.0,,,,Solomon Islands,WPR,342.0,173.0,64.0,94.0,Solomon Islands,WPR,0.0,0.0,0.0,0.0,0.0,0.0,0.0,0.0,Solomon Islands,WPR,135.0,127.0,1.0,4.0,3.0,94.0,1.0,0.8051181102362205,,,,,0.9407407407407408,0.02962962962962963,0.05925925925925926,False,False,False,350.0,,,92.0,281.0,0.9217081850533808,0.046263345195729534,0.07829181494661921,2.3391812865497075,False,Anstieg,False
Solomon Islands,SLB,2023,WPR,1.0,2.0,2.0,2.0,66.0,,,,Solomon Islands,WPR,350.0,182.0,42.0,115.0,Solomon Islands,WPR,0.0,0.0,0.0,0.0,1.0,0.0,0.0,0.0,Solomon Islands,WPR,281.0,259.0,4.0,13.0,5.0,92.0,1.0,1.0,,,,,0.9217081850533808,0.046263345195729534,0.07829181494661921,True,False,False,453.0,,,,,,,,29.428571428571427,False,Anstieg,False
Solomon Islands,SLB,2024,WPR,1.0,383.0,278.0,0.0,66.0,,,,Solomon Islands,WPR,453.0,256.0,53.0,129.0,Solomon Islands,WPR,0.0,0.0,0.0,0.0,1.0,1.0,0.0,0.0,,,,,,,,,,0.7258485639686684,,,,,,,,False,False,False,,,,,,,,,,False,,False
El Salvador,SLV,2020,AMR,60.0,13328.0,13328.0,,60.0,352.0,155.0,,El Salvador,AMR,2042.0,1318.0,215.0,259.0,El Salvador,AMR,521.0,1.0,521.0,1.0,59.0,1.0,59.0,1.0,El Salvador,AMR,2042.0,1816.0,4.0,118.0,85.0,89.0,1.0,1.0,0.026410564225690276,,0.0019193857965451055,0.0019193857965451055,0.8893241919686582,0.05778648383937316,0.10137120470127327,True,False,False,,,,,,,,,,False,,False
El Salvador,SLV,2022,AMR,60.0,16701.0,16617.0,246.0,60.0,536.0,284.0,,El Salvador,AMR,2531.0,1589.0,291.0,370.0,El Salvador,AMR,870.0,10.0,870.0,1.0,240.0,7.0,240.0,1.0,El Salvador,AMR,2517.0,2170.0,7.0,199.0,100.0,86.0,1.0,0.9949703610562242,0.03209388659361715,,0.011494252873563218,0.0011494252873563218,0.8621374652363926,0.07906237584425904,0.12157330154946365,False,False,False,4265.0,0.04526748971193416,0.00411522633744856,90.0,4265.0,0.9045720984759672,0.050175849941383355,0.08206330597889801,68.51047016989332,False,Anstieg,False
El Salvador,SLV,2023,AMR,1.0,15936.0,15936.0,588.0,1.0,970.0,370.0,,El Salvador,AMR,4265.0,2815.0,447.0,511.0,El Salvador,AMR,486.0,22.0,486.0,2.0,35.0,13.0,35.0,1.0,El Salvador,AMR,4265.0,3858.0,5.0,214.0,131.0,90.0,1.0,1.0,0.06086847389558233,,0.04526748971193416,0.00411522633744856,0.9045720984759672,0.050175849941383355,0.08206330597889801,True,False,False,5796.0,0.018018018018018018,0.00032175032175032174,,,,,,35.8968347010551,False,Anstieg,False
El Salvador,SLV,2024,AMR,1.0,36803.0,36803.0,1912.0,1.0,14192.0,369.0,,El Salvador,AMR,5796.0,3695.0,754.0,574.0,El Salvador,AMR,3108.0,56.0,3108.0,1.0,787.0,25.0,787.0,3.0,,,,,,,,,,1.0,0.3856207374398826,,0.018018018018018018,0.00032175032175032174,,,,True,False,False,,,,,,,,,,False,,False
Somalia,SOM,2020,EMR,60.0,753.0,753.0,,60.0,753.0,753.0,753.0,Somalia,EMR,17203.0,8371.0,4316.0,4467.0,Somalia,EMR,5311.0,315.0,141.0,88.0,41.0,0.0,0.0,0.0,Somalia,EMR,16888.0,15122.0,64.0,431.0,168.0,90.0,1.0,1.0,1.0,1.0,0.05931086424402184,0.624113475177305,0.8954287067740407,0.025521080056845096,0.0392586451918522,True,True,True,,,,,,,,,,False,,False
Somalia,SOM,2022,EMR,60.0,6152.0,888.0,148.0,60.0,4472.0,2264.0,,Somalia,EMR,18458.0,9130.0,4462.0,4776.0,Somalia,EMR,6597.0,256.0,204.0,116.0,90.0,80.0,,,Somalia,EMR,18458.0,16758.0,94.0,439.0,264.0,91.0,1.0,0.14434330299089726,0.7269180754226268,,0.03880551765954222,0.5686274509803921,0.907899013977679,0.02378372521399935,0.04317910932928811,False,False,False,,,,,,,,,,False,,False
Somalia,SOM,2024,EMR,1.0,8566.0,8566.0,518.0,1.0,3759.0,662.0,,Somalia,EMR,18349.0,8936.0,4473.0,4739.0,Somalia,EMR,8064.0,409.0,509.0,281.0,107.0,10.0,10.0,10.0,,,,,,,,,,1.0,0.43882792435208967,,0.05071924603174603,0.5520628683693517,,,,True,False,False,,,,,,,,,,False,,False
Serbia,SRB,2022,EUR,60.0,257.0,202.0,20.0,0.0,,,,Serbia,EUR,1074.0,552.0,293.0,171.0,Serbia,EUR,125.0,2.0,125.0,2.0,10.0,0.0,10.0,0.0,Serbia,EUR,1047.0,880.0,8.0,42.0,58.0,84.0,1.0,0.7859922178988327,,,0.016,0.016,0.8404966571155683,0.04011461318051576,0.10315186246418338,False,False,False,1014.0,0.03333333333333333,,74.0,475.0,0.7410526315789474,0.035789473684210524,0.06315789473684211,-5.58659217877095,False,Rückgang,False
Serbia,SRB,2023,EUR,1.0,745.0,561.0,15.0,66.0,,,,Serbia,EUR,1014.0,504.0,296.0,161.0,Serbia,EUR,90.0,3.0,3.0,3.0,7.0,0.0,4.0,0.0,Serbia,EUR,475.0,352.0,10.0,17.0,3.0,74.0,1.0,0.7530201342281879,,,0.03333333333333333,,0.7410526315789474,0.035789473684210524,0.06315789473684211,False,False,False,443.0,0.23170731707317074,0.036585365853658534,,,,,,-56.31163708086785,False,Rückgang,False
Serbia,SRB,2024,EUR,1.0,276.0,249.0,6.0,66.0,,,,Serbia,EUR,443.0,335.0,30.0,26.0,Serbia,EUR,82.0,19.0,82.0,3.0,12.0,0.0,12.0,0.0,,,,,,,,,,0.9021739130434783,,,0.23170731707317074,0.036585365853658534,,,,False,False,False,,,,,,,,,,False,,False
Sao Tome and Principe,STP,2019,AFR,60.0,203.0,10.0,,60.0,0.0,0.0,,Sao Tome and Principe,AFR,140.0,41.0,60.0,27.0,Sao Tome and Principe,AFR,0.0,0.0,0.0,0.0,0.0,0.0,0.0,0.0,Sao Tome and Principe,AFR,142.0,100.0,0.0,18.0,24.0,70.0,1.0,0.04926108374384237,0.0,,,,0.704225352112676,0.1267605633802817,0.29577464788732394,False,True,False,,,,,,,,,,False,,False
Sao Tome and Principe,STP,2021,AFR,60.0,127.0,0.0,,60.0,15.0,11.0,,Sao Tome and Principe,AFR,82.0,42.0,12.0,25.0,Sao Tome and Principe,AFR,0.0,0.0,0.0,0.0,0.0,0.0,0.0,0.0,Sao Tome and Principe,AFR,82.0,57.0,1.0,9.0,15.0,70.0,1.0,0.0,0.11811023622047244,,,,0.6951219512195121,0.10975609756097561,0.3048780487804878,True,False,False,123.0,0.034482758620689655,,79.0,125.0,0.792,0.088,0.2,50.0,False,Anstieg,False
Sao Tome and Principe,STP,2022,AFR,60.0,95.0,0.0,0.0,60.0,13.0,13.0,13.0,Sao Tome and Principe,AFR,123.0,87.0,12.0,22.0,Sao Tome and Principe,AFR,87.0,3.0,0.0,0.0,2.0,0.0,0.0,0.0,Sao Tome and Principe,AFR,125.0,99.0,2.0,11.0,12.0,79.0,1.0,0.0,0.1368421052631579,1.0,0.034482758620689655,,0.792,0.088,0.2,True,False,True,105.0,,0.0,70.0,105.0,0.7047619047619048,0.0761904761904762,0.2761904761904762,-14.634146341463413,False,Rückgang,False
Sao Tome and Principe,STP,2023,AFR,1.0,235.0,127.0,0.0,1.0,7.0,7.0,7.0,Sao Tome and Principe,AFR,105.0,55.0,20.0,28.0,Sao Tome and Principe,AFR,1.0,1.0,1.0,0.0,2.0,0.0,0.0,0.0,Sao Tome and Principe,AFR,105.0,74.0,0.0,8.0,21.0,70.0,1.0,0.5404255319148936,0.029787234042553193,1.0,,0.0,0.7047619047619048,0.0761904761904762,0.2761904761904762,False,False,True,129.0,0.015873015873015872,0.0,,,,,,22.857142857142858,False,Anstieg,False
Sao Tome and Principe,STP,2024,AFR,1.0,668.0,467.0,5.0,1.0,36.0,36.0,,Sao Tome and Principe,AFR,129.0,64.0,42.0,20.0,Sao Tome and Principe,AFR,63.0,1.0,63.0,0.0,2.0,0.0,0.0,0.0,,,,,,,,,,0.6991017964071856,0.05389221556886228,,0.015873015873015872,0.0,,,,False,False,False,,,,,,,,,,False,,False
Suriname,SUR,2019,AMR,60.0,313.0,312.0,,0.0,,,,Suriname,AMR,133.0,88.0,15.0,22.0,Suriname,AMR,78.0,6.0,0.0,0.0,11.0,6.0,0.0,0.0,Suriname,AMR,133.0,105.0,0.0,14.0,12.0,79.0,1.0,0.9968051118210862,,,0.07692307692307693,,0.7894736842105263,0.10526315789473684,0.19548872180451127,False,False,False,103.0,0.09090909090909091,,75.0,103.0,0.7475728155339806,0.13592233009708737,0.24271844660194175,-22.55639097744361,False,Rückgang,False
Suriname,SUR,2020,AMR,60.0,148.0,144.0,,60.0,30.0,0.0,24.0,Suriname,AMR,103.0,67.0,13.0,13.0,Suriname,AMR,66.0,6.0,0.0,,8.0,5.0,,,Suriname,AMR,103.0,77.0,2.0,14.0,9.0,75.0,1.0,0.972972972972973,0.20270270270270271,0.8,0.09090909090909091,,0.7475728155339806,0.13592233009708737,0.24271844660194175,False,False,False,88.0,0.13432835820895522,0.15254237288135594,72.0,82.0,0.7195121951219512,0.1951219512195122,0.25609756097560976,-14.563106796116504,False,Rückgang,False
Suriname,SUR,2021,AMR,60.0,146.0,140.0,,60.0,12.0,1.0,10.0,Suriname,AMR,88.0,69.0,8.0,7.0,Suriname,AMR,67.0,9.0,59.0,9.0,7.0,1.0,6.0,1.0,Suriname,AMR,82.0,59.0,0.0,16.0,5.0,72.0,1.0,0.958904109589041,0.0821917808219178,0.8333333333333334,0.13432835820895522,0.15254237288135594,0.7195121951219512,0.1951219512195122,0.25609756097560976,False,False,False,124.0,0.05263157894736842,0.05555555555555555,73.0,111.0,0.7297297297297297,0.12612612612612611,0.2702702702702703,40.909090909090914,False,Anstieg,False
Suriname,SUR,2022,AMR,60.0,344.0,343.0,3.0,60.0,72.0,5.0,53.0,Suriname,AMR,124.0,98.0,10.0,12.0,Suriname,AMR,95.0,5.0,36.0,2.0,4.0,2.0,2.0,0.0,Suriname,AMR,111.0,81.0,0.0,14.0,16.0,73.0,1.0,0.997093023255814,0.20930232558139536,0.7361111111111112,0.05263157894736842,0.05555555555555555,0.7297297297297297,0.12612612612612611,0.2702702702702703,False,False,False,120.0,0.14634146341463414,0.012195121951219513,72.0,107.0,0.719626168224299,0.102803738317757,0.2616822429906542,-3.225806451612903,False,Rückgang,False
Suriname,SUR,2023,AMR,1.0,362.0,240.0,5.0,1.0,47.0,1.0,,Suriname,AMR,120.0,85.0,13.0,15.0,Suriname,AMR,82.0,12.0,82.0,1.0,10.0,2.0,10.0,0.0,Suriname,AMR,107.0,77.0,0.0,11.0,17.0,72.0,1.0,0.6629834254143646,0.1298342541436464,,0.14634146341463414,0.012195121951219513,0.719626168224299,0.102803738317757,0.2616822429906542,False,False,False,,,,,,,,,,False,,False
Slovakia,SVK,2019,EUR,60.0,1058.0,26.0,,0.0,,,,Slovakia,EUR,214.0,102.0,45.0,33.0,Slovakia,EUR,79.0,1.0,79.0,1.0,21.0,4.0,21.0,4.0,Slovakia,EUR,209.0,196.0,0.0,7.0,0.0,94.0,1.0,0.024574669187145556,,,0.012658227848101266,0.012658227848101266,0.937799043062201,0.03349282296650718,0.03349282296650718,False,False,False,153.0,0.0,0.0,86.0,152.0,0.8552631578947368,0.07894736842105263,0.09868421052631579,-28.504672897196258,False,Rückgang,False
Slovakia,SVK,2020,EUR,60.0,980.0,28.0,,5.0,,,,Slovakia,EUR,153.0,66.0,49.0,22.0,Slovakia,EUR,51.0,0.0,51.0,0.0,11.0,1.0,11.0,1.0,Slovakia,EUR,152.0,130.0,0.0,12.0,3.0,86.0,1.0,0.02857142857142857,,,0.0,0.0,0.8552631578947368,0.07894736842105263,0.09868421052631579,False,False,False,,,,,,,,,,False,,False
Slovakia,SVK,2024,EUR,1.0,1050.0,34.0,12.0,66.0,,,,Slovakia,EUR,124.0,68.0,40.0,11.0,Slovakia,EUR,51.0,3.0,51.0,3.0,10.0,2.0,10.0,1.0,,,,,,,,,,0.03238095238095238,,,0.058823529411764705,0.058823529411764705,,,,False,False,False,,,,,,,,,,False,,False
Slovenia,SVN,2019,EUR,60.0,228.0,179.0,,60.0,35.0,12.0,32.0,Slovenia,EUR,98.0,79.0,6.0,11.0,Slovenia,EUR,78.0,0.0,78.0,0.0,4.0,0.0,4.0,0.0,Slovenia,EUR,98.0,69.0,0.0,22.0,3.0,70.0,1.0,0.7850877192982456,0.15350877192982457,0.9142857142857143,0.0,0.0,0.7040816326530612,0.22448979591836735,0.25510204081632654,False,False,False,75.0,0.017543859649122806,0.0,74.0,74.0,0.7432432432432432,0.21621621621621623,0.21621621621621623,-23.46938775510204,False,Rückgang,True
Slovenia,SVN,2020,EUR,60.0,366.0,123.0,,60.0,25.0,21.0,22.0,Slovenia,EUR,75.0,58.0,2.0,11.0,Slovenia,EUR,57.0,1.0,57.0,0.0,4.0,0.0,4.0,0.0,Slovenia,EUR,74.0,55.0,0.0,16.0,0.0,74.0,1.0,0.3360655737704918,0.06830601092896176,0.88,0.017543859649122806,0.0,0.7432432432432432,0.21621621621621623,0.21621621621621623,False,False,False,79.0,0.017241379310344827,0.017241379310344827,74.0,78.0,0.7435897435897436,0.15384615384615385,0.15384615384615385,5.333333333333334,False,Anstieg,True
Slovenia,SVN,2021,EUR,60.0,159.0,134.0,,60.0,27.0,4.0,24.0,Slovenia,EUR,79.0,59.0,3.0,12.0,Slovenia,EUR,58.0,1.0,58.0,1.0,6.0,0.0,6.0,0.0,Slovenia,EUR,78.0,58.0,0.0,12.0,0.0,74.0,1.0,0.8427672955974843,0.16981132075471697,0.8888888888888888,0.017241379310344827,0.017241379310344827,0.7435897435897436,0.15384615384615385,0.15384615384615385,False,False,False,72.0,0.0,0.0,72.0,72.0,0.7222222222222222,0.16666666666666666,0.19444444444444445,-8.860759493670885,False,Rückgang,True
Slovenia,SVN,2022,EUR,60.0,601.0,560.0,1.0,60.0,87.0,13.0,84.0,Slovenia,EUR,72.0,54.0,1.0,13.0,Slovenia,EUR,53.0,0.0,53.0,0.0,5.0,1.0,5.0,1.0,Slovenia,EUR,72.0,52.0,0.0,12.0,2.0,72.0,1.0,0.9317803660565723,0.1447587354409318,0.9655172413793104,0.0,0.0,0.7222222222222222,0.16666666666666666,0.19444444444444445,False,False,False,85.0,0.0,0.0,75.0,85.0,0.7529411764705882,0.18823529411764706,0.2,18.055555555555554,False,Anstieg,True
Slovenia,SVN,2023,EUR,1.0,119.0,100.0,4.0,1.0,24.0,10.0,24.0,Slovenia,EUR,85.0,69.0,1.0,10.0,Slovenia,EUR,69.0,0.0,69.0,0.0,5.0,0.0,5.0,0.0,Slovenia,EUR,85.0,64.0,0.0,16.0,1.0,75.0,1.0,0.8403361344537815,0.20168067226890757,1.0,0.0,0.0,0.7529411764705882,0.18823529411764706,0.2,False,False,True,46.0,0.03125,0.03125,,,,,,-45.88235294117647,False,Rückgang,True
Slovenia,SVN,2024,EUR,1.0,89.0,54.0,2.0,1.0,13.0,5.0,,Slovenia,EUR,46.0,32.0,2.0,9.0,Slovenia,EUR,32.0,1.0,32.0,1.0,4.0,1.0,4.0,1.0,,,,,,,,,,0.6067415730337079,0.14606741573033707,,0.03125,0.03125,,,,False,False,False,,,,,,,,,,False,,True
Eswatini,SWZ,2020,AFR,60.0,490.0,436.0,,60.0,194.0,194.0,,Eswatini,AFR,2143.0,1106.0,424.0,462.0,Eswatini,AFR,1104.0,43.0,1104.0,7.0,77.0,15.0,66.0,11.0,Eswatini,AFR,1949.0,1571.0,62.0,195.0,57.0,81.0,1.0,0.889795918367347,0.39591836734693875,,0.03894927536231884,0.006340579710144928,0.806054386865059,0.10005130836326322,0.16110826064648537,False,False,False,1934.0,0.04197271773347324,0.11594202898550725,79.0,1822.0,0.7892425905598244,0.1300768386388584,0.18331503841931943,-9.752683154456369,False,Rückgang,False
Eswatini,SWZ,2021,AFR,60.0,4680.0,3978.0,,60.0,319.0,319.0,154.0,Eswatini,AFR,1934.0,958.0,463.0,377.0,Eswatini,AFR,953.0,40.0,69.0,8.0,72.0,26.0,53.0,7.0,Eswatini,AFR,1822.0,1438.0,17.0,237.0,80.0,79.0,1.0,0.85,0.06816239316239316,0.4827586206896552,0.04197271773347324,0.11594202898550725,0.7892425905598244,0.1300768386388584,0.18331503841931943,False,False,False,2374.0,0.03612334801762115,0.003524229074889868,83.0,2289.0,0.8265618173875054,0.09611183923110529,0.14460463084316294,22.750775594622542,False,Anstieg,False
Eswatini,SWZ,2022,AFR,60.0,3317.0,3155.0,19.0,60.0,566.0,109.0,515.0,Eswatini,AFR,2374.0,1143.0,715.0,386.0,Eswatini,AFR,1135.0,41.0,1135.0,4.0,136.0,29.0,136.0,7.0,Eswatini,AFR,2289.0,1892.0,29.0,220.0,82.0,83.0,1.0,0.9511606873681037,0.17063611697316852,0.9098939929328622,0.03612334801762115,0.003524229074889868,0.8265618173875054,0.09611183923110529,0.14460463084316294,False,False,False,2297.0,0.04285714285714286,0.009523809523809525,83.0,2172.0,0.8259668508287292,0.08379373848987108,0.13904235727440148,-3.243470935130581,False,Rückgang,False
Eswatini,SWZ,2023,AFR,1.0,3301.0,2946.0,8.0,1.0,824.0,216.0,818.0,Eswatini,AFR,2297.0,1055.0,665.0,452.0,Eswatini,AFR,1050.0,45.0,1050.0,10.0,90.0,21.0,90.0,5.0,Eswatini,AFR,2172.0,1794.0,22.0,182.0,98.0,83.0,1.0,0.8924568312632536,0.24962132687064525,0.9927184466019418,0.04285714285714286,0.009523809523809525,0.8259668508287292,0.08379373848987108,0.13904235727440148,False,False,False,2419.0,0.021602787456445994,0.006968641114982578,,,,,,5.311275576839355,False,Anstieg,False
Eswatini,SWZ,2024,AFR,1.0,3768.0,3404.0,13.0,1.0,757.0,184.0,,Eswatini,AFR,2419.0,1449.0,499.0,316.0,Eswatini,AFR,1435.0,31.0,1435.0,10.0,92.0,15.0,92.0,9.0,,,,,,,,,,0.9033970276008493,0.2009023354564756,,0.021602787456445994,0.006968641114982578,,,,False,False,False,,,,,,,,,,False,,False
Sint Maarten (Dutch part),SXM,2019,AMR,60.0,3.0,3.0,,0.0,,,,Sint Maarten (Dutch part),AMR,7.0,5.0,2.0,0.0,Sint Maarten (Dutch part),AMR,,,,,,,,,Sint Maarten (Dutch part),AMR,5.0,5.0,,,,100.0,1.0,1.0,,,,,1.0,,,True,False,False,,,,,,,,,,True,,False
Sint Maarten (Dutch part),SXM,2021,AMR,60.0,0.0,0.0,,5.0,,,,Sint Maarten (Dutch part),AMR,1.0,1.0,0.0,,Sint Maarten (Dutch part),AMR,0.0,0.0,0.0,0.0,,,0.0,0.0,Sint Maarten (Dutch part),AMR,1.0,1.0,0.0,0.0,0.0,100.0,1.0,,,,,,1.0,0.0,0.0,False,False,False,,,,,,,,,,True,,False
Sint Maarten (Dutch part),SXM,2023,AMR,1.0,3.0,3.0,0.0,1.0,0.0,0.0,0.0,Sint Maarten (Dutch part),AMR,3.0,3.0,,0.0,Sint Maarten (Dutch part),AMR,1.0,0.0,0.0,0.0,,,0.0,0.0,Sint Maarten (Dutch part),AMR,,,,,,,,1.0,0.0,,0.0,,,,,True,True,False,3.0,0.0,,,,,,,0.0,True,Unverändert,False
Sint Maarten (Dutch part),SXM,2024,AMR,1.0,3.0,3.0,0.0,1.0,0.0,0.0,,Sint Maarten (Dutch part),AMR,3.0,3.0,0.0,0.0,Sint Maarten (Dutch part),AMR,2.0,0.0,0.0,0.0,,,0.0,0.0,,,,,,,,,,1.0,0.0,,0.0,,,,,True,True,False,,,,,,,,,,True,,False
Seychelles,SYC,2019,AFR,60.0,39.0,39.0,,60.0,3.0,0.0,,Seychelles,AFR,14.0,9.0,2.0,2.0,Seychelles,AFR,9.0,0.0,0.0,0.0,1.0,0.0,0.0,0.0,Seychelles,AFR,14.0,8.0,0.0,1.0,2.0,57.0,1.0,1.0,0.07692307692307693,,0.0,,0.5714285714285714,0.07142857142857142,0.21428571428571427,True,False,False,9.0,0.0,0.0,78.0,9.0,0.7777777777777778,0.0,0.1111111111111111,-35.714285714285715,False,Rückgang,False
Seychelles,SYC,2020,AFR,60.0,51.0,0.0,,60.0,7.0,0.0,,Seychelles,AFR,9.0,7.0,0.0,2.0,Seychelles,AFR,7.0,0.0,7.0,0.0,0.0,0.0,0.0,0.0,Seychelles,AFR,9.0,7.0,0.0,0.0,1.0,78.0,1.0,0.0,0.13725490196078433,,0.0,0.0,0.7777777777777778,0.0,0.1111111111111111,True,False,False,11.0,0.0,0.0,45.0,11.0,0.45454545454545453,0.18181818181818182,0.2727272727272727,22.22222222222222,True,Anstieg,False
Seychelles,SYC,2021,AFR,60.0,51.0,51.0,,60.0,7.0,0.0,,Seychelles,AFR,11.0,10.0,0.0,1.0,Seychelles,AFR,9.0,0.0,9.0,0.0,0.0,0.0,0.0,0.0,Seychelles,AFR,11.0,5.0,0.0,2.0,1.0,45.0,1.0,1.0,0.13725490196078433,,0.0,0.0,0.45454545454545453,0.18181818181818182,0.2727272727272727,True,False,False,16.0,0.1111111111111111,,50.0,14.0,0.5,0.21428571428571427,0.2857142857142857,45.45454545454545,False,Anstieg,False
Seychelles,SYC,2022,AFR,60.0,19.0,0.0,0.0,60.0,0.0,0.0,,Seychelles,AFR,16.0,9.0,2.0,5.0,Seychelles,AFR,9.0,1.0,0.0,0.0,0.0,0.0,0.0,0.0,Seychelles,AFR,14.0,7.0,0.0,3.0,1.0,50.0,1.0,0.0,0.0,,0.1111111111111111,,0.5,0.21428571428571427,0.2857142857142857,True,True,False,23.0,0.0,0.0,87.0,23.0,0.8695652173913043,0.13043478260869565,0.13043478260869565,43.75,False,Anstieg,False
Seychelles,SYC,2023,AFR,1.0,100.0,100.0,1.0,1.0,13.0,1.0,,Seychelles,AFR,23.0,21.0,0.0,2.0,Seychelles,AFR,21.0,0.0,21.0,0.0,0.0,0.0,0.0,0.0,Seychelles,AFR,23.0,20.0,0.0,3.0,0.0,87.0,1.0,1.0,0.13,,0.0,0.0,0.8695652173913043,0.13043478260869565,0.13043478260869565,True,False,False,22.0,0.0,0.0,,,,,,-4.3478260869565215,False,Rückgang,False
Seychelles,SYC,2024,AFR,1.0,130.0,126.0,1.0,1.0,13.0,0.0,,Seychelles,AFR,22.0,20.0,0.0,1.0,Seychelles,AFR,20.0,0.0,20.0,0.0,1.0,0.0,1.0,0.0,,,,,,,,,,0.9692307692307692,0.1,,0.0,0.0,,,,False,False,False,,,,,,,,,,False,,False
Syrian Arab Republic,SYR,2019,EMR,60.0,2203.0,2203.0,,60.0,555.0,246.0,,Syrian Arab Republic,EMR,2589.0,906.0,472.0,1122.0,Syrian Arab Republic,EMR,906.0,11.0,237.0,5.0,38.0,13.0,38.0,5.0,Syrian Arab Republic,EMR,2681.0,2380.0,37.0,71.0,193.0,89.0,1.0,1.0,0.2519291874716296,,0.012141280353200883,0.02109704641350211,0.8877284595300261,0.02648265572547557,0.1122715404699739,True,False,False,2639.0,0.006578947368421052,0.11320754716981132,91.0,2639.0,0.9056460780598712,0.014399393709738537,0.09435392194012884,1.9312475859405174,False,Anstieg,True
Syrian Arab Republic,SYR,2020,EMR,60.0,1457.0,1457.0,,60.0,340.0,172.0,340.0,Syrian Arab Republic,EMR,2639.0,1290.0,252.0,1008.0,Syrian Arab Republic,EMR,912.0,6.0,53.0,6.0,70.0,11.0,17.0,2.0,Syrian Arab Republic,EMR,2639.0,2390.0,18.0,38.0,193.0,91.0,1.0,1.0,0.23335621139327384,1.0,0.006578947368421052,0.11320754716981132,0.9056460780598712,0.014399393709738537,0.09435392194012884,True,False,True,3290.0,0.024113475177304965,0.15151515151515152,96.0,3290.0,0.9553191489361702,0.01033434650455927,0.03738601823708207,24.6684350132626,False,Anstieg,True
Syrian Arab Republic,SYR,2021,EMR,60.0,7140.0,7140.0,,60.0,7140.0,2650.0,7140.0,Syrian Arab Republic,EMR,3290.0,1471.0,374.0,1359.0,Syrian Arab Republic,EMR,705.0,17.0,66.0,10.0,63.0,6.0,,,Syrian Arab Republic,EMR,3290.0,3143.0,18.0,34.0,71.0,96.0,1.0,1.0,1.0,1.0,0.024113475177304965,0.15151515151515152,0.9553191489361702,0.01033434650455927,0.03738601823708207,True,True,True,3068.0,0.0129136400322841,0.035046728971962614,93.0,3068.0,0.9276401564537158,0.020860495436766623,0.06584093872229466,-6.7477203647416415,False,Rückgang,True
Syrian Arab Republic,SYR,2022,EMR,60.0,6259.0,6259.0,12.0,60.0,6259.0,1725.0,6259.0,Syrian Arab Republic,EMR,3068.0,1239.0,390.0,1318.0,Syrian Arab Republic,EMR,1239.0,16.0,428.0,15.0,103.0,0.0,0.0,0.0,Syrian Arab Republic,EMR,3068.0,2846.0,17.0,64.0,121.0,93.0,1.0,1.0,1.0,1.0,0.0129136400322841,0.035046728971962614,0.9276401564537158,0.020860495436766623,0.06584093872229466,True,True,True,3404.0,0.015667574931880108,0.02457002457002457,91.0,3444.0,0.9117305458768873,0.02003484320557491,0.078397212543554,10.951760104302476,False,Anstieg,True
Syrian Arab Republic,SYR,2023,EMR,1.0,1508.0,1508.0,1508.0,65.0,,,6700.0,Syrian Arab Republic,EMR,3404.0,1468.0,522.0,1311.0,Syrian Arab Republic,EMR,1468.0,23.0,407.0,10.0,61.0,0.0,24.0,0.0,Syrian Arab Republic,EMR,3444.0,3140.0,15.0,69.0,186.0,91.0,0.0,1.0,,,0.015667574931880108,0.02457002457002457,0.9117305458768873,0.02003484320557491,0.078397212543554,True,False,False,3488.0,0.005124450951683748,0.00881057268722467,,,,,,2.4676850763807283,False,Anstieg,True
Syrian Arab Republic,SYR,2024,EMR,1.0,9850.0,6750.0,50.0,1.0,4730.0,320.0,,Syrian Arab Republic,EMR,3488.0,1380.0,1090.0,935.0,Syrian Arab Republic,EMR,1366.0,7.0,227.0,2.0,24.0,0.0,24.0,0.0,,,,,,,,,,0.6852791878172588,0.48020304568527916,,0.005124450951683748,0.00881057268722467,,,,False,False,False,,,,,,,,,,False,,True
Turks and Caicos Islands,TCA,2019,AMR,60.0,10.0,10.0,,60.0,1.0,0.0,,Turks and Caicos Islands,AMR,4.0,4.0,0.0,0.0,Turks and Caicos Islands,AMR,0.0,0.0,0.0,0.0,0.0,0.0,0.0,0.0,Turks and Caicos Islands,AMR,,,,,,,,1.0,0.1,,,,,,,True,False,False,,,,,,,,,,True,,False
Turks and Caicos Islands,TCA,2023,AMR,1.0,16.0,16.0,0.0,66.0,,,,Turks and Caicos Islands,AMR,7.0,7.0,0.0,0.0,Turks and Caicos Islands,AMR,0.0,0.0,0.0,0.0,0.0,0.0,0.0,0.0,Turks and Caicos Islands,AMR,,,,,,,,1.0,,,,,,,,True,False,False,,,,,,,,,,True,,False
Chad,TCD,2020,AFR,60.0,557.0,439.0,,60.0,386.0,386.0,293.0,Chad,AFR,12809.0,6866.0,3922.0,1435.0,Chad,AFR,2648.0,81.0,81.0,0.0,582.0,15.0,15.0,4.0,Chad,AFR,12814.0,10404.0,63.0,478.0,1053.0,81.0,1.0,0.7881508078994613,0.6929982046678635,0.7590673575129534,0.030589123867069485,0.0,0.8119244576244732,0.03730294989854846,0.12439519275792102,False,False,False,13643.0,0.015490301724137932,,82.0,13643.0,0.8249651836106429,0.03818808180019057,0.12379975078794986,6.511046920134281,False,Anstieg,False
Chad,TCD,2021,AFR,60.0,933.0,767.0,,60.0,660.0,660.0,532.0,Chad,AFR,13643.0,7442.0,3981.0,1516.0,Chad,AFR,7424.0,115.0,0.0,0.0,763.0,28.0,0.0,0.0,Chad,AFR,13643.0,11255.0,129.0,521.0,1039.0,82.0,1.0,0.8220793140407289,0.707395498392283,0.806060606060606,0.015490301724137932,,0.8249651836106429,0.03818808180019057,0.12379975078794986,False,False,False,14725.0,0.032503660322108344,,83.0,14725.0,0.8305602716468591,0.039117147707979624,0.1197283531409168,7.930807007256469,False,Anstieg,False
Chad,TCD,2022,AFR,60.0,1863.0,1489.0,212.0,60.0,1325.0,1243.0,1214.0,Chad,AFR,14725.0,8355.0,4168.0,1423.0,Chad,AFR,3415.0,111.0,111.0,111.0,821.0,31.0,31.0,31.0,Chad,AFR,14725.0,12230.0,83.0,576.0,1104.0,83.0,1.0,0.799248523886205,0.7112184648416533,0.9162264150943397,0.032503660322108344,,0.8305602716468591,0.039117147707979624,0.1197283531409168,False,False,False,15772.0,0.022699386503067485,0.006756756756756757,84.0,15772.0,0.8411108293177784,0.033096626933806744,0.10201623129596754,7.110356536502546,False,Anstieg,False
Chad,TCD,2023,AFR,1.0,2527.0,2527.0,716.0,1.0,1811.0,1445.0,1431.0,Chad,AFR,15772.0,10119.0,3420.0,1385.0,Chad,AFR,6520.0,148.0,148.0,1.0,906.0,36.0,36.0,2.0,Chad,AFR,15772.0,13266.0,79.0,522.0,1008.0,84.0,1.0,1.0,0.7166600712307083,0.7901711761457758,0.022699386503067485,0.006756756756756757,0.8411108293177784,0.033096626933806744,0.10201623129596754,True,False,False,17082.0,0.01144542772861357,0.020618556701030927,,,,,,8.305858483388283,False,Anstieg,False
Chad,TCD,2024,AFR,1.0,4928.0,4232.0,696.0,1.0,3913.0,2371.0,,Chad,AFR,17082.0,11502.0,3089.0,1445.0,Chad,AFR,8475.0,97.0,97.0,2.0,952.0,44.0,44.0,5.0,,,,,,,,,,0.8587662337662337,0.7940340909090909,,0.01144542772861357,0.020618556701030927,,,,False,False,False,,,,,,,,,,False,,False
Togo,TGO,2020,AFR,60.0,394.0,394.0,,60.0,389.0,389.0,,Togo,AFR,2327.0,1811.0,106.0,286.0,Togo,AFR,1613.0,13.0,1613.0,1.0,124.0,3.0,124.0,1.0,Togo,AFR,2312.0,1988.0,43.0,191.0,70.0,86.0,1.0,1.0,0.9873096446700508,,0.008059516429014259,0.0006199628022318661,0.8598615916955017,0.08261245674740485,0.1314878892733564,True,False,False,,,,,,,,,,False,,False
Togo,TGO,2024,AFR,1.0,4064.0,60.0,60.0,1.0,1812.0,765.0,,Togo,AFR,3151.0,2487.0,97.0,421.0,Togo,AFR,2487.0,15.0,80.0,11.0,210.0,7.0,100.0,4.0,,,,,,,,,,0.014763779527559055,0.44586614173228345,,0.006031363088057901,0.1375,,,,False,False,False,,,,,,,,,,False,,False
Thailand,THA,2019,SEA,60.0,121853.0,109667.0,,60.0,10152.0,4512.0,9137.0,Thailand,SEA,87789.0,43869.0,25626.0,12800.0,Thailand,SEA,24250.0,468.0,14899.0,275.0,3587.0,373.0,2511.0,245.0,Thailand,SEA,87083.0,74021.0,348.0,7228.0,4006.0,85.0,1.0,0.8999942553732776,0.08331350069345851,0.9000197005516154,0.019298969072164947,0.01845761460500705,0.8500051674838947,0.08300127464602736,0.1329995521513958,False,False,False,85837.0,0.01974931010406623,0.016703204927445453,83.0,85837.0,0.83221687617228,0.08460221116767827,0.13481365844565862,-2.2235131964141295,False,Rückgang,True
Thailand,THA,2020,SEA,60.0,125941.0,113347.0,,60.0,11935.0,6501.0,8354.0,Thailand,SEA,85837.0,42685.0,25034.0,12292.0,Thailand,SEA,30077.0,594.0,19158.0,320.0,3724.0,590.0,3667.0,337.0,Thailand,SEA,85837.0,71435.0,276.0,7262.0,4034.0,83.0,1.0,0.9000007940225979,0.09476659705735226,0.6999581064097193,0.01974931010406623,0.016703204927445453,0.83221687617228,0.08460221116767827,0.13481365844565862,False,False,False,71488.0,0.017523364485981307,0.013541728807492692,85.0,71488.0,0.8500027976723367,0.09400179051029543,0.12599317367949867,-16.71656744760418,False,Rückgang,True
Thailand,THA,2021,SEA,60.0,101785.0,91606.0,,60.0,14748.0,10323.0,13789.0,Thailand,SEA,71488.0,38789.0,17399.0,10263.0,Thailand,SEA,29104.0,510.0,16763.0,227.0,3696.0,284.0,1919.0,131.0,Thailand,SEA,71488.0,60765.0,143.0,6720.0,2144.0,85.0,1.0,0.8999950876848258,0.14489364837647983,0.9349742337944128,0.017523364485981307,0.013541728807492692,0.8500027976723367,0.09400179051029543,0.12599317367949867,False,False,False,72274.0,0.017874553136171596,0.020423919146546884,81.0,72274.0,0.8060021584525555,0.09999446550626781,0.1619946315410798,1.0994852282900627,False,Anstieg,True
Thailand,THA,2022,SEA,60.0,135450.0,121905.0,3023.0,60.0,16445.0,11511.0,13156.0,Thailand,SEA,72274.0,41748.0,15711.0,9751.0,Thailand,SEA,30770.0,550.0,14248.0,291.0,3461.0,325.0,1569.0,136.0,Thailand,SEA,72274.0,58253.0,289.0,7227.0,4192.0,81.0,1.0,0.9,0.12141011443337024,0.8,0.017874553136171596,0.020423919146546884,0.8060021584525555,0.09999446550626781,0.1619946315410798,False,False,False,80209.0,0.01932136110380449,0.021619425889149665,82.0,80209.0,0.817003079454924,0.09299455173359598,0.15300028675086336,10.979051941223677,False,Anstieg,True
Thailand,THA,2023,SEA,1.0,148035.0,134673.0,3502.0,1.0,5674.0,1949.0,4710.0,Thailand,SEA,80209.0,45796.0,17893.0,10452.0,Thailand,SEA,41819.0,808.0,22156.0,479.0,2840.0,203.0,1392.0,140.0,Thailand,SEA,80209.0,65531.0,321.0,7459.0,4492.0,82.0,1.0,0.9097375620630256,0.03832877360083764,0.8301022206556221,0.01932136110380449,0.021619425889149665,0.817003079454924,0.09299455173359598,0.15300028675086336,False,False,False,81703.0,0.01576740565919305,0.013697950270484888,,,,,,1.8626338690171926,False,Anstieg,True
Thailand,THA,2024,SEA,1.0,102700.0,94719.0,1716.0,1.0,6278.0,2139.0,,Thailand,SEA,81703.0,47918.0,17827.0,9602.0,Thailand,SEA,39829.0,628.0,20149.0,276.0,4624.0,347.0,2201.0,174.0,,,,,,,,,,0.9222882181110029,0.06112950340798442,,0.01576740565919305,0.013697950270484888,,,,False,False,False,,,,,,,,,,False,,True
Tajikistan,TJK,2019,EUR,60.0,17989.0,14975.0,,60.0,2951.0,2847.0,,Tajikistan,EUR,5755.0,2318.0,1223.0,1618.0,Tajikistan,EUR,2318.0,672.0,1796.0,262.0,510.0,206.0,206.0,46.0,Tajikistan,EUR,5114.0,4643.0,60.0,179.0,190.0,91.0,1.0,0.8324531658235589,0.16404469397965424,,0.2899050905953408,0.14587973273942093,0.9078998826750098,0.035001955416503715,0.083887368009386,False,False,False,,,,,,,,,,False,,False
Tajikistan,TJK,2024,EUR,1.0,44084.0,41638.0,796.0,1.0,5200.0,1866.0,,Tajikistan,EUR,4441.0,1826.0,1199.0,1102.0,Tajikistan,EUR,1682.0,200.0,1277.0,163.0,238.0,93.0,194.0,82.0,,,,,,,,,,0.9445150167861356,0.11795662825514926,,0.11890606420927467,0.12764291307752546,,,,False,False,False,,,,,,,,,,False,,False
Turkmenistan,TKM,2019,EUR,60.0,7023.0,7023.0,,60.0,4279.0,591.0,4279.0,Turkmenistan,EUR,2117.0,575.0,858.0,467.0,Turkmenistan,EUR,,,,,,,,,Turkmenistan,EUR,2117.0,1749.0,135.0,90.0,84.0,83.0,1.0,1.0,0.6092837818596042,1.0,,,0.8261691072272083,0.042512990080302314,0.14596126594237127,True,False,True,1918.0,0.0,,83.0,1918.0,0.8336809176225235,0.04483837330552659,0.14077163712200208,-9.40009447331129,False,Rückgang,True
Turkmenistan,TKM,2020,EUR,60.0,6357.0,6357.0,,60.0,6357.0,,,Turkmenistan,EUR,1918.0,533.0,681.0,389.0,Turkmenistan,EUR,533.0,0.0,,,300.0,0.0,,,Turkmenistan,EUR,1918.0,1599.0,131.0,86.0,53.0,83.0,1.0,1.0,1.0,,0.0,,0.8336809176225235,0.04483837330552659,0.14077163712200208,True,True,False,1878.0,0.46395563770794823,,81.0,1878.0,0.8067092651757188,0.06869009584664537,0.16027689030883918,-2.0855057351407713,False,Rückgang,True
Turkmenistan,TKM,2021,EUR,60.0,3072.0,3072.0,,60.0,3072.0,,3072.0,Turkmenistan,EUR,1878.0,541.0,526.0,397.0,Turkmenistan,EUR,541.0,251.0,,,295.0,165.0,,,Turkmenistan,EUR,1878.0,1515.0,114.0,129.0,58.0,81.0,1.0,1.0,1.0,1.0,0.46395563770794823,,0.8067092651757188,0.06869009584664537,0.16027689030883918,True,True,True,2503.0,0.21045576407506703,,84.0,2605.0,0.8391554702495202,0.04760076775431862,0.13512476007677543,33.2800851970181,False,Anstieg,True
Turkmenistan,TKM,2022,EUR,60.0,3132.0,3132.0,67.0,60.0,1864.0,,3785.0,Turkmenistan,EUR,2503.0,746.0,622.0,398.0,Turkmenistan,EUR,746.0,157.0,,,504.0,245.0,,,Turkmenistan,EUR,2605.0,2186.0,145.0,124.0,83.0,84.0,1.0,1.0,0.5951468710089399,,0.21045576407506703,,0.8391554702495202,0.04760076775431862,0.13512476007677543,True,False,False,2273.0,0.3604887983706721,,84.0,1902.0,0.8443743427970557,0.06046267087276551,0.1377497371188223,-9.188973232121453,False,Rückgang,True
Turkmenistan,TKM,2023,EUR,1.0,6270.0,6270.0,47.0,1.0,3785.0,,,Turkmenistan,EUR,2273.0,707.0,813.0,396.0,Turkmenistan,EUR,491.0,177.0,177.0,177.0,307.0,303.0,303.0,303.0,Turkmenistan,EUR,1902.0,1606.0,83.0,115.0,64.0,84.0,1.0,1.0,0.6036682615629984,,0.3604887983706721,,0.8443743427970557,0.06046267087276551,0.1377497371188223,True,False,False,2259.0,,,,,,,,-0.6159260888693356,False,Rückgang,True
Turkmenistan,TKM,2024,EUR,1.0,2729.0,2729.0,337.0,1.0,2729.0,,,Turkmenistan,EUR,2259.0,1142.0,362.0,480.0,Turkmenistan,EUR,,,,,,,,,,,,,,,,,,1.0,1.0,,,,,,,True,True,False,,,,,,,,,,False,,True
Timor-Leste,TLS,2023,SEA,1.0,10231.0,10231.0,1112.0,66.0,,,,Timor-Leste,SEA,6027.0,2723.0,2609.0,516.0,Timor-Leste,SEA,26.0,26.0,0.0,0.0,0.0,0.0,0.0,0.0,Timor-Leste,SEA,6027.0,5619.0,4.0,140.0,177.0,93.0,1.0,1.0,,,,,0.9323046291687407,0.023228803716608595,0.053260328521652564,True,False,False,4731.0,,,,,,,,-21.50323544051767,False,Rückgang,False
Timor-Leste,TLS,2024,SEA,1.0,7731.0,7731.0,0.0,1.0,7731.0,408.0,,Timor-Leste,SEA,4731.0,1878.0,2258.0,482.0,Timor-Leste,SEA,10.0,10.0,0.0,0.0,0.0,0.0,0.0,0.0,,,,,,,,,,1.0,1.0,,,,,,,True,True,False,,,,,,,,,,False,,False
Tonga,TON,2019,WPR,60.0,103.0,103.0,,60.0,6.0,4.0,6.0,Tonga,WPR,10.0,4.0,2.0,4.0,Tonga,WPR,4.0,0.0,0.0,0.0,0.0,0.0,0.0,0.0,Tonga,WPR,10.0,10.0,0.0,0.0,0.0,100.0,1.0,1.0,0.05825242718446602,1.0,0.0,,1.0,0.0,0.0,True,False,True,8.0,0.0,0.0,88.0,8.0,0.875,0.0,0.125,-20.0,False,Rückgang,False
Tonga,TON,2020,WPR,60.0,6.0,6.0,,60.0,7.0,1.0,7.0,Tonga,WPR,8.0,5.0,1.0,2.0,Tonga,WPR,5.0,0.0,5.0,0.0,0.0,0.0,0.0,0.0,Tonga,WPR,8.0,7.0,0.0,0.0,1.0,88.0,1.0,1.0,,1.0,0.0,0.0,0.875,0.0,0.125,True,False,True,7.0,0.0,,100.0,7.0,1.0,0.0,0.0,-12.5,True,Rückgang,False
Tonga,TON,2021,WPR,60.0,90.0,90.0,,60.0,43.0,3.0,7.0,Tonga,WPR,7.0,7.0,0.0,0.0,Tonga,WPR,7.0,0.0,0.0,0.0,0.0,0.0,0.0,0.0,Tonga,WPR,7.0,7.0,0.0,0.0,0.0,100.0,1.0,1.0,0.4777777777777778,0.16279069767441862,0.0,,1.0,0.0,0.0,True,False,False,2.0,0.0,,100.0,2.0,1.0,0.0,0.0,-71.42857142857143,True,Rückgang,False
Tonga,TON,2022,WPR,60.0,16.0,7.0,0.0,60.0,7.0,0.0,7.0,Tonga,WPR,2.0,2.0,0.0,0.0,Tonga,WPR,2.0,0.0,0.0,0.0,0.0,0.0,0.0,0.0,Tonga,WPR,2.0,2.0,0.0,0.0,0.0,100.0,1.0,0.4375,0.4375,1.0,0.0,,1.0,0.0,0.0,False,False,True,8.0,0.0,,,,,,,300.0,True,Anstieg,False
Tonga,TON,2023,WPR,1.0,23.0,23.0,0.0,1.0,23.0,2.0,,Tonga,WPR,8.0,6.0,0.0,2.0,Tonga,WPR,6.0,0.0,0.0,0.0,0.0,0.0,0.0,0.0,Tonga,WPR,,,,,,,,1.0,1.0,,0.0,,,,,True,True,False,,,,,,,,,,True,,False
Trinidad and Tobago,TTO,2021,AMR,60.0,380.0,144.0,,60.0,143.0,40.0,36.0,Trinidad and Tobago,AMR,171.0,96.0,48.0,15.0,Trinidad and Tobago,AMR,57.0,0.0,,,10.0,0.0,,,Trinidad and Tobago,AMR,166.0,120.0,1.0,25.0,18.0,72.0,1.0,0.37894736842105264,0.3763157894736842,0.2517482517482518,0.0,,0.7228915662650602,0.15060240963855423,0.26506024096385544,False,False,False,243.0,0.0,0.0,71.0,243.0,0.7119341563786008,0.0823045267489712,0.2880658436213992,42.10526315789473,False,Anstieg,False
Trinidad and Tobago,TTO,2022,AMR,60.0,237.0,117.0,5.0,60.0,39.0,7.0,10.0,Trinidad and Tobago,AMR,243.0,128.0,92.0,11.0,Trinidad and Tobago,AMR,77.0,0.0,77.0,0.0,5.0,0.0,5.0,0.0,Trinidad and Tobago,AMR,243.0,173.0,0.0,20.0,50.0,71.0,1.0,0.4936708860759494,0.16455696202531644,0.2564102564102564,0.0,0.0,0.7119341563786008,0.0823045267489712,0.2880658436213992,False,False,False,277.0,0.0,,66.0,276.0,0.6594202898550725,0.13043478260869565,,13.991769547325102,False,Anstieg,False
Trinidad and Tobago,TTO,2023,AMR,1.0,184.0,184.0,6.0,1.0,89.0,14.0,87.0,Trinidad and Tobago,AMR,277.0,154.0,106.0,10.0,Trinidad and Tobago,AMR,2.0,0.0,0.0,0.0,0.0,0.0,0.0,0.0,Trinidad and Tobago,AMR,276.0,182.0,,36.0,54.0,66.0,1.0,1.0,0.483695652173913,0.9775280898876404,0.0,,0.6594202898550725,0.13043478260869565,,True,False,False,301.0,0.0,,,,,,,8.664259927797833,False,Anstieg,False
Trinidad and Tobago,TTO,2024,AMR,1.0,232.0,192.0,4.0,1.0,58.0,4.0,,Trinidad and Tobago,AMR,301.0,156.0,101.0,15.0,Trinidad and Tobago,AMR,48.0,0.0,,,4.0,0.0,,,,,,,,,,,,0.8275862068965517,0.25,,0.0,,,,,False,False,False,,,,,,,,,,False,,False
Tunisia,TUN,2020,EMR,60.0,4534.0,35.0,,60.0,102.0,90.0,,Tunisia,EMR,2678.0,791.0,123.0,1720.0,Tunisia,EMR,332.0,24.0,332.0,24.0,22.0,7.0,22.0,7.0,Tunisia,EMR,2647.0,2325.0,10.0,77.0,235.0,88.0,1.0,0.007719453021614468,0.022496691662990738,,0.07228915662650602,0.07228915662650602,0.8783528522856063,0.029089535323007176,0.12164714771439365,False,False,False,2637.0,0.013513513513513514,0.013513513513513514,84.0,2647.0,0.837174159425765,0.022289384208537967,0.08840196448809974,-1.530993278566094,False,Rückgang,False
Tunisia,TUN,2021,EMR,60.0,5120.0,4379.0,,60.0,91.0,69.0,,Tunisia,EMR,2637.0,771.0,131.0,1698.0,Tunisia,EMR,370.0,5.0,370.0,5.0,30.0,11.0,30.0,9.0,Tunisia,EMR,2647.0,2216.0,13.0,59.0,162.0,84.0,1.0,0.8552734375,0.0177734375,,0.013513513513513514,0.013513513513513514,0.837174159425765,0.022289384208537967,0.08840196448809974,False,False,False,3254.0,,,93.0,3264.0,0.9283088235294118,0.020833333333333332,0.0661764705882353,23.39780053090633,False,Anstieg,False
Tunisia,TUN,2022,EMR,60.0,4725.0,4725.0,147.0,60.0,163.0,52.0,,Tunisia,EMR,3254.0,1026.0,169.0,1994.0,Tunisia,EMR,0.0,0.0,,,0.0,0.0,,,Tunisia,EMR,3264.0,3030.0,25.0,68.0,123.0,93.0,1.0,1.0,0.0344973544973545,,,,0.9283088235294118,0.020833333333333332,0.0661764705882353,True,False,False,3114.0,0.014652014652014652,0.014652014652014652,,,,,,-4.30239704978488,False,Rückgang,False
Tunisia,TUN,2023,EMR,1.0,4568.0,4568.0,338.0,1.0,230.0,129.0,,Tunisia,EMR,3114.0,932.0,163.0,1959.0,Tunisia,EMR,819.0,12.0,819.0,12.0,,2.0,0.0,0.0,Tunisia,EMR,,,,,,,,1.0,0.050350262697022766,,0.014652014652014652,0.014652014652014652,,,,True,False,False,,,,,,,,,,False,,False
Türkiye,TUR,2019,EUR,60.0,26406.0,21408.0,,60.0,8878.0,1079.0,5620.0,Türkiye,EUR,11247.0,5451.0,1406.0,3812.0,Türkiye,EUR,4797.0,113.0,4717.0,88.0,381.0,37.0,370.0,33.0,Türkiye,EUR,11095.0,9231.0,22.0,973.0,200.0,83.0,1.0,0.8107248352647126,0.3362114670908127,0.6330254561838252,0.023556389410047947,0.018655925376298496,0.83199639477242,0.08769716088328075,0.10770617395223074,False,False,False,8830.0,0.024887476833465715,0.022641509433962263,81.0,8820.0,0.8078231292517006,0.09138321995464853,0.11485260770975057,-21.490175157819863,False,Rückgang,True
Türkiye,TUR,2020,EUR,60.0,18577.0,14978.0,,60.0,6433.0,706.0,4525.0,Türkiye,EUR,8830.0,4172.0,1174.0,3012.0,Türkiye,EUR,3777.0,94.0,3710.0,84.0,297.0,33.0,285.0,24.0,Türkiye,EUR,8820.0,7125.0,25.0,806.0,182.0,81.0,1.0,0.8062658125639232,0.3462884211659579,0.7034043214674336,0.024887476833465715,0.022641509433962263,0.8078231292517006,0.09138321995464853,0.11485260770975057,False,False,False,9047.0,0.025998905309250135,0.02135815991237678,80.0,8947.0,0.8038448642002906,0.08349167318654298,0.11445177154353414,2.4575311438278598,False,Anstieg,True
Türkiye,TUR,2021,EUR,60.0,16134.0,12906.0,,60.0,5615.0,584.0,3495.0,Türkiye,EUR,9047.0,4166.0,1187.0,3238.0,Türkiye,EUR,3654.0,95.0,3652.0,78.0,248.0,25.0,248.0,24.0,Türkiye,EUR,8947.0,7192.0,25.0,747.0,252.0,80.0,1.0,0.7999256229081443,0.34802280897483573,0.622439893143366,0.025998905309250135,0.02135815991237678,0.8038448642002906,0.08349167318654298,0.11445177154353414,False,False,False,9723.0,0.02870693959061408,0.02472250252270434,80.0,9593.0,0.7951631397894298,0.09798811633482749,0.13030334618993017,7.472090195644965,False,Anstieg,True
Türkiye,TUR,2022,EUR,60.0,18186.0,15226.0,1.0,60.0,6122.0,546.0,3366.0,Türkiye,EUR,9723.0,4506.0,1234.0,3495.0,Türkiye,EUR,4006.0,115.0,3964.0,98.0,289.0,33.0,280.0,26.0,Türkiye,EUR,9593.0,7628.0,23.0,940.0,287.0,80.0,1.0,0.8372374353898603,0.3366325745078632,0.5498203201568115,0.02870693959061408,0.02472250252270434,0.7951631397894298,0.09798811633482749,0.13030334618993017,False,False,False,9408.0,0.024659645517595686,0.02025974025974026,81.0,9199.0,0.8120447874768997,0.08761821937167083,0.11838243287313839,-3.2397408207343417,False,Rückgang,True
Türkiye,TUR,2023,EUR,1.0,19469.0,16614.0,325.0,1.0,7326.0,670.0,4108.0,Türkiye,EUR,9408.0,4482.0,1271.0,3211.0,Türkiye,EUR,3893.0,96.0,3850.0,78.0,252.0,30.0,248.0,24.0,Türkiye,EUR,9199.0,7470.0,25.0,806.0,258.0,81.0,1.0,0.8533566182135703,0.376290513123427,0.5607425607425608,0.024659645517595686,0.02025974025974026,0.8120447874768997,0.08761821937167083,0.11838243287313839,False,False,False,8891.0,0.021699346405228758,0.017548524328636,,,,,,-5.495323129251701,False,Rückgang,True
Türkiye,TUR,2024,EUR,1.0,18998.0,14821.0,211.0,1.0,7102.0,568.0,,Türkiye,EUR,8891.0,4259.0,1221.0,2994.0,Türkiye,EUR,3825.0,83.0,3761.0,66.0,272.0,31.0,257.0,27.0,,,,,,,,,,0.7801347510264238,0.37382882408674595,,0.021699346405228758,0.017548524328636,,,,False,False,False,,,,,,,,,,False,,True
Tuvalu,TUV,2023,WPR,1.0,10.0,10.0,0.0,66.0,,,,Tuvalu,WPR,16.0,13.0,2.0,1.0,Tuvalu,WPR,1.0,1.0,1.0,1.0,,,1.0,1.0,Tuvalu,WPR,,,,,,,,1.0,,,,,,,,True,False,False,,,,,,,,,,False,,False
United Republic of Tanzania,TZA,2021,AFR,60.0,25487.0,22800.0,,60.0,16099.0,16099.0,,United Republic of Tanzania,AFR,86701.0,29527.0,39400.0,16223.0,United Republic of Tanzania,AFR,26624.0,361.0,539.0,19.0,1080.0,101.0,216.0,12.0,United Republic of Tanzania,AFR,86382.0,82496.0,74.0,2736.0,712.0,96.0,1.0,0.8945737042413779,0.6316553537097344,,0.013559194711538462,0.03525046382189239,0.955013776018152,0.03167326526359658,0.04077238313537543,False,False,False,100100.0,0.009789634943765647,0.07389749702026222,96.0,99817.0,0.9612691224941643,0.027039482252522114,0.03592574411172446,15.454262349915226,False,Anstieg,False
United Republic of Tanzania,TZA,2022,AFR,60.0,69067.0,63996.0,1274.0,60.0,20070.0,20070.0,5285.0,United Republic of Tanzania,AFR,100100.0,32135.0,49326.0,16879.0,United Republic of Tanzania,AFR,26763.0,262.0,839.0,62.0,1083.0,88.0,221.0,13.0,United Republic of Tanzania,AFR,99817.0,95951.0,108.0,2699.0,779.0,96.0,1.0,0.9265785396788625,0.2905874006399583,0.26332835077229694,0.009789634943765647,0.07389749702026222,0.9612691224941643,0.027039482252522114,0.03592574411172446,False,False,False,92368.0,0.007226162067690653,0.0,96.0,92127.0,0.957080986030154,0.02690850673526762,0.034995169711376686,-7.724275724275724,False,Rückgang,False
United Republic of Tanzania,TZA,2023,AFR,1.0,164544.0,83560.0,1397.0,1.0,21443.0,21443.0,3217.0,United Republic of Tanzania,AFR,92368.0,37142.0,39123.0,14275.0,United Republic of Tanzania,AFR,29753.0,215.0,1582.0,0.0,1366.0,107.0,458.0,1.0,United Republic of Tanzania,AFR,92127.0,88173.0,84.0,2479.0,661.0,96.0,1.0,0.507827693504473,0.1303177265655387,0.15002564939607332,0.007226162067690653,0.0,0.957080986030154,0.02690850673526762,0.034995169711376686,False,False,False,75924.0,0.005651762347569464,0.0,,,,,,-17.8027022345401,False,Rückgang,False
United Republic of Tanzania,TZA,2024,AFR,1.0,93511.0,88708.0,1524.0,1.0,20160.0,20160.0,,United Republic of Tanzania,AFR,75924.0,38587.0,25317.0,10261.0,United Republic of Tanzania,AFR,35918.0,203.0,1110.0,0.0,1511.0,98.0,285.0,0.0,,,,,,,,,,0.9486370587417523,0.21558960977852873,,0.005651762347569464,0.0,,,,False,False,False,,,,,,,,,,False,,False
Uganda,UGA,2020,AFR,60.0,156791.0,116034.0,,60.0,14966.0,7642.0,12424.0,Uganda,AFR,60887.0,31006.0,23471.0,3215.0,Uganda,AFR,19401.0,389.0,253.0,149.0,1971.0,107.0,68.0,23.0,Uganda,AFR,60429.0,51617.0,339.0,4326.0,3183.0,85.0,1.0,0.7400552327620845,0.09545190731610871,0.8301483362287853,0.020050512860161848,0.5889328063241107,0.8541759751112876,0.07158814476493075,0.1298714193516358,False,False,False,74799.0,0.008163839819832501,0.5889328063241107,88.0,74704.0,0.8759102591561362,0.05848415078175198,0.1112791818376526,22.84888399822622,False,Anstieg,False
Uganda,UGA,2021,AFR,60.0,263399.0,209795.0,,60.0,22101.0,13409.0,20222.0,Uganda,AFR,74799.0,38036.0,30069.0,3035.0,Uganda,AFR,28418.0,232.0,253.0,149.0,2210.0,181.0,68.0,23.0,Uganda,AFR,74704.0,65434.0,354.0,4369.0,3590.0,88.0,1.0,0.7964912547124324,0.08390692447579527,0.9149812225691145,0.008163839819832501,0.5889328063241107,0.8759102591561362,0.05848415078175198,0.1112791818376526,False,False,False,94457.0,0.01908799036821511,0.3958333333333333,90.0,93360.0,0.901595972579263,0.04664738646101114,0.09003856041131106,26.281100014706077,False,Anstieg,False
Uganda,UGA,2022,AFR,60.0,441395.0,371253.0,10467.0,60.0,136814.0,31776.0,132093.0,Uganda,AFR,94457.0,54302.0,32647.0,3281.0,Uganda,AFR,39868.0,761.0,192.0,76.0,,,91.0,43.0,Uganda,AFR,93360.0,84173.0,360.0,4355.0,3691.0,90.0,1.0,0.8410901799975079,0.30995820070458435,0.9654932974695573,0.01908799036821511,0.3958333333333333,0.901595972579263,0.04664738646101114,0.09003856041131106,False,False,False,86469.0,0.011514092660029049,0.26506024096385544,92.0,86001.0,0.9183614144021581,0.04276694457041197,0.07331310101045337,-8.456758101570026,False,Rückgang,False
Uganda,UGA,2023,AFR,1.0,470078.0,413254.0,8780.0,1.0,136544.0,48274.0,132130.0,Uganda,AFR,86469.0,54013.0,25537.0,2828.0,Uganda,AFR,47507.0,547.0,415.0,110.0,3622.0,109.0,67.0,29.0,Uganda,AFR,86001.0,78980.0,288.0,3678.0,2339.0,92.0,1.0,0.879117933619527,0.29047094312007793,0.9676734239512538,0.011514092660029049,0.26506024096385544,0.9183614144021581,0.04276694457041197,0.07331310101045337,False,False,False,88861.0,0.017068423416679145,0.017068423416679145,,,,,,2.7663093131642555,False,Anstieg,False
Uganda,UGA,2024,AFR,1.0,465763.0,419344.0,8148.0,1.0,268375.0,50723.0,,Uganda,AFR,88861.0,55726.0,26305.0,2231.0,Uganda,AFR,40074.0,684.0,40074.0,684.0,2725.0,117.0,2725.0,117.0,,,,,,,,,,0.900337725409704,0.5762050656664441,,0.017068423416679145,0.017068423416679145,,,,False,False,False,,,,,,,,,,False,,False
Ukraine,UKR,2019,EUR,60.0,37287.0,37287.0,,60.0,28846.0,2777.0,26766.0,Ukraine,EUR,25379.0,13039.0,5436.0,2157.0,Ukraine,EUR,12632.0,3438.0,12632.0,2588.0,5827.0,2498.0,5827.0,1902.0,Ukraine,EUR,19414.0,15381.0,1180.0,1816.0,1023.0,79.0,1.0,1.0,0.7736208329980958,0.9278929487623934,0.27216592780240656,0.20487650411652944,0.7922633151334089,0.09354074379313897,0.2070155557844854,True,False,False,17533.0,0.28602297281928807,0.21028090526555215,77.0,13218.0,0.7740959297927069,0.10417612346799819,0.22492056286881526,-30.915323692816898,False,Rückgang,True
Ukraine,UKR,2020,EUR,60.0,25317.0,24226.0,,60.0,17454.0,1445.0,15366.0,Ukraine,EUR,17533.0,9042.0,3771.0,1343.0,Ukraine,EUR,8793.0,2515.0,8793.0,1849.0,4025.0,1662.0,4025.0,1227.0,Ukraine,EUR,13218.0,10232.0,852.0,1377.0,744.0,77.0,1.0,0.95690642651183,0.6894181775091835,0.880371261601925,0.28602297281928807,0.21028090526555215,0.7740959297927069,0.10417612346799819,0.22492056286881526,False,False,False,18307.0,0.2617733030204612,0.20363754465735628,75.0,14396.0,0.7470825229230342,0.12031119755487635,0.2495137538205057,4.414532595676724,False,Anstieg,True
Ukraine,UKR,2021,EUR,60.0,24721.0,23552.0,,60.0,20869.0,1177.0,15088.0,Ukraine,EUR,18307.0,9476.0,3830.0,1361.0,Ukraine,EUR,9237.0,2418.0,9237.0,1881.0,3977.0,1607.0,3977.0,1218.0,Ukraine,EUR,14396.0,10755.0,1060.0,1732.0,800.0,75.0,1.0,0.9527122689211601,0.8441810606367056,0.7229862475442044,0.2617733030204612,0.20363754465735628,0.7470825229230342,0.12031119755487635,0.2495137538205057,False,False,False,18567.0,0.2518676627534685,0.18292422625400215,77.0,14889.0,0.7746658607025321,0.10987977701658942,0.21928940828799784,1.4202217730922597,False,Anstieg,True
Ukraine,UKR,2022,EUR,60.0,26414.0,24282.0,1101.0,60.0,15184.0,771.0,14426.0,Ukraine,EUR,18567.0,9668.0,4046.0,1366.0,Ukraine,EUR,9370.0,2360.0,9370.0,1714.0,3506.0,1287.0,3506.0,972.0,Ukraine,EUR,14889.0,11534.0,765.0,1636.0,864.0,77.0,1.0,0.9192852275308548,0.5748466722192777,0.9500790305584826,0.2518676627534685,0.18292422625400215,0.7746658607025321,0.10987977701658942,0.21928940828799784,False,False,False,20058.0,0.23573661586557249,0.18044157874169597,77.0,16803.0,0.7668868654406951,0.0955781705647801,0.22805451407486757,8.030376474390048,False,Anstieg,True
Ukraine,UKR,2023,EUR,1.0,31761.0,30617.0,921.0,1.0,17379.0,787.0,16306.0,Ukraine,EUR,20058.0,10485.0,4119.0,1545.0,Ukraine,EUR,10236.0,2413.0,10236.0,1847.0,3759.0,1347.0,3759.0,971.0,Ukraine,EUR,16803.0,12886.0,1269.0,1606.0,957.0,77.0,1.0,0.9639809829665312,0.5471805043921791,0.9382588181138155,0.23573661586557249,0.18044157874169597,0.7668868654406951,0.0955781705647801,0.22805451407486757,False,False,False,18311.0,0.2212297465724969,0.17210220191109266,,,,,,-8.709741748928108,False,Rückgang,True
Ukraine,UKR,2024,EUR,1.0,40237.0,33390.0,895.0,1.0,16631.0,1079.0,,Ukraine,EUR,18311.0,9814.0,3642.0,1034.0,Ukraine,EUR,9628.0,2130.0,9628.0,1657.0,3638.0,1170.0,3638.0,906.0,,,,,,,,,,0.8298332380644681,0.4133260431940751,,0.2212297465724969,0.17210220191109266,,,,False,False,False,,,,,,,,,,False,,True
Uruguay,URY,2019,AMR,60.0,1754.0,1343.0,,60.0,873.0,152.0,,Uruguay,AMR,1057.0,680.0,187.0,107.0,Uruguay,AMR,538.0,4.0,351.0,1.0,85.0,0.0,77.0,0.0,Uruguay,AMR,1057.0,775.0,0.0,144.0,110.0,73.0,1.0,0.765678449258837,0.4977194982896237,,0.007434944237918215,0.002849002849002849,0.7332071901608326,0.13623462630085148,0.2403027436140019,False,False,False,968.0,0.018907563025210083,0.16666666666666666,72.0,968.0,0.7231404958677686,0.14566115702479338,0.246900826446281,-8.420056764427624,False,Rückgang,True
Uruguay,URY,2020,AMR,60.0,1675.0,1190.0,,60.0,734.0,118.0,,Uruguay,AMR,968.0,594.0,175.0,112.0,Uruguay,AMR,476.0,9.0,12.0,2.0,79.0,4.0,6.0,0.0,Uruguay,AMR,968.0,700.0,0.0,141.0,98.0,72.0,1.0,0.7104477611940299,0.4382089552238806,,0.018907563025210083,0.16666666666666666,0.7231404958677686,0.14566115702479338,0.246900826446281,False,False,False,951.0,0.00196078431372549,0.0,72.0,946.0,0.7177589852008457,0.14799154334038056,0.27167019027484146,-1.756198347107438,False,Rückgang,True
Uruguay,URY,2021,AMR,60.0,1384.0,939.0,,60.0,637.0,82.0,,Uruguay,AMR,951.0,636.0,148.0,93.0,Uruguay,AMR,510.0,1.0,491.0,0.0,48.0,0.0,48.0,0.0,Uruguay,AMR,946.0,679.0,2.0,140.0,115.0,72.0,1.0,0.6784682080924855,0.4602601156069364,,0.00196078431372549,0.0,0.7177589852008457,0.14799154334038056,0.27167019027484146,False,False,False,1126.0,0.00530035335689046,0.0,73.0,1126.0,0.7300177619893428,0.11989342806394317,0.261101243339254,18.40168243953733,False,Anstieg,True
Uruguay,URY,2022,AMR,60.0,1234.0,956.0,56.0,60.0,597.0,69.0,,Uruguay,AMR,1126.0,674.0,220.0,119.0,Uruguay,AMR,566.0,3.0,506.0,0.0,78.0,0.0,64.0,0.0,Uruguay,AMR,1126.0,822.0,1.0,135.0,158.0,73.0,1.0,0.7747163695299838,0.4837925445705024,,0.00530035335689046,0.0,0.7300177619893428,0.11989342806394317,0.261101243339254,False,False,False,1240.0,0.004511278195488722,0.003278688524590164,74.0,1235.0,0.7392712550607288,0.10931174089068826,0.2591093117408907,10.124333925399645,False,Anstieg,True
Uruguay,URY,2023,AMR,1.0,3250.0,2637.0,176.0,1.0,1028.0,203.0,626.0,Uruguay,AMR,1240.0,862.0,186.0,122.0,Uruguay,AMR,665.0,3.0,610.0,2.0,108.0,0.0,108.0,0.0,Uruguay,AMR,1235.0,913.0,4.0,135.0,181.0,74.0,1.0,0.8113846153846154,0.3163076923076923,0.6089494163424124,0.004511278195488722,0.003278688524590164,0.7392712550607288,0.10931174089068826,0.2591093117408907,False,False,False,1293.0,0.005412719891745603,0.0049504950495049506,,,,,,4.274193548387097,False,Anstieg,True
Uruguay,URY,2024,AMR,1.0,3723.0,3045.0,239.0,1.0,2056.0,188.0,,Uruguay,AMR,1293.0,815.0,270.0,120.0,Uruguay,AMR,739.0,4.0,606.0,3.0,208.0,1.0,192.0,1.0,,,,,,,,,,0.8178887993553586,0.5522428149341928,,0.005412719891745603,0.0049504950495049506,,,,False,False,False,,,,,,,,,,False,,True
Uzbekistan,UZB,2019,EUR,60.0,9767.0,9767.0,,60.0,9767.0,1971.0,,Uzbekistan,EUR,16272.0,5249.0,3850.0,5418.0,Uzbekistan,EUR,5249.0,615.0,5249.0,560.0,2145.0,467.0,2145.0,418.0,Uzbekistan,EUR,14224.0,12820.0,227.0,548.0,353.0,90.0,1.0,1.0,1.0,,0.11716517431891789,0.10668698799771385,0.9012935883014623,0.03852643419572553,0.07930258717660292,True,True,False,12111.0,0.18271667511403952,0.18271667511403952,91.0,10654.0,0.9051999249108316,0.045428946874413366,0.07612164445278768,-25.571533923303836,False,Rückgang,False
Uzbekistan,UZB,2020,EUR,60.0,8789.0,8789.0,,60.0,8789.0,1925.0,8789.0,Uzbekistan,EUR,12111.0,3946.0,2505.0,4442.0,Uzbekistan,EUR,3946.0,721.0,3946.0,721.0,1767.0,679.0,1499.0,673.0,Uzbekistan,EUR,10654.0,9644.0,147.0,484.0,180.0,91.0,1.0,1.0,1.0,1.0,0.18271667511403952,0.18271667511403952,0.9051999249108316,0.045428946874413366,0.07612164445278768,True,True,True,13544.0,0.18502738892270237,0.16068167985392576,89.0,11680.0,0.8941780821917809,0.04529109589041096,0.08844178082191781,11.832218644207746,False,Anstieg,False
Uzbekistan,UZB,2021,EUR,60.0,14058.0,12340.0,,60.0,12340.0,2059.0,,Uzbekistan,EUR,13544.0,4929.0,2124.0,5099.0,Uzbekistan,EUR,4929.0,912.0,4929.0,792.0,1868.0,740.0,1868.0,718.0,Uzbekistan,EUR,11680.0,10444.0,231.0,529.0,273.0,89.0,1.0,0.8777920045525679,0.8777920045525679,,0.18502738892270237,0.16068167985392576,0.8941780821917809,0.04529109589041096,0.08844178082191781,False,False,False,,,,,,,,,,False,,False
Uzbekistan,UZB,2023,EUR,1.0,22109.0,21871.0,261.0,1.0,16049.0,1712.0,,Uzbekistan,EUR,13938.0,5296.0,2160.0,4888.0,Uzbekistan,EUR,5296.0,753.0,4945.0,722.0,1814.0,542.0,725.0,470.0,Uzbekistan,EUR,13938.0,10795.0,234.0,599.0,443.0,77.0,1.0,0.9892351531050704,0.7259034782215388,,0.14218277945619334,0.14600606673407482,0.7745013631797962,0.04297603673410819,0.09154828526330894,False,False,False,,,,,,,,,,False,,False
Venezuela (Bolivarian Republic of),VEN,2019,AMR,60.0,22172.0,15694.0,,60.0,1302.0,612.0,1232.0,Venezuela (Bolivarian Republic of),AMR,10293.0,6534.0,1842.0,1460.0,Venezuela (Bolivarian Republic of),AMR,283.0,16.0,149.0,5.0,281.0,18.0,139.0,6.0,Venezuela (Bolivarian Republic of),AMR,10165.0,8213.0,9.0,393.0,1452.0,81.0,1.0,0.7078296951109507,0.05872271333213062,0.946236559139785,0.05653710247349823,0.03355704697986577,0.8079685194294146,0.03866207575012297,0.1823905558288244,False,False,False,9150.0,0.04672897196261682,0.04918032786885246,85.0,9150.0,0.8459016393442623,0.054863387978142074,0.14459016393442622,-11.104634217429322,False,Rückgang,True
Venezuela (Bolivarian Republic of),VEN,2020,AMR,60.0,19902.0,12518.0,,60.0,451.0,262.0,398.0,Venezuela (Bolivarian Republic of),AMR,9150.0,5866.0,1600.0,1173.0,Venezuela (Bolivarian Republic of),AMR,107.0,5.0,61.0,3.0,148.0,17.0,126.0,11.0,Venezuela (Bolivarian Republic of),AMR,9150.0,7740.0,15.0,502.0,806.0,85.0,1.0,0.6289820118581048,0.02266103909154859,0.8824833702882483,0.04672897196261682,0.04918032786885246,0.8459016393442623,0.054863387978142074,0.14459016393442622,False,False,False,9090.0,0.020202020202020204,0.02857142857142857,84.0,9090.0,0.844994499449945,0.047964796479647964,0.13322332233223322,-0.6557377049180327,False,Rückgang,True
Venezuela (Bolivarian Republic of),VEN,2021,AMR,60.0,24811.0,12342.0,,60.0,605.0,300.0,586.0,Venezuela (Bolivarian Republic of),AMR,9090.0,5990.0,1587.0,1054.0,Venezuela (Bolivarian Republic of),AMR,198.0,4.0,70.0,2.0,226.0,22.0,97.0,7.0,Venezuela (Bolivarian Republic of),AMR,9090.0,7681.0,7.0,436.0,768.0,84.0,1.0,0.4974406513240095,0.024384345653137723,0.968595041322314,0.020202020202020204,0.02857142857142857,0.844994499449945,0.047964796479647964,0.13322332233223322,False,False,False,9865.0,0.006172839506172839,0.014925373134328358,83.0,9865.0,0.8329447541814495,0.0491637100861632,0.16705524581855044,8.525852585258525,False,Anstieg,True
Venezuela (Bolivarian Republic of),VEN,2022,AMR,60.0,26352.0,22456.0,1247.0,60.0,2862.0,896.0,2805.0,Venezuela (Bolivarian Republic of),AMR,9865.0,6779.0,1347.0,1213.0,Venezuela (Bolivarian Republic of),AMR,648.0,4.0,67.0,1.0,509.0,80.0,115.0,32.0,Venezuela (Bolivarian Republic of),AMR,9865.0,8217.0,7.0,485.0,1156.0,83.0,1.0,0.8521554341226473,0.10860655737704918,0.980083857442348,0.006172839506172839,0.014925373134328358,0.8329447541814495,0.0491637100861632,0.16705524581855044,False,False,False,10165.0,0.014561664190193165,0.005646359583952452,84.0,10165.0,0.8422036399409739,0.03128381701918347,0.1429414658140679,3.0410542321338063,False,Anstieg,True
Venezuela (Bolivarian Republic of),VEN,2023,AMR,1.0,25143.0,15932.0,4123.0,1.0,2332.0,897.0,2296.0,Venezuela (Bolivarian Republic of),AMR,10165.0,7517.0,823.0,1194.0,Venezuela (Bolivarian Republic of),AMR,3365.0,49.0,3365.0,19.0,871.0,104.0,871.0,40.0,Venezuela (Bolivarian Republic of),AMR,10165.0,8561.0,9.0,318.0,1126.0,84.0,1.0,0.6336554905938034,0.09274947301435787,0.9845626072041166,0.014561664190193165,0.005646359583952452,0.8422036399409739,0.03128381701918347,0.1429414658140679,False,False,False,10787.0,0.010436432637571158,0.05517241379310345,,,,,,6.119035907525824,False,Anstieg,True
Venezuela (Bolivarian Republic of),VEN,2024,AMR,1.0,40858.0,25904.0,2989.0,1.0,3322.0,1015.0,,Venezuela (Bolivarian Republic of),AMR,10787.0,7673.0,952.0,1492.0,Venezuela (Bolivarian Republic of),AMR,5270.0,55.0,290.0,16.0,655.0,66.0,655.0,22.0,,,,,,,,,,0.6340006853003084,0.08130598658769396,,0.010436432637571158,0.05517241379310345,,,,False,False,False,,,,,,,,,,False,,True
Viet Nam,VNM,2021,WPR,60.0,66466.0,50468.0,,60.0,6141.0,1589.0,5083.0,Viet Nam,WPR,77657.0,43581.0,13382.0,15838.0,Viet Nam,WPR,38689.0,1682.0,,,4583.0,668.0,3438.0,573.0,Viet Nam,WPR,77657.0,70117.0,776.0,1802.0,2433.0,90.0,1.0,0.7593055095838473,0.09239310324075467,0.8277153558052435,0.043474889503476444,,0.9029063703207696,0.023204604864983196,0.06452734460512252,False,False,False,,,,,,,,,,False,,False
Viet Nam,VNM,2024,WPR,1.0,114642.0,91864.0,1212.0,1.0,15468.0,776.0,,Viet Nam,WPR,106392.0,68481.0,13005.0,16746.0,Viet Nam,WPR,63965.0,2376.0,5048.0,1144.0,9152.0,1268.0,,,,,,,,,,,,0.8013119101202003,0.13492437326634218,,0.037145313843508165,0.2266244057052298,,,,False,False,False,,,,,,,,,,False,,False
Vanuatu,VUT,2019,WPR,60.0,152.0,152.0,,60.0,106.0,,106.0,Vanuatu,WPR,93.0,52.0,16.0,25.0,Vanuatu,WPR,52.0,2.0,0.0,0.0,0.0,0.0,0.0,0.0,Vanuatu,WPR,93.0,79.0,1.0,8.0,0.0,85.0,1.0,1.0,0.6973684210526315,1.0,0.038461538461538464,,0.8494623655913979,0.08602150537634409,0.0967741935483871,True,False,True,83.0,0.0,0.0,96.0,76.0,0.9605263157894737,0.02631578947368421,0.039473684210526314,-10.75268817204301,False,Rückgang,False
Vanuatu,VUT,2020,WPR,60.0,46.0,25.0,,60.0,25.0,5.0,,Vanuatu,WPR,83.0,46.0,6.0,30.0,Vanuatu,WPR,43.0,0.0,43.0,0.0,0.0,0.0,0.0,0.0,Vanuatu,WPR,76.0,73.0,0.0,2.0,1.0,96.0,1.0,0.5434782608695652,0.5434782608695652,,0.0,0.0,0.9605263157894737,0.02631578947368421,0.039473684210526314,False,False,False,,,,,,,,,,False,,False
Vanuatu,VUT,2022,WPR,60.0,100.0,100.0,0.0,60.0,100.0,20.0,,Vanuatu,WPR,84.0,58.0,3.0,23.0,Vanuatu,WPR,0.0,0.0,0.0,0.0,0.0,0.0,0.0,0.0,Vanuatu,WPR,84.0,75.0,0.0,7.0,0.0,89.0,0.0,1.0,1.0,,,,0.8928571428571429,0.08333333333333333,0.08333333333333333,True,True,False,,,,,,,,,,False,,False
Vanuatu,VUT,2024,WPR,1.0,361.0,361.0,0.0,1.0,361.0,43.0,,Vanuatu,WPR,89.0,52.0,8.0,29.0,Vanuatu,WPR,2.0,2.0,2.0,0.0,0.0,0.0,0.0,0.0,,,,,,,,,,1.0,1.0,,,0.0,,,,True,True,False,,,,,,,,,,False,,False
Samoa,WSM,2019,WPR,60.0,395.0,30.0,,60.0,30.0,26.0,25.0,Samoa,WPR,18.0,14.0,1.0,3.0,Samoa,WPR,14.0,0.0,14.0,0.0,0.0,0.0,0.0,0.0,Samoa,WPR,18.0,16.0,0.0,2.0,0.0,89.0,1.0,0.0759493670886076,0.0759493670886076,0.8333333333333334,0.0,0.0,0.8888888888888888,0.1111111111111111,0.1111111111111111,False,False,False,13.0,,,85.0,13.0,0.8461538461538461,0.15384615384615385,0.15384615384615385,-27.77777777777778,False,Rückgang,False
Samoa,WSM,2020,WPR,60.0,434.0,1.0,,60.0,35.0,28.0,30.0,Samoa,WPR,13.0,11.0,1.0,1.0,Samoa,WPR,0.0,0.0,0.0,0.0,0.0,0.0,0.0,0.0,Samoa,WPR,13.0,11.0,0.0,2.0,0.0,85.0,1.0,0.002304147465437788,0.08064516129032258,0.8571428571428571,,,0.8461538461538461,0.15384615384615385,0.15384615384615385,False,False,False,13.0,0.0,,77.0,13.0,0.7692307692307693,0.15384615384615385,0.23076923076923078,0.0,False,Unverändert,False
Samoa,WSM,2021,WPR,60.0,194.0,0.0,,60.0,0.0,0.0,0.0,Samoa,WPR,13.0,13.0,0.0,0.0,Samoa,WPR,13.0,0.0,0.0,0.0,0.0,0.0,0.0,0.0,Samoa,WPR,13.0,10.0,0.0,2.0,1.0,77.0,1.0,0.0,0.0,,0.0,,0.7692307692307693,0.15384615384615385,0.23076923076923078,True,True,False,9.0,0.0,,,,,,,-30.76923076923077,False,Rückgang,False
Samoa,WSM,2022,WPR,60.0,115.0,115.0,26.0,60.0,26.0,6.0,,Samoa,WPR,9.0,9.0,0.0,0.0,Samoa,WPR,9.0,0.0,0.0,0.0,,,0.0,0.0,Samoa,WPR,,,,,,,,1.0,0.22608695652173913,,0.0,,,,,True,False,False,13.0,,,100.0,14.0,1.0,0.0,0.0,44.44444444444444,True,Anstieg,False
Samoa,WSM,2023,WPR,1.0,190.0,65.0,0.0,1.0,65.0,16.0,,Samoa,WPR,13.0,13.0,0.0,0.0,Samoa,WPR,,,,,,,,,Samoa,WPR,14.0,14.0,0.0,0.0,0.0,100.0,1.0,0.34210526315789475,0.34210526315789475,,,,1.0,0.0,0.0,False,False,False,12.0,0.0,0.0,,,,,,-7.6923076923076925,False,Rückgang,False
Samoa,WSM,2024,WPR,1.0,112.0,45.0,,1.0,,,,Samoa,WPR,12.0,10.0,0.0,1.0,Samoa,WPR,10.0,0.0,10.0,0.0,0.0,0.0,0.0,0.0,,,,,,,,,,0.4017857142857143,,,0.0,0.0,,,,False,False,False,,,,,,,,,,False,,False
Yemen,YEM,2020,EMR,60.0,9066.0,553.0,,60.0,253.0,119.0,,Yemen,EMR,8860.0,2379.0,2704.0,3541.0,Yemen,EMR,460.0,21.0,17.0,7.0,45.0,26.0,28.0,5.0,Yemen,EMR,8852.0,7831.0,30.0,177.0,486.0,88.0,1.0,0.06099713214206927,0.027906463710566952,,0.04565217391304348,0.4117647058823529,0.8846588341617714,0.01999548124717578,0.07828739267962043,False,False,False,,,,,,,,,,False,,False
South Africa,ZAF,2024,AFR,1.0,252839.0,252839.0,,1.0,32490.0,18524.0,,South Africa,AFR,183726.0,92197.0,57012.0,19803.0,South Africa,AFR,86081.0,3542.0,85948.0,1275.0,13067.0,2472.0,13067.0,917.0,,,,,,,,,,1.0,0.1285007455337191,,0.04114729150451319,0.014834551123935403,,,,True,False,False,,,,,,,,,,False,,False
Zambia,ZMB,2019,AFR,60.0,10560.0,10560.0,,60.0,1760.0,1760.0,1531.0,Zambia,AFR,36150.0,15949.0,11967.0,3596.0,Zambia,AFR,15400.0,372.0,380.0,86.0,751.0,143.0,95.0,13.0,Zambia,AFR,36150.0,32342.0,154.0,1892.0,1043.0,89.0,1.0,1.0,0.16666666666666666,0.8698863636363636,0.024155844155844156,0.22631578947368422,0.8946611341632088,0.0523374827109267,0.08544951590594745,True,False,False,40000.0,0.024171539961013646,0.24161073825503357,91.0,40000.0,0.9095,0.05005,0.076875,10.650069156293222,False,Anstieg,True
Zambia,ZMB,2020,AFR,60.0,70240.0,70240.0,,60.0,8320.0,3797.0,7283.0,Zambia,AFR,40000.0,16975.0,14989.0,2848.0,Zambia,AFR,15390.0,372.0,298.0,72.0,1855.0,88.0,46.0,15.0,Zambia,AFR,40000.0,36380.0,174.0,2002.0,899.0,91.0,1.0,1.0,0.11845102505694761,0.8753605769230769,0.024171539961013646,0.24161073825503357,0.9095,0.05005,0.076875,True,False,False,50075.0,0.019205767639758894,0.13438735177865613,92.0,50075.0,0.9218372441337993,0.04589116325511732,0.06959560659011482,25.1875,False,Anstieg,True
Zambia,ZMB,2021,AFR,60.0,99193.0,99193.0,,60.0,9399.0,5448.0,8976.0,Zambia,AFR,50075.0,19826.0,21556.0,2530.0,Zambia,AFR,16922.0,325.0,253.0,34.0,1487.0,101.0,,,Zambia,AFR,50075.0,46161.0,139.0,2298.0,1048.0,92.0,1.0,1.0,0.09475467018842056,0.9549952122566231,0.019205767639758894,0.13438735177865613,0.9218372441337993,0.04589116325511732,0.06959560659011482,True,False,False,54127.0,0.01870494655729555,0.1179245283018868,93.0,54127.0,0.9276146839839636,0.04315775860476287,0.06360965876549596,8.091862206689965,False,Anstieg,True
Zambia,ZMB,2022,AFR,60.0,122060.0,93115.0,27647.0,60.0,65358.0,5733.0,63005.0,Zambia,AFR,54127.0,22803.0,22271.0,2876.0,Zambia,AFR,16092.0,301.0,212.0,25.0,1620.0,58.0,21.0,12.0,Zambia,AFR,54127.0,50209.0,115.0,2336.0,992.0,93.0,1.0,0.7628625266262494,0.5354579714894314,0.9639982863612717,0.01870494655729555,0.1179245283018868,0.9276146839839636,0.04315775860476287,0.06360965876549596,False,False,False,54346.0,0.013313723972443688,0.1388888888888889,92.0,54346.0,0.9230302138151842,0.044695101755418985,0.07054797041180584,0.4046039869196519,False,Anstieg,True
Zambia,ZMB,2023,AFR,1.0,140611.0,74130.0,3153.0,1.0,60692.0,10000.0,,Zambia,AFR,54346.0,27301.0,18883.0,2335.0,Zambia,AFR,25838.0,344.0,144.0,20.0,2409.0,58.0,25.0,8.0,Zambia,AFR,54346.0,50163.0,101.0,2429.0,1304.0,92.0,1.0,0.5271991522711594,0.4316305267724431,,0.013313723972443688,0.1388888888888889,0.9230302138151842,0.044695101755418985,0.07054797041180584,False,False,False,47006.0,0.010920366708610463,0.04938271604938271,,,,,,-13.506053803407795,False,Rückgang,True
Zambia,ZMB,2024,AFR,1.0,132875.0,128223.0,2242.0,1.0,18720.0,6628.0,,Zambia,AFR,47006.0,23257.0,16878.0,1804.0,Zambia,AFR,22252.0,243.0,243.0,12.0,3318.0,142.0,142.0,24.0,,,,,,,,,,0.9649896519285043,0.1408842897460019,,0.010920366708610463,0.04938271604938271,,,,False,False,False,,,,,,,,,,False,,True
Zimbabwe,ZWE,2019,AFR,60.0,24210.0,23385.0,,60.0,2612.0,2612.0,,Zimbabwe,AFR,21008.0,10061.0,7868.0,1957.0,Zimbabwe,AFR,9240.0,282.0,429.0,32.0,428.0,49.0,428.0,42.0,Zimbabwe,AFR,21008.0,17717.0,141.0,2009.0,756.0,84.0,1.0,0.9659231722428748,0.10788930194134655,,0.03051948051948052,0.07459207459207459,0.8433453922315308,0.09563023610053313,0.13832825590251333,False,False,False,15728.0,0.016845537291128924,0.11160714285714286,88.0,16056.0,0.8821001494768311,0.08819133034379671,0.1132286995515695,-25.133282559025133,False,Rückgang,False
Zimbabwe,ZWE,2020,AFR,60.0,38145.0,21654.0,,60.0,1808.0,1808.0,1195.0,Zimbabwe,AFR,15728.0,8072.0,5913.0,1140.0,Zimbabwe,AFR,7361.0,124.0,224.0,25.0,410.0,100.0,90.0,37.0,Zimbabwe,AFR,16056.0,14163.0,102.0,1416.0,300.0,88.0,1.0,0.5676759732599292,0.04739808624983615,0.6609513274336283,0.016845537291128924,0.11160714285714286,0.8821001494768311,0.08819133034379671,0.1132286995515695,False,False,False,16310.0,,,90.0,16541.0,0.8986155613324467,0.0698869475847893,0.09032102049452875,3.700406917599186,False,Anstieg,False
Zimbabwe,ZWE,2021,AFR,60.0,28633.0,26470.0,,60.0,2463.0,2242.0,,Zimbabwe,AFR,16310.0,8311.0,6228.0,1134.0,Zimbabwe,AFR,,,,,,,,,Zimbabwe,AFR,16541.0,14864.0,110.0,1156.0,228.0,90.0,1.0,0.9244577934551043,0.08601962770230154,,,,0.8986155613324467,0.0698869475847893,0.09032102049452875,False,False,False,18222.0,0.01767335481858821,,89.0,18555.0,0.8870385340878469,0.06817569388305039,0.10455402856372946,11.722869405272839,False,Anstieg,False
Zimbabwe,ZWE,2022,AFR,60.0,26525.0,23419.0,403.0,60.0,7500.0,1866.0,,Zimbabwe,AFR,18222.0,9696.0,6655.0,1287.0,Zimbabwe,AFR,9619.0,170.0,,,419.0,72.0,,,Zimbabwe,AFR,18555.0,16459.0,64.0,1265.0,611.0,89.0,1.0,0.8829029217719133,0.2827521206409048,,0.01767335481858821,,0.8870385340878469,0.06817569388305039,0.10455402856372946,False,False,False,,,,,,,,,,False,,False
Zimbabwe,ZWE,2024,AFR,1.0,12559.0,9295.0,112.0,1.0,3682.0,473.0,,Zimbabwe,AFR,20286.0,11112.0,5867.0,2579.0,Zimbabwe,AFR,10989.0,200.0,,,457.0,32.0,,,,,,,,,,,,0.740106696393025,0.29317620829683894,,0.018200018200018202,,,,,False,False,False,,,,,,,,,,False,,False
